[2026-09-14 12:42:01,299] ERROR in app: Exception on /api/v1/messages/5a55ce54-bbe9-421d-adab-9528d0ae3ff1 [GET]
Traceback (most recent call last):
  File "/home/qwamjoow/virtualenv/massenger.reservira.ir/3.11/lib64/python3.11/site-packages/sqlalchemy/engine/base.py", line 1967, in _exec_single_context
    self.dialect.do_execute(
  File "/home/qwamjoow/virtualenv/massenger.reservira.ir/3.11/lib64/python3.11/site-packages/sqlalchemy/engine/default.py", line 941, in do_execute
    cursor.execute(statement, parameters)
  File "/home/qwamjoow/virtualenv/massenger.reservira.ir/3.11/lib/python3.11/site-packages/pymysql/cursors.py", line 153, in execute
    result = self._query(query)
             ^^^^^^^^^^^^^^^^^^
  File "/home/qwamjoow/virtualenv/massenger.reservira.ir/3.11/lib/python3.11/site-packages/pymysql/cursors.py", line 322, in _query
    conn.query(q)
  File "/home/qwamjoow/virtualenv/massenger.reservira.ir/3.11/lib/python3.11/site-packages/pymysql/connections.py", line 563, in query
    self._affected_rows = self._read_query_result(unbuffered=unbuffered)
                          ^^^^^^^^^^^^^^^^^^^^^^^^^^^^^^^^^^^^^^^^^^^^^^
  File "/home/qwamjoow/virtualenv/massenger.reservira.ir/3.11/lib/python3.11/site-packages/pymysql/connections.py", line 825, in _read_query_result
    result.read()
  File "/home/qwamjoow/virtualenv/massenger.reservira.ir/3.11/lib/python3.11/site-packages/pymysql/connections.py", line 1199, in read
    first_packet = self.connection._read_packet()
                   ^^^^^^^^^^^^^^^^^^^^^^^^^^^^^^
  File "/home/qwamjoow/virtualenv/massenger.reservira.ir/3.11/lib/python3.11/site-packages/pymysql/connections.py", line 775, in _read_packet
    packet.raise_for_error()
  File "/home/qwamjoow/virtualenv/massenger.reservira.ir/3.11/lib/python3.11/site-packages/pymysql/protocol.py", line 219, in raise_for_error
    err.raise_mysql_exception(self._data)
  File "/home/qwamjoow/virtualenv/massenger.reservira.ir/3.11/lib/python3.11/site-packages/pymysql/err.py", line 150, in raise_mysql_exception
    raise errorclass(errno, errval)
pymysql.err.IntegrityError: (1062, "Duplicate entry 'eaf162dd-b011-4af6-9bff-d15119b7401c-98cf2828-7dcc-403b-8442-d3d' for key 'message_statuses.uq_message_status'")

The above exception was the direct cause of the following exception:

Traceback (most recent call last):
  File "/home/qwamjoow/virtualenv/massenger.reservira.ir/3.11/lib/python3.11/site-packages/flask/app.py", line 1473, in wsgi_app
    response = self.full_dispatch_request()
               ^^^^^^^^^^^^^^^^^^^^^^^^^^^^
  File "/home/qwamjoow/virtualenv/massenger.reservira.ir/3.11/lib/python3.11/site-packages/flask/app.py", line 882, in full_dispatch_request
    rv = self.handle_user_exception(e)
         ^^^^^^^^^^^^^^^^^^^^^^^^^^^^^
  File "/home/qwamjoow/virtualenv/massenger.reservira.ir/3.11/lib/python3.11/site-packages/flask_cors/extension.py", line 178, in wrapped_function
    return cors_after_request(app.make_response(f(*args, **kwargs)))
                                                ^^^^^^^^^^^^^^^^^^
  File "/home/qwamjoow/virtualenv/massenger.reservira.ir/3.11/lib/python3.11/site-packages/flask/app.py", line 880, in full_dispatch_request
    rv = self.dispatch_request()
         ^^^^^^^^^^^^^^^^^^^^^^^
  File "/home/qwamjoow/virtualenv/massenger.reservira.ir/3.11/lib/python3.11/site-packages/flask/app.py", line 865, in dispatch_request
    return self.ensure_sync(self.view_functions[rule.endpoint])(**view_args)  # type: ignore[no-any-return]
           ^^^^^^^^^^^^^^^^^^^^^^^^^^^^^^^^^^^^^^^^^^^^^^^^^^^^^^^^^^^^^^^^^
  File "/home/qwamjoow/virtualenv/massenger.reservira.ir/3.11/lib/python3.11/site-packages/flask_jwt_extended/view_decorators.py", line 170, in decorator
    return current_app.ensure_sync(fn)(*args, **kwargs)
           ^^^^^^^^^^^^^^^^^^^^^^^^^^^^^^^^^^^^^^^^^^^^
  File "/home/qwamjoow/massenger.reservira.ir/app/api/messages.py", line 81, in get_messages
    dispatch_scheduled_messages(chat_id)
  File "/home/qwamjoow/massenger.reservira.ir/app/api/messages.py", line 53, in dispatch_scheduled_messages
    chat = db.session.get(Chat, msg.chat_id)
           ^^^^^^^^^^^^^^^^^^^^^^^^^^^^^^^^^
  File "/home/qwamjoow/virtualenv/massenger.reservira.ir/3.11/lib64/python3.11/site-packages/sqlalchemy/orm/scoping.py", line 1060, in get
    return self._proxied.get(
           ^^^^^^^^^^^^^^^^^^
  File "/home/qwamjoow/virtualenv/massenger.reservira.ir/3.11/lib64/python3.11/site-packages/sqlalchemy/orm/session.py", line 3693, in get
    return self._get_impl(
           ^^^^^^^^^^^^^^^
  File "/home/qwamjoow/virtualenv/massenger.reservira.ir/3.11/lib64/python3.11/site-packages/sqlalchemy/orm/session.py", line 3873, in _get_impl
    return db_load_fn(
           ^^^^^^^^^^^
  File "/home/qwamjoow/virtualenv/massenger.reservira.ir/3.11/lib64/python3.11/site-packages/sqlalchemy/orm/loading.py", line 694, in load_on_pk_identity
    session.execute(
  File "/home/qwamjoow/virtualenv/massenger.reservira.ir/3.11/lib64/python3.11/site-packages/sqlalchemy/orm/session.py", line 2362, in execute
    return self._execute_internal(
           ^^^^^^^^^^^^^^^^^^^^^^^
  File "/home/qwamjoow/virtualenv/massenger.reservira.ir/3.11/lib64/python3.11/site-packages/sqlalchemy/orm/session.py", line 2226, in _execute_internal
    ) = compile_state_cls.orm_pre_session_exec(
        ^^^^^^^^^^^^^^^^^^^^^^^^^^^^^^^^^^^^^^^
  File "/home/qwamjoow/virtualenv/massenger.reservira.ir/3.11/lib64/python3.11/site-packages/sqlalchemy/orm/context.py", line 561, in orm_pre_session_exec
    session._autoflush()
  File "/home/qwamjoow/virtualenv/massenger.reservira.ir/3.11/lib64/python3.11/site-packages/sqlalchemy/orm/session.py", line 3061, in _autoflush
    raise e.with_traceback(sys.exc_info()[2])
  File "/home/qwamjoow/virtualenv/massenger.reservira.ir/3.11/lib64/python3.11/site-packages/sqlalchemy/orm/session.py", line 3050, in _autoflush
    self.flush()
  File "/home/qwamjoow/virtualenv/massenger.reservira.ir/3.11/lib64/python3.11/site-packages/sqlalchemy/orm/session.py", line 4352, in flush
    self._flush(objects)
  File "/home/qwamjoow/virtualenv/massenger.reservira.ir/3.11/lib64/python3.11/site-packages/sqlalchemy/orm/session.py", line 4487, in _flush
    with util.safe_reraise():
  File "/home/qwamjoow/virtualenv/massenger.reservira.ir/3.11/lib64/python3.11/site-packages/sqlalchemy/util/langhelpers.py", line 146, in __exit__
    raise exc_value.with_traceback(exc_tb)
  File "/home/qwamjoow/virtualenv/massenger.reservira.ir/3.11/lib64/python3.11/site-packages/sqlalchemy/orm/session.py", line 4448, in _flush
    flush_context.execute()
  File "/home/qwamjoow/virtualenv/massenger.reservira.ir/3.11/lib64/python3.11/site-packages/sqlalchemy/orm/unitofwork.py", line 466, in execute
    rec.execute(self)
  File "/home/qwamjoow/virtualenv/massenger.reservira.ir/3.11/lib64/python3.11/site-packages/sqlalchemy/orm/unitofwork.py", line 642, in execute
    util.preloaded.orm_persistence.save_obj(
  File "/home/qwamjoow/virtualenv/massenger.reservira.ir/3.11/lib64/python3.11/site-packages/sqlalchemy/orm/persistence.py", line 93, in save_obj
    _emit_insert_statements(
  File "/home/qwamjoow/virtualenv/massenger.reservira.ir/3.11/lib64/python3.11/site-packages/sqlalchemy/orm/persistence.py", line 1233, in _emit_insert_statements
    result = connection.execute(
             ^^^^^^^^^^^^^^^^^^^
  File "/home/qwamjoow/virtualenv/massenger.reservira.ir/3.11/lib64/python3.11/site-packages/sqlalchemy/engine/base.py", line 1418, in execute
    return meth(
           ^^^^^
  File "/home/qwamjoow/virtualenv/massenger.reservira.ir/3.11/lib64/python3.11/site-packages/sqlalchemy/sql/elements.py", line 515, in _execute_on_connection
    return connection._execute_clauseelement(
           ^^^^^^^^^^^^^^^^^^^^^^^^^^^^^^^^^^
  File "/home/qwamjoow/virtualenv/massenger.reservira.ir/3.11/lib64/python3.11/site-packages/sqlalchemy/engine/base.py", line 1640, in _execute_clauseelement
    ret = self._execute_context(
          ^^^^^^^^^^^^^^^^^^^^^^
  File "/home/qwamjoow/virtualenv/massenger.reservira.ir/3.11/lib64/python3.11/site-packages/sqlalchemy/engine/base.py", line 1846, in _execute_context
    return self._exec_single_context(
           ^^^^^^^^^^^^^^^^^^^^^^^^^^
  File "/home/qwamjoow/virtualenv/massenger.reservira.ir/3.11/lib64/python3.11/site-packages/sqlalchemy/engine/base.py", line 1986, in _exec_single_context
    self._handle_dbapi_exception(
  File "/home/qwamjoow/virtualenv/massenger.reservira.ir/3.11/lib64/python3.11/site-packages/sqlalchemy/engine/base.py", line 2355, in _handle_dbapi_exception
    raise sqlalchemy_exception.with_traceback(exc_info[2]) from e
  File "/home/qwamjoow/virtualenv/massenger.reservira.ir/3.11/lib64/python3.11/site-packages/sqlalchemy/engine/base.py", line 1967, in _exec_single_context
    self.dialect.do_execute(
  File "/home/qwamjoow/virtualenv/massenger.reservira.ir/3.11/lib64/python3.11/site-packages/sqlalchemy/engine/default.py", line 941, in do_execute
    cursor.execute(statement, parameters)
  File "/home/qwamjoow/virtualenv/massenger.reservira.ir/3.11/lib/python3.11/site-packages/pymysql/cursors.py", line 153, in execute
    result = self._query(query)
             ^^^^^^^^^^^^^^^^^^
  File "/home/qwamjoow/virtualenv/massenger.reservira.ir/3.11/lib/python3.11/site-packages/pymysql/cursors.py", line 322, in _query
    conn.query(q)
  File "/home/qwamjoow/virtualenv/massenger.reservira.ir/3.11/lib/python3.11/site-packages/pymysql/connections.py", line 563, in query
    self._affected_rows = self._read_query_result(unbuffered=unbuffered)
                          ^^^^^^^^^^^^^^^^^^^^^^^^^^^^^^^^^^^^^^^^^^^^^^
  File "/home/qwamjoow/virtualenv/massenger.reservira.ir/3.11/lib/python3.11/site-packages/pymysql/connections.py", line 825, in _read_query_result
    result.read()
  File "/home/qwamjoow/virtualenv/massenger.reservira.ir/3.11/lib/python3.11/site-packages/pymysql/connections.py", line 1199, in read
    first_packet = self.connection._read_packet()
                   ^^^^^^^^^^^^^^^^^^^^^^^^^^^^^^
  File "/home/qwamjoow/virtualenv/massenger.reservira.ir/3.11/lib/python3.11/site-packages/pymysql/connections.py", line 775, in _read_packet
    packet.raise_for_error()
  File "/home/qwamjoow/virtualenv/massenger.reservira.ir/3.11/lib/python3.11/site-packages/pymysql/protocol.py", line 219, in raise_for_error
    err.raise_mysql_exception(self._data)
  File "/home/qwamjoow/virtualenv/massenger.reservira.ir/3.11/lib/python3.11/site-packages/pymysql/err.py", line 150, in raise_mysql_exception
    raise errorclass(errno, errval)
sqlalchemy.exc.IntegrityError: (raised as a result of Query-invoked autoflush; consider using a session.no_autoflush block if this flush is occurring prematurely)
(pymysql.err.IntegrityError) (1062, "Duplicate entry 'eaf162dd-b011-4af6-9bff-d15119b7401c-98cf2828-7dcc-403b-8442-d3d' for key 'message_statuses.uq_message_status'")
[SQL: INSERT INTO message_statuses (id, message_id, user_id, status, delivered_at, read_at, created_at) VALUES (%(id)s, %(message_id)s, %(user_id)s, %(status)s, %(delivered_at)s, %(read_at)s, %(created_at)s)]
[parameters: {'id': '91eaf390-16f1-4b7a-ab35-ebd15f9a3625', 'message_id': 'eaf162dd-b011-4af6-9bff-d15119b7401c', 'user_id': '98cf2828-7dcc-403b-8442-d3de625bd636', 'status': 'delivered', 'delivered_at': datetime.datetime(2026, 9, 14, 9, 12, 1, 280078), 'read_at': None, 'created_at': datetime.datetime(2026, 9, 14, 9, 12, 1, 286197)}]
(Background on this error at: https://sqlalche.me/e/20/gkpj)
[2026-09-14 12:42:02,851] ERROR in app: Exception on /api/v1/messages/chat/5a55ce54-bbe9-421d-adab-9528d0ae3ff1/scheduled [GET]
Traceback (most recent call last):
  File "/home/qwamjoow/virtualenv/massenger.reservira.ir/3.11/lib64/python3.11/site-packages/sqlalchemy/engine/base.py", line 1967, in _exec_single_context
    self.dialect.do_execute(
  File "/home/qwamjoow/virtualenv/massenger.reservira.ir/3.11/lib64/python3.11/site-packages/sqlalchemy/engine/default.py", line 941, in do_execute
    cursor.execute(statement, parameters)
  File "/home/qwamjoow/virtualenv/massenger.reservira.ir/3.11/lib/python3.11/site-packages/pymysql/cursors.py", line 153, in execute
    result = self._query(query)
             ^^^^^^^^^^^^^^^^^^
  File "/home/qwamjoow/virtualenv/massenger.reservira.ir/3.11/lib/python3.11/site-packages/pymysql/cursors.py", line 322, in _query
    conn.query(q)
  File "/home/qwamjoow/virtualenv/massenger.reservira.ir/3.11/lib/python3.11/site-packages/pymysql/connections.py", line 563, in query
    self._affected_rows = self._read_query_result(unbuffered=unbuffered)
                          ^^^^^^^^^^^^^^^^^^^^^^^^^^^^^^^^^^^^^^^^^^^^^^
  File "/home/qwamjoow/virtualenv/massenger.reservira.ir/3.11/lib/python3.11/site-packages/pymysql/connections.py", line 825, in _read_query_result
    result.read()
  File "/home/qwamjoow/virtualenv/massenger.reservira.ir/3.11/lib/python3.11/site-packages/pymysql/connections.py", line 1199, in read
    first_packet = self.connection._read_packet()
                   ^^^^^^^^^^^^^^^^^^^^^^^^^^^^^^
  File "/home/qwamjoow/virtualenv/massenger.reservira.ir/3.11/lib/python3.11/site-packages/pymysql/connections.py", line 775, in _read_packet
    packet.raise_for_error()
  File "/home/qwamjoow/virtualenv/massenger.reservira.ir/3.11/lib/python3.11/site-packages/pymysql/protocol.py", line 219, in raise_for_error
    err.raise_mysql_exception(self._data)
  File "/home/qwamjoow/virtualenv/massenger.reservira.ir/3.11/lib/python3.11/site-packages/pymysql/err.py", line 150, in raise_mysql_exception
    raise errorclass(errno, errval)
pymysql.err.IntegrityError: (1062, "Duplicate entry 'eaf162dd-b011-4af6-9bff-d15119b7401c-98cf2828-7dcc-403b-8442-d3d' for key 'message_statuses.uq_message_status'")

The above exception was the direct cause of the following exception:

Traceback (most recent call last):
  File "/home/qwamjoow/virtualenv/massenger.reservira.ir/3.11/lib/python3.11/site-packages/flask/app.py", line 1473, in wsgi_app
    response = self.full_dispatch_request()
               ^^^^^^^^^^^^^^^^^^^^^^^^^^^^
  File "/home/qwamjoow/virtualenv/massenger.reservira.ir/3.11/lib/python3.11/site-packages/flask/app.py", line 882, in full_dispatch_request
    rv = self.handle_user_exception(e)
         ^^^^^^^^^^^^^^^^^^^^^^^^^^^^^
  File "/home/qwamjoow/virtualenv/massenger.reservira.ir/3.11/lib/python3.11/site-packages/flask_cors/extension.py", line 178, in wrapped_function
    return cors_after_request(app.make_response(f(*args, **kwargs)))
                                                ^^^^^^^^^^^^^^^^^^
  File "/home/qwamjoow/virtualenv/massenger.reservira.ir/3.11/lib/python3.11/site-packages/flask/app.py", line 880, in full_dispatch_request
    rv = self.dispatch_request()
         ^^^^^^^^^^^^^^^^^^^^^^^
  File "/home/qwamjoow/virtualenv/massenger.reservira.ir/3.11/lib/python3.11/site-packages/flask/app.py", line 865, in dispatch_request
    return self.ensure_sync(self.view_functions[rule.endpoint])(**view_args)  # type: ignore[no-any-return]
           ^^^^^^^^^^^^^^^^^^^^^^^^^^^^^^^^^^^^^^^^^^^^^^^^^^^^^^^^^^^^^^^^^
  File "/home/qwamjoow/virtualenv/massenger.reservira.ir/3.11/lib/python3.11/site-packages/flask_jwt_extended/view_decorators.py", line 170, in decorator
    return current_app.ensure_sync(fn)(*args, **kwargs)
           ^^^^^^^^^^^^^^^^^^^^^^^^^^^^^^^^^^^^^^^^^^^^
  File "/home/qwamjoow/massenger.reservira.ir/app/api/messages.py", line 955, in get_scheduled_messages
    dispatch_scheduled_messages(chat_id)
  File "/home/qwamjoow/massenger.reservira.ir/app/api/messages.py", line 53, in dispatch_scheduled_messages
    chat = db.session.get(Chat, msg.chat_id)
           ^^^^^^^^^^^^^^^^^^^^^^^^^^^^^^^^^
  File "/home/qwamjoow/virtualenv/massenger.reservira.ir/3.11/lib64/python3.11/site-packages/sqlalchemy/orm/scoping.py", line 1060, in get
    return self._proxied.get(
           ^^^^^^^^^^^^^^^^^^
  File "/home/qwamjoow/virtualenv/massenger.reservira.ir/3.11/lib64/python3.11/site-packages/sqlalchemy/orm/session.py", line 3693, in get
    return self._get_impl(
           ^^^^^^^^^^^^^^^
  File "/home/qwamjoow/virtualenv/massenger.reservira.ir/3.11/lib64/python3.11/site-packages/sqlalchemy/orm/session.py", line 3873, in _get_impl
    return db_load_fn(
           ^^^^^^^^^^^
  File "/home/qwamjoow/virtualenv/massenger.reservira.ir/3.11/lib64/python3.11/site-packages/sqlalchemy/orm/loading.py", line 694, in load_on_pk_identity
    session.execute(
  File "/home/qwamjoow/virtualenv/massenger.reservira.ir/3.11/lib64/python3.11/site-packages/sqlalchemy/orm/session.py", line 2362, in execute
    return self._execute_internal(
           ^^^^^^^^^^^^^^^^^^^^^^^
  File "/home/qwamjoow/virtualenv/massenger.reservira.ir/3.11/lib64/python3.11/site-packages/sqlalchemy/orm/session.py", line 2226, in _execute_internal
    ) = compile_state_cls.orm_pre_session_exec(
        ^^^^^^^^^^^^^^^^^^^^^^^^^^^^^^^^^^^^^^^
  File "/home/qwamjoow/virtualenv/massenger.reservira.ir/3.11/lib64/python3.11/site-packages/sqlalchemy/orm/context.py", line 561, in orm_pre_session_exec
    session._autoflush()
  File "/home/qwamjoow/virtualenv/massenger.reservira.ir/3.11/lib64/python3.11/site-packages/sqlalchemy/orm/session.py", line 3061, in _autoflush
    raise e.with_traceback(sys.exc_info()[2])
  File "/home/qwamjoow/virtualenv/massenger.reservira.ir/3.11/lib64/python3.11/site-packages/sqlalchemy/orm/session.py", line 3050, in _autoflush
    self.flush()
  File "/home/qwamjoow/virtualenv/massenger.reservira.ir/3.11/lib64/python3.11/site-packages/sqlalchemy/orm/session.py", line 4352, in flush
    self._flush(objects)
  File "/home/qwamjoow/virtualenv/massenger.reservira.ir/3.11/lib64/python3.11/site-packages/sqlalchemy/orm/session.py", line 4487, in _flush
    with util.safe_reraise():
  File "/home/qwamjoow/virtualenv/massenger.reservira.ir/3.11/lib64/python3.11/site-packages/sqlalchemy/util/langhelpers.py", line 146, in __exit__
    raise exc_value.with_traceback(exc_tb)
  File "/home/qwamjoow/virtualenv/massenger.reservira.ir/3.11/lib64/python3.11/site-packages/sqlalchemy/orm/session.py", line 4448, in _flush
    flush_context.execute()
  File "/home/qwamjoow/virtualenv/massenger.reservira.ir/3.11/lib64/python3.11/site-packages/sqlalchemy/orm/unitofwork.py", line 466, in execute
    rec.execute(self)
  File "/home/qwamjoow/virtualenv/massenger.reservira.ir/3.11/lib64/python3.11/site-packages/sqlalchemy/orm/unitofwork.py", line 642, in execute
    util.preloaded.orm_persistence.save_obj(
  File "/home/qwamjoow/virtualenv/massenger.reservira.ir/3.11/lib64/python3.11/site-packages/sqlalchemy/orm/persistence.py", line 93, in save_obj
    _emit_insert_statements(
  File "/home/qwamjoow/virtualenv/massenger.reservira.ir/3.11/lib64/python3.11/site-packages/sqlalchemy/orm/persistence.py", line 1233, in _emit_insert_statements
    result = connection.execute(
             ^^^^^^^^^^^^^^^^^^^
  File "/home/qwamjoow/virtualenv/massenger.reservira.ir/3.11/lib64/python3.11/site-packages/sqlalchemy/engine/base.py", line 1418, in execute
    return meth(
           ^^^^^
  File "/home/qwamjoow/virtualenv/massenger.reservira.ir/3.11/lib64/python3.11/site-packages/sqlalchemy/sql/elements.py", line 515, in _execute_on_connection
    return connection._execute_clauseelement(
           ^^^^^^^^^^^^^^^^^^^^^^^^^^^^^^^^^^
  File "/home/qwamjoow/virtualenv/massenger.reservira.ir/3.11/lib64/python3.11/site-packages/sqlalchemy/engine/base.py", line 1640, in _execute_clauseelement
    ret = self._execute_context(
          ^^^^^^^^^^^^^^^^^^^^^^
  File "/home/qwamjoow/virtualenv/massenger.reservira.ir/3.11/lib64/python3.11/site-packages/sqlalchemy/engine/base.py", line 1846, in _execute_context
    return self._exec_single_context(
           ^^^^^^^^^^^^^^^^^^^^^^^^^^
  File "/home/qwamjoow/virtualenv/massenger.reservira.ir/3.11/lib64/python3.11/site-packages/sqlalchemy/engine/base.py", line 1986, in _exec_single_context
    self._handle_dbapi_exception(
  File "/home/qwamjoow/virtualenv/massenger.reservira.ir/3.11/lib64/python3.11/site-packages/sqlalchemy/engine/base.py", line 2355, in _handle_dbapi_exception
    raise sqlalchemy_exception.with_traceback(exc_info[2]) from e
  File "/home/qwamjoow/virtualenv/massenger.reservira.ir/3.11/lib64/python3.11/site-packages/sqlalchemy/engine/base.py", line 1967, in _exec_single_context
    self.dialect.do_execute(
  File "/home/qwamjoow/virtualenv/massenger.reservira.ir/3.11/lib64/python3.11/site-packages/sqlalchemy/engine/default.py", line 941, in do_execute
    cursor.execute(statement, parameters)
  File "/home/qwamjoow/virtualenv/massenger.reservira.ir/3.11/lib/python3.11/site-packages/pymysql/cursors.py", line 153, in execute
    result = self._query(query)
             ^^^^^^^^^^^^^^^^^^
  File "/home/qwamjoow/virtualenv/massenger.reservira.ir/3.11/lib/python3.11/site-packages/pymysql/cursors.py", line 322, in _query
    conn.query(q)
  File "/home/qwamjoow/virtualenv/massenger.reservira.ir/3.11/lib/python3.11/site-packages/pymysql/connections.py", line 563, in query
    self._affected_rows = self._read_query_result(unbuffered=unbuffered)
                          ^^^^^^^^^^^^^^^^^^^^^^^^^^^^^^^^^^^^^^^^^^^^^^
  File "/home/qwamjoow/virtualenv/massenger.reservira.ir/3.11/lib/python3.11/site-packages/pymysql/connections.py", line 825, in _read_query_result
    result.read()
  File "/home/qwamjoow/virtualenv/massenger.reservira.ir/3.11/lib/python3.11/site-packages/pymysql/connections.py", line 1199, in read
    first_packet = self.connection._read_packet()
                   ^^^^^^^^^^^^^^^^^^^^^^^^^^^^^^
  File "/home/qwamjoow/virtualenv/massenger.reservira.ir/3.11/lib/python3.11/site-packages/pymysql/connections.py", line 775, in _read_packet
    packet.raise_for_error()
  File "/home/qwamjoow/virtualenv/massenger.reservira.ir/3.11/lib/python3.11/site-packages/pymysql/protocol.py", line 219, in raise_for_error
    err.raise_mysql_exception(self._data)
  File "/home/qwamjoow/virtualenv/massenger.reservira.ir/3.11/lib/python3.11/site-packages/pymysql/err.py", line 150, in raise_mysql_exception
    raise errorclass(errno, errval)
sqlalchemy.exc.IntegrityError: (raised as a result of Query-invoked autoflush; consider using a session.no_autoflush block if this flush is occurring prematurely)
(pymysql.err.IntegrityError) (1062, "Duplicate entry 'eaf162dd-b011-4af6-9bff-d15119b7401c-98cf2828-7dcc-403b-8442-d3d' for key 'message_statuses.uq_message_status'")
[SQL: INSERT INTO message_statuses (id, message_id, user_id, status, delivered_at, read_at, created_at) VALUES (%(id)s, %(message_id)s, %(user_id)s, %(status)s, %(delivered_at)s, %(read_at)s, %(created_at)s)]
[parameters: {'id': '34e7cfea-beb4-4d5b-8a1d-8d8353734a08', 'message_id': 'eaf162dd-b011-4af6-9bff-d15119b7401c', 'user_id': '98cf2828-7dcc-403b-8442-d3de625bd636', 'status': 'delivered', 'delivered_at': datetime.datetime(2026, 9, 14, 9, 12, 2, 821939), 'read_at': None, 'created_at': datetime.datetime(2026, 9, 14, 9, 12, 2, 830563)}]
(Background on this error at: https://sqlalche.me/e/20/gkpj)
[2026-09-14 12:42:04,948] ERROR in app: Exception on /api/v1/messages/5a55ce54-bbe9-421d-adab-9528d0ae3ff1 [GET]
Traceback (most recent call last):
  File "/home/qwamjoow/virtualenv/massenger.reservira.ir/3.11/lib64/python3.11/site-packages/sqlalchemy/engine/base.py", line 1967, in _exec_single_context
    self.dialect.do_execute(
  File "/home/qwamjoow/virtualenv/massenger.reservira.ir/3.11/lib64/python3.11/site-packages/sqlalchemy/engine/default.py", line 941, in do_execute
    cursor.execute(statement, parameters)
  File "/home/qwamjoow/virtualenv/massenger.reservira.ir/3.11/lib/python3.11/site-packages/pymysql/cursors.py", line 153, in execute
    result = self._query(query)
             ^^^^^^^^^^^^^^^^^^
  File "/home/qwamjoow/virtualenv/massenger.reservira.ir/3.11/lib/python3.11/site-packages/pymysql/cursors.py", line 322, in _query
    conn.query(q)
  File "/home/qwamjoow/virtualenv/massenger.reservira.ir/3.11/lib/python3.11/site-packages/pymysql/connections.py", line 563, in query
    self._affected_rows = self._read_query_result(unbuffered=unbuffered)
                          ^^^^^^^^^^^^^^^^^^^^^^^^^^^^^^^^^^^^^^^^^^^^^^
  File "/home/qwamjoow/virtualenv/massenger.reservira.ir/3.11/lib/python3.11/site-packages/pymysql/connections.py", line 825, in _read_query_result
    result.read()
  File "/home/qwamjoow/virtualenv/massenger.reservira.ir/3.11/lib/python3.11/site-packages/pymysql/connections.py", line 1199, in read
    first_packet = self.connection._read_packet()
                   ^^^^^^^^^^^^^^^^^^^^^^^^^^^^^^
  File "/home/qwamjoow/virtualenv/massenger.reservira.ir/3.11/lib/python3.11/site-packages/pymysql/connections.py", line 775, in _read_packet
    packet.raise_for_error()
  File "/home/qwamjoow/virtualenv/massenger.reservira.ir/3.11/lib/python3.11/site-packages/pymysql/protocol.py", line 219, in raise_for_error
    err.raise_mysql_exception(self._data)
  File "/home/qwamjoow/virtualenv/massenger.reservira.ir/3.11/lib/python3.11/site-packages/pymysql/err.py", line 150, in raise_mysql_exception
    raise errorclass(errno, errval)
pymysql.err.IntegrityError: (1062, "Duplicate entry 'eaf162dd-b011-4af6-9bff-d15119b7401c-98cf2828-7dcc-403b-8442-d3d' for key 'message_statuses.uq_message_status'")

The above exception was the direct cause of the following exception:

Traceback (most recent call last):
  File "/home/qwamjoow/virtualenv/massenger.reservira.ir/3.11/lib/python3.11/site-packages/flask/app.py", line 1473, in wsgi_app
    response = self.full_dispatch_request()
               ^^^^^^^^^^^^^^^^^^^^^^^^^^^^
  File "/home/qwamjoow/virtualenv/massenger.reservira.ir/3.11/lib/python3.11/site-packages/flask/app.py", line 882, in full_dispatch_request
    rv = self.handle_user_exception(e)
         ^^^^^^^^^^^^^^^^^^^^^^^^^^^^^
  File "/home/qwamjoow/virtualenv/massenger.reservira.ir/3.11/lib/python3.11/site-packages/flask_cors/extension.py", line 178, in wrapped_function
    return cors_after_request(app.make_response(f(*args, **kwargs)))
                                                ^^^^^^^^^^^^^^^^^^
  File "/home/qwamjoow/virtualenv/massenger.reservira.ir/3.11/lib/python3.11/site-packages/flask/app.py", line 880, in full_dispatch_request
    rv = self.dispatch_request()
         ^^^^^^^^^^^^^^^^^^^^^^^
  File "/home/qwamjoow/virtualenv/massenger.reservira.ir/3.11/lib/python3.11/site-packages/flask/app.py", line 865, in dispatch_request
    return self.ensure_sync(self.view_functions[rule.endpoint])(**view_args)  # type: ignore[no-any-return]
           ^^^^^^^^^^^^^^^^^^^^^^^^^^^^^^^^^^^^^^^^^^^^^^^^^^^^^^^^^^^^^^^^^
  File "/home/qwamjoow/virtualenv/massenger.reservira.ir/3.11/lib/python3.11/site-packages/flask_jwt_extended/view_decorators.py", line 170, in decorator
    return current_app.ensure_sync(fn)(*args, **kwargs)
           ^^^^^^^^^^^^^^^^^^^^^^^^^^^^^^^^^^^^^^^^^^^^
  File "/home/qwamjoow/massenger.reservira.ir/app/api/messages.py", line 81, in get_messages
    dispatch_scheduled_messages(chat_id)
  File "/home/qwamjoow/massenger.reservira.ir/app/api/messages.py", line 53, in dispatch_scheduled_messages
    chat = db.session.get(Chat, msg.chat_id)
           ^^^^^^^^^^^^^^^^^^^^^^^^^^^^^^^^^
  File "/home/qwamjoow/virtualenv/massenger.reservira.ir/3.11/lib64/python3.11/site-packages/sqlalchemy/orm/scoping.py", line 1060, in get
    return self._proxied.get(
           ^^^^^^^^^^^^^^^^^^
  File "/home/qwamjoow/virtualenv/massenger.reservira.ir/3.11/lib64/python3.11/site-packages/sqlalchemy/orm/session.py", line 3693, in get
    return self._get_impl(
           ^^^^^^^^^^^^^^^
  File "/home/qwamjoow/virtualenv/massenger.reservira.ir/3.11/lib64/python3.11/site-packages/sqlalchemy/orm/session.py", line 3873, in _get_impl
    return db_load_fn(
           ^^^^^^^^^^^
  File "/home/qwamjoow/virtualenv/massenger.reservira.ir/3.11/lib64/python3.11/site-packages/sqlalchemy/orm/loading.py", line 694, in load_on_pk_identity
    session.execute(
  File "/home/qwamjoow/virtualenv/massenger.reservira.ir/3.11/lib64/python3.11/site-packages/sqlalchemy/orm/session.py", line 2362, in execute
    return self._execute_internal(
           ^^^^^^^^^^^^^^^^^^^^^^^
  File "/home/qwamjoow/virtualenv/massenger.reservira.ir/3.11/lib64/python3.11/site-packages/sqlalchemy/orm/session.py", line 2226, in _execute_internal
    ) = compile_state_cls.orm_pre_session_exec(
        ^^^^^^^^^^^^^^^^^^^^^^^^^^^^^^^^^^^^^^^
  File "/home/qwamjoow/virtualenv/massenger.reservira.ir/3.11/lib64/python3.11/site-packages/sqlalchemy/orm/context.py", line 561, in orm_pre_session_exec
    session._autoflush()
  File "/home/qwamjoow/virtualenv/massenger.reservira.ir/3.11/lib64/python3.11/site-packages/sqlalchemy/orm/session.py", line 3061, in _autoflush
    raise e.with_traceback(sys.exc_info()[2])
  File "/home/qwamjoow/virtualenv/massenger.reservira.ir/3.11/lib64/python3.11/site-packages/sqlalchemy/orm/session.py", line 3050, in _autoflush
    self.flush()
  File "/home/qwamjoow/virtualenv/massenger.reservira.ir/3.11/lib64/python3.11/site-packages/sqlalchemy/orm/session.py", line 4352, in flush
    self._flush(objects)
  File "/home/qwamjoow/virtualenv/massenger.reservira.ir/3.11/lib64/python3.11/site-packages/sqlalchemy/orm/session.py", line 4487, in _flush
    with util.safe_reraise():
  File "/home/qwamjoow/virtualenv/massenger.reservira.ir/3.11/lib64/python3.11/site-packages/sqlalchemy/util/langhelpers.py", line 146, in __exit__
    raise exc_value.with_traceback(exc_tb)
  File "/home/qwamjoow/virtualenv/massenger.reservira.ir/3.11/lib64/python3.11/site-packages/sqlalchemy/orm/session.py", line 4448, in _flush
    flush_context.execute()
  File "/home/qwamjoow/virtualenv/massenger.reservira.ir/3.11/lib64/python3.11/site-packages/sqlalchemy/orm/unitofwork.py", line 466, in execute
    rec.execute(self)
  File "/home/qwamjoow/virtualenv/massenger.reservira.ir/3.11/lib64/python3.11/site-packages/sqlalchemy/orm/unitofwork.py", line 642, in execute
    util.preloaded.orm_persistence.save_obj(
  File "/home/qwamjoow/virtualenv/massenger.reservira.ir/3.11/lib64/python3.11/site-packages/sqlalchemy/orm/persistence.py", line 93, in save_obj
    _emit_insert_statements(
  File "/home/qwamjoow/virtualenv/massenger.reservira.ir/3.11/lib64/python3.11/site-packages/sqlalchemy/orm/persistence.py", line 1233, in _emit_insert_statements
    result = connection.execute(
             ^^^^^^^^^^^^^^^^^^^
  File "/home/qwamjoow/virtualenv/massenger.reservira.ir/3.11/lib64/python3.11/site-packages/sqlalchemy/engine/base.py", line 1418, in execute
    return meth(
           ^^^^^
  File "/home/qwamjoow/virtualenv/massenger.reservira.ir/3.11/lib64/python3.11/site-packages/sqlalchemy/sql/elements.py", line 515, in _execute_on_connection
    return connection._execute_clauseelement(
           ^^^^^^^^^^^^^^^^^^^^^^^^^^^^^^^^^^
  File "/home/qwamjoow/virtualenv/massenger.reservira.ir/3.11/lib64/python3.11/site-packages/sqlalchemy/engine/base.py", line 1640, in _execute_clauseelement
    ret = self._execute_context(
          ^^^^^^^^^^^^^^^^^^^^^^
  File "/home/qwamjoow/virtualenv/massenger.reservira.ir/3.11/lib64/python3.11/site-packages/sqlalchemy/engine/base.py", line 1846, in _execute_context
    return self._exec_single_context(
           ^^^^^^^^^^^^^^^^^^^^^^^^^^
  File "/home/qwamjoow/virtualenv/massenger.reservira.ir/3.11/lib64/python3.11/site-packages/sqlalchemy/engine/base.py", line 1986, in _exec_single_context
    self._handle_dbapi_exception(
  File "/home/qwamjoow/virtualenv/massenger.reservira.ir/3.11/lib64/python3.11/site-packages/sqlalchemy/engine/base.py", line 2355, in _handle_dbapi_exception
    raise sqlalchemy_exception.with_traceback(exc_info[2]) from e
  File "/home/qwamjoow/virtualenv/massenger.reservira.ir/3.11/lib64/python3.11/site-packages/sqlalchemy/engine/base.py", line 1967, in _exec_single_context
    self.dialect.do_execute(
  File "/home/qwamjoow/virtualenv/massenger.reservira.ir/3.11/lib64/python3.11/site-packages/sqlalchemy/engine/default.py", line 941, in do_execute
    cursor.execute(statement, parameters)
  File "/home/qwamjoow/virtualenv/massenger.reservira.ir/3.11/lib/python3.11/site-packages/pymysql/cursors.py", line 153, in execute
    result = self._query(query)
             ^^^^^^^^^^^^^^^^^^
  File "/home/qwamjoow/virtualenv/massenger.reservira.ir/3.11/lib/python3.11/site-packages/pymysql/cursors.py", line 322, in _query
    conn.query(q)
  File "/home/qwamjoow/virtualenv/massenger.reservira.ir/3.11/lib/python3.11/site-packages/pymysql/connections.py", line 563, in query
    self._affected_rows = self._read_query_result(unbuffered=unbuffered)
                          ^^^^^^^^^^^^^^^^^^^^^^^^^^^^^^^^^^^^^^^^^^^^^^
  File "/home/qwamjoow/virtualenv/massenger.reservira.ir/3.11/lib/python3.11/site-packages/pymysql/connections.py", line 825, in _read_query_result
    result.read()
  File "/home/qwamjoow/virtualenv/massenger.reservira.ir/3.11/lib/python3.11/site-packages/pymysql/connections.py", line 1199, in read
    first_packet = self.connection._read_packet()
                   ^^^^^^^^^^^^^^^^^^^^^^^^^^^^^^
  File "/home/qwamjoow/virtualenv/massenger.reservira.ir/3.11/lib/python3.11/site-packages/pymysql/connections.py", line 775, in _read_packet
    packet.raise_for_error()
  File "/home/qwamjoow/virtualenv/massenger.reservira.ir/3.11/lib/python3.11/site-packages/pymysql/protocol.py", line 219, in raise_for_error
    err.raise_mysql_exception(self._data)
  File "/home/qwamjoow/virtualenv/massenger.reservira.ir/3.11/lib/python3.11/site-packages/pymysql/err.py", line 150, in raise_mysql_exception
    raise errorclass(errno, errval)
sqlalchemy.exc.IntegrityError: (raised as a result of Query-invoked autoflush; consider using a session.no_autoflush block if this flush is occurring prematurely)
(pymysql.err.IntegrityError) (1062, "Duplicate entry 'eaf162dd-b011-4af6-9bff-d15119b7401c-98cf2828-7dcc-403b-8442-d3d' for key 'message_statuses.uq_message_status'")
[SQL: INSERT INTO message_statuses (id, message_id, user_id, status, delivered_at, read_at, created_at) VALUES (%(id)s, %(message_id)s, %(user_id)s, %(status)s, %(delivered_at)s, %(read_at)s, %(created_at)s)]
[parameters: {'id': '90108f3e-21fb-4f6d-8971-212c8f9b6187', 'message_id': 'eaf162dd-b011-4af6-9bff-d15119b7401c', 'user_id': '98cf2828-7dcc-403b-8442-d3de625bd636', 'status': 'delivered', 'delivered_at': datetime.datetime(2026, 9, 14, 9, 12, 4, 912663), 'read_at': None, 'created_at': datetime.datetime(2026, 9, 14, 9, 12, 4, 920402)}]
(Background on this error at: https://sqlalche.me/e/20/gkpj)
[2026-09-14 12:42:07,461] ERROR in app: Exception on /api/v1/messages/5a55ce54-bbe9-421d-adab-9528d0ae3ff1 [GET]
Traceback (most recent call last):
  File "/home/qwamjoow/virtualenv/massenger.reservira.ir/3.11/lib64/python3.11/site-packages/sqlalchemy/engine/base.py", line 1967, in _exec_single_context
    self.dialect.do_execute(
  File "/home/qwamjoow/virtualenv/massenger.reservira.ir/3.11/lib64/python3.11/site-packages/sqlalchemy/engine/default.py", line 941, in do_execute
    cursor.execute(statement, parameters)
  File "/home/qwamjoow/virtualenv/massenger.reservira.ir/3.11/lib/python3.11/site-packages/pymysql/cursors.py", line 153, in execute
    result = self._query(query)
             ^^^^^^^^^^^^^^^^^^
  File "/home/qwamjoow/virtualenv/massenger.reservira.ir/3.11/lib/python3.11/site-packages/pymysql/cursors.py", line 322, in _query
    conn.query(q)
  File "/home/qwamjoow/virtualenv/massenger.reservira.ir/3.11/lib/python3.11/site-packages/pymysql/connections.py", line 563, in query
    self._affected_rows = self._read_query_result(unbuffered=unbuffered)
                          ^^^^^^^^^^^^^^^^^^^^^^^^^^^^^^^^^^^^^^^^^^^^^^
  File "/home/qwamjoow/virtualenv/massenger.reservira.ir/3.11/lib/python3.11/site-packages/pymysql/connections.py", line 825, in _read_query_result
    result.read()
  File "/home/qwamjoow/virtualenv/massenger.reservira.ir/3.11/lib/python3.11/site-packages/pymysql/connections.py", line 1199, in read
    first_packet = self.connection._read_packet()
                   ^^^^^^^^^^^^^^^^^^^^^^^^^^^^^^
  File "/home/qwamjoow/virtualenv/massenger.reservira.ir/3.11/lib/python3.11/site-packages/pymysql/connections.py", line 775, in _read_packet
    packet.raise_for_error()
  File "/home/qwamjoow/virtualenv/massenger.reservira.ir/3.11/lib/python3.11/site-packages/pymysql/protocol.py", line 219, in raise_for_error
    err.raise_mysql_exception(self._data)
  File "/home/qwamjoow/virtualenv/massenger.reservira.ir/3.11/lib/python3.11/site-packages/pymysql/err.py", line 150, in raise_mysql_exception
    raise errorclass(errno, errval)
pymysql.err.IntegrityError: (1062, "Duplicate entry 'eaf162dd-b011-4af6-9bff-d15119b7401c-98cf2828-7dcc-403b-8442-d3d' for key 'message_statuses.uq_message_status'")

The above exception was the direct cause of the following exception:

Traceback (most recent call last):
  File "/home/qwamjoow/virtualenv/massenger.reservira.ir/3.11/lib/python3.11/site-packages/flask/app.py", line 1473, in wsgi_app
    response = self.full_dispatch_request()
               ^^^^^^^^^^^^^^^^^^^^^^^^^^^^
  File "/home/qwamjoow/virtualenv/massenger.reservira.ir/3.11/lib/python3.11/site-packages/flask/app.py", line 882, in full_dispatch_request
    rv = self.handle_user_exception(e)
         ^^^^^^^^^^^^^^^^^^^^^^^^^^^^^
  File "/home/qwamjoow/virtualenv/massenger.reservira.ir/3.11/lib/python3.11/site-packages/flask_cors/extension.py", line 178, in wrapped_function
    return cors_after_request(app.make_response(f(*args, **kwargs)))
                                                ^^^^^^^^^^^^^^^^^^
  File "/home/qwamjoow/virtualenv/massenger.reservira.ir/3.11/lib/python3.11/site-packages/flask/app.py", line 880, in full_dispatch_request
    rv = self.dispatch_request()
         ^^^^^^^^^^^^^^^^^^^^^^^
  File "/home/qwamjoow/virtualenv/massenger.reservira.ir/3.11/lib/python3.11/site-packages/flask/app.py", line 865, in dispatch_request
    return self.ensure_sync(self.view_functions[rule.endpoint])(**view_args)  # type: ignore[no-any-return]
           ^^^^^^^^^^^^^^^^^^^^^^^^^^^^^^^^^^^^^^^^^^^^^^^^^^^^^^^^^^^^^^^^^
  File "/home/qwamjoow/virtualenv/massenger.reservira.ir/3.11/lib/python3.11/site-packages/flask_jwt_extended/view_decorators.py", line 170, in decorator
    return current_app.ensure_sync(fn)(*args, **kwargs)
           ^^^^^^^^^^^^^^^^^^^^^^^^^^^^^^^^^^^^^^^^^^^^
  File "/home/qwamjoow/massenger.reservira.ir/app/api/messages.py", line 81, in get_messages
    dispatch_scheduled_messages(chat_id)
  File "/home/qwamjoow/massenger.reservira.ir/app/api/messages.py", line 53, in dispatch_scheduled_messages
    chat = db.session.get(Chat, msg.chat_id)
           ^^^^^^^^^^^^^^^^^^^^^^^^^^^^^^^^^
  File "/home/qwamjoow/virtualenv/massenger.reservira.ir/3.11/lib64/python3.11/site-packages/sqlalchemy/orm/scoping.py", line 1060, in get
    return self._proxied.get(
           ^^^^^^^^^^^^^^^^^^
  File "/home/qwamjoow/virtualenv/massenger.reservira.ir/3.11/lib64/python3.11/site-packages/sqlalchemy/orm/session.py", line 3693, in get
    return self._get_impl(
           ^^^^^^^^^^^^^^^
  File "/home/qwamjoow/virtualenv/massenger.reservira.ir/3.11/lib64/python3.11/site-packages/sqlalchemy/orm/session.py", line 3873, in _get_impl
    return db_load_fn(
           ^^^^^^^^^^^
  File "/home/qwamjoow/virtualenv/massenger.reservira.ir/3.11/lib64/python3.11/site-packages/sqlalchemy/orm/loading.py", line 694, in load_on_pk_identity
    session.execute(
  File "/home/qwamjoow/virtualenv/massenger.reservira.ir/3.11/lib64/python3.11/site-packages/sqlalchemy/orm/session.py", line 2362, in execute
    return self._execute_internal(
           ^^^^^^^^^^^^^^^^^^^^^^^
  File "/home/qwamjoow/virtualenv/massenger.reservira.ir/3.11/lib64/python3.11/site-packages/sqlalchemy/orm/session.py", line 2226, in _execute_internal
    ) = compile_state_cls.orm_pre_session_exec(
        ^^^^^^^^^^^^^^^^^^^^^^^^^^^^^^^^^^^^^^^
  File "/home/qwamjoow/virtualenv/massenger.reservira.ir/3.11/lib64/python3.11/site-packages/sqlalchemy/orm/context.py", line 561, in orm_pre_session_exec
    session._autoflush()
  File "/home/qwamjoow/virtualenv/massenger.reservira.ir/3.11/lib64/python3.11/site-packages/sqlalchemy/orm/session.py", line 3061, in _autoflush
    raise e.with_traceback(sys.exc_info()[2])
  File "/home/qwamjoow/virtualenv/massenger.reservira.ir/3.11/lib64/python3.11/site-packages/sqlalchemy/orm/session.py", line 3050, in _autoflush
    self.flush()
  File "/home/qwamjoow/virtualenv/massenger.reservira.ir/3.11/lib64/python3.11/site-packages/sqlalchemy/orm/session.py", line 4352, in flush
    self._flush(objects)
  File "/home/qwamjoow/virtualenv/massenger.reservira.ir/3.11/lib64/python3.11/site-packages/sqlalchemy/orm/session.py", line 4487, in _flush
    with util.safe_reraise():
  File "/home/qwamjoow/virtualenv/massenger.reservira.ir/3.11/lib64/python3.11/site-packages/sqlalchemy/util/langhelpers.py", line 146, in __exit__
    raise exc_value.with_traceback(exc_tb)
  File "/home/qwamjoow/virtualenv/massenger.reservira.ir/3.11/lib64/python3.11/site-packages/sqlalchemy/orm/session.py", line 4448, in _flush
    flush_context.execute()
  File "/home/qwamjoow/virtualenv/massenger.reservira.ir/3.11/lib64/python3.11/site-packages/sqlalchemy/orm/unitofwork.py", line 466, in execute
    rec.execute(self)
  File "/home/qwamjoow/virtualenv/massenger.reservira.ir/3.11/lib64/python3.11/site-packages/sqlalchemy/orm/unitofwork.py", line 642, in execute
    util.preloaded.orm_persistence.save_obj(
  File "/home/qwamjoow/virtualenv/massenger.reservira.ir/3.11/lib64/python3.11/site-packages/sqlalchemy/orm/persistence.py", line 93, in save_obj
    _emit_insert_statements(
  File "/home/qwamjoow/virtualenv/massenger.reservira.ir/3.11/lib64/python3.11/site-packages/sqlalchemy/orm/persistence.py", line 1233, in _emit_insert_statements
    result = connection.execute(
             ^^^^^^^^^^^^^^^^^^^
  File "/home/qwamjoow/virtualenv/massenger.reservira.ir/3.11/lib64/python3.11/site-packages/sqlalchemy/engine/base.py", line 1418, in execute
    return meth(
           ^^^^^
  File "/home/qwamjoow/virtualenv/massenger.reservira.ir/3.11/lib64/python3.11/site-packages/sqlalchemy/sql/elements.py", line 515, in _execute_on_connection
    return connection._execute_clauseelement(
           ^^^^^^^^^^^^^^^^^^^^^^^^^^^^^^^^^^
  File "/home/qwamjoow/virtualenv/massenger.reservira.ir/3.11/lib64/python3.11/site-packages/sqlalchemy/engine/base.py", line 1640, in _execute_clauseelement
    ret = self._execute_context(
          ^^^^^^^^^^^^^^^^^^^^^^
  File "/home/qwamjoow/virtualenv/massenger.reservira.ir/3.11/lib64/python3.11/site-packages/sqlalchemy/engine/base.py", line 1846, in _execute_context
    return self._exec_single_context(
           ^^^^^^^^^^^^^^^^^^^^^^^^^^
  File "/home/qwamjoow/virtualenv/massenger.reservira.ir/3.11/lib64/python3.11/site-packages/sqlalchemy/engine/base.py", line 1986, in _exec_single_context
    self._handle_dbapi_exception(
  File "/home/qwamjoow/virtualenv/massenger.reservira.ir/3.11/lib64/python3.11/site-packages/sqlalchemy/engine/base.py", line 2355, in _handle_dbapi_exception
    raise sqlalchemy_exception.with_traceback(exc_info[2]) from e
  File "/home/qwamjoow/virtualenv/massenger.reservira.ir/3.11/lib64/python3.11/site-packages/sqlalchemy/engine/base.py", line 1967, in _exec_single_context
    self.dialect.do_execute(
  File "/home/qwamjoow/virtualenv/massenger.reservira.ir/3.11/lib64/python3.11/site-packages/sqlalchemy/engine/default.py", line 941, in do_execute
    cursor.execute(statement, parameters)
  File "/home/qwamjoow/virtualenv/massenger.reservira.ir/3.11/lib/python3.11/site-packages/pymysql/cursors.py", line 153, in execute
    result = self._query(query)
             ^^^^^^^^^^^^^^^^^^
  File "/home/qwamjoow/virtualenv/massenger.reservira.ir/3.11/lib/python3.11/site-packages/pymysql/cursors.py", line 322, in _query
    conn.query(q)
  File "/home/qwamjoow/virtualenv/massenger.reservira.ir/3.11/lib/python3.11/site-packages/pymysql/connections.py", line 563, in query
    self._affected_rows = self._read_query_result(unbuffered=unbuffered)
                          ^^^^^^^^^^^^^^^^^^^^^^^^^^^^^^^^^^^^^^^^^^^^^^
  File "/home/qwamjoow/virtualenv/massenger.reservira.ir/3.11/lib/python3.11/site-packages/pymysql/connections.py", line 825, in _read_query_result
    result.read()
  File "/home/qwamjoow/virtualenv/massenger.reservira.ir/3.11/lib/python3.11/site-packages/pymysql/connections.py", line 1199, in read
    first_packet = self.connection._read_packet()
                   ^^^^^^^^^^^^^^^^^^^^^^^^^^^^^^
  File "/home/qwamjoow/virtualenv/massenger.reservira.ir/3.11/lib/python3.11/site-packages/pymysql/connections.py", line 775, in _read_packet
    packet.raise_for_error()
  File "/home/qwamjoow/virtualenv/massenger.reservira.ir/3.11/lib/python3.11/site-packages/pymysql/protocol.py", line 219, in raise_for_error
    err.raise_mysql_exception(self._data)
  File "/home/qwamjoow/virtualenv/massenger.reservira.ir/3.11/lib/python3.11/site-packages/pymysql/err.py", line 150, in raise_mysql_exception
    raise errorclass(errno, errval)
sqlalchemy.exc.IntegrityError: (raised as a result of Query-invoked autoflush; consider using a session.no_autoflush block if this flush is occurring prematurely)
(pymysql.err.IntegrityError) (1062, "Duplicate entry 'eaf162dd-b011-4af6-9bff-d15119b7401c-98cf2828-7dcc-403b-8442-d3d' for key 'message_statuses.uq_message_status'")
[SQL: INSERT INTO message_statuses (id, message_id, user_id, status, delivered_at, read_at, created_at) VALUES (%(id)s, %(message_id)s, %(user_id)s, %(status)s, %(delivered_at)s, %(read_at)s, %(created_at)s)]
[parameters: {'id': 'cec50377-b1e2-49f4-b644-e6c44386ca32', 'message_id': 'eaf162dd-b011-4af6-9bff-d15119b7401c', 'user_id': '98cf2828-7dcc-403b-8442-d3de625bd636', 'status': 'delivered', 'delivered_at': datetime.datetime(2026, 9, 14, 9, 12, 7, 431990), 'read_at': None, 'created_at': datetime.datetime(2026, 9, 14, 9, 12, 7, 437102)}]
(Background on this error at: https://sqlalche.me/e/20/gkpj)
[2026-09-14 12:42:10,670] ERROR in app: Exception on /api/v1/messages/5a55ce54-bbe9-421d-adab-9528d0ae3ff1 [GET]
Traceback (most recent call last):
  File "/home/qwamjoow/virtualenv/massenger.reservira.ir/3.11/lib64/python3.11/site-packages/sqlalchemy/engine/base.py", line 1967, in _exec_single_context
    self.dialect.do_execute(
  File "/home/qwamjoow/virtualenv/massenger.reservira.ir/3.11/lib64/python3.11/site-packages/sqlalchemy/engine/default.py", line 941, in do_execute
    cursor.execute(statement, parameters)
  File "/home/qwamjoow/virtualenv/massenger.reservira.ir/3.11/lib/python3.11/site-packages/pymysql/cursors.py", line 153, in execute
    result = self._query(query)
             ^^^^^^^^^^^^^^^^^^
  File "/home/qwamjoow/virtualenv/massenger.reservira.ir/3.11/lib/python3.11/site-packages/pymysql/cursors.py", line 322, in _query
    conn.query(q)
  File "/home/qwamjoow/virtualenv/massenger.reservira.ir/3.11/lib/python3.11/site-packages/pymysql/connections.py", line 563, in query
    self._affected_rows = self._read_query_result(unbuffered=unbuffered)
                          ^^^^^^^^^^^^^^^^^^^^^^^^^^^^^^^^^^^^^^^^^^^^^^
  File "/home/qwamjoow/virtualenv/massenger.reservira.ir/3.11/lib/python3.11/site-packages/pymysql/connections.py", line 825, in _read_query_result
    result.read()
  File "/home/qwamjoow/virtualenv/massenger.reservira.ir/3.11/lib/python3.11/site-packages/pymysql/connections.py", line 1199, in read
    first_packet = self.connection._read_packet()
                   ^^^^^^^^^^^^^^^^^^^^^^^^^^^^^^
  File "/home/qwamjoow/virtualenv/massenger.reservira.ir/3.11/lib/python3.11/site-packages/pymysql/connections.py", line 775, in _read_packet
    packet.raise_for_error()
  File "/home/qwamjoow/virtualenv/massenger.reservira.ir/3.11/lib/python3.11/site-packages/pymysql/protocol.py", line 219, in raise_for_error
    err.raise_mysql_exception(self._data)
  File "/home/qwamjoow/virtualenv/massenger.reservira.ir/3.11/lib/python3.11/site-packages/pymysql/err.py", line 150, in raise_mysql_exception
    raise errorclass(errno, errval)
pymysql.err.IntegrityError: (1062, "Duplicate entry 'eaf162dd-b011-4af6-9bff-d15119b7401c-98cf2828-7dcc-403b-8442-d3d' for key 'message_statuses.uq_message_status'")

The above exception was the direct cause of the following exception:

Traceback (most recent call last):
  File "/home/qwamjoow/virtualenv/massenger.reservira.ir/3.11/lib/python3.11/site-packages/flask/app.py", line 1473, in wsgi_app
    response = self.full_dispatch_request()
               ^^^^^^^^^^^^^^^^^^^^^^^^^^^^
  File "/home/qwamjoow/virtualenv/massenger.reservira.ir/3.11/lib/python3.11/site-packages/flask/app.py", line 882, in full_dispatch_request
    rv = self.handle_user_exception(e)
         ^^^^^^^^^^^^^^^^^^^^^^^^^^^^^
  File "/home/qwamjoow/virtualenv/massenger.reservira.ir/3.11/lib/python3.11/site-packages/flask_cors/extension.py", line 178, in wrapped_function
    return cors_after_request(app.make_response(f(*args, **kwargs)))
                                                ^^^^^^^^^^^^^^^^^^
  File "/home/qwamjoow/virtualenv/massenger.reservira.ir/3.11/lib/python3.11/site-packages/flask/app.py", line 880, in full_dispatch_request
    rv = self.dispatch_request()
         ^^^^^^^^^^^^^^^^^^^^^^^
  File "/home/qwamjoow/virtualenv/massenger.reservira.ir/3.11/lib/python3.11/site-packages/flask/app.py", line 865, in dispatch_request
    return self.ensure_sync(self.view_functions[rule.endpoint])(**view_args)  # type: ignore[no-any-return]
           ^^^^^^^^^^^^^^^^^^^^^^^^^^^^^^^^^^^^^^^^^^^^^^^^^^^^^^^^^^^^^^^^^
  File "/home/qwamjoow/virtualenv/massenger.reservira.ir/3.11/lib/python3.11/site-packages/flask_jwt_extended/view_decorators.py", line 170, in decorator
    return current_app.ensure_sync(fn)(*args, **kwargs)
           ^^^^^^^^^^^^^^^^^^^^^^^^^^^^^^^^^^^^^^^^^^^^
  File "/home/qwamjoow/massenger.reservira.ir/app/api/messages.py", line 81, in get_messages
    dispatch_scheduled_messages(chat_id)
  File "/home/qwamjoow/massenger.reservira.ir/app/api/messages.py", line 53, in dispatch_scheduled_messages
    chat = db.session.get(Chat, msg.chat_id)
           ^^^^^^^^^^^^^^^^^^^^^^^^^^^^^^^^^
  File "/home/qwamjoow/virtualenv/massenger.reservira.ir/3.11/lib64/python3.11/site-packages/sqlalchemy/orm/scoping.py", line 1060, in get
    return self._proxied.get(
           ^^^^^^^^^^^^^^^^^^
  File "/home/qwamjoow/virtualenv/massenger.reservira.ir/3.11/lib64/python3.11/site-packages/sqlalchemy/orm/session.py", line 3693, in get
    return self._get_impl(
           ^^^^^^^^^^^^^^^
  File "/home/qwamjoow/virtualenv/massenger.reservira.ir/3.11/lib64/python3.11/site-packages/sqlalchemy/orm/session.py", line 3873, in _get_impl
    return db_load_fn(
           ^^^^^^^^^^^
  File "/home/qwamjoow/virtualenv/massenger.reservira.ir/3.11/lib64/python3.11/site-packages/sqlalchemy/orm/loading.py", line 694, in load_on_pk_identity
    session.execute(
  File "/home/qwamjoow/virtualenv/massenger.reservira.ir/3.11/lib64/python3.11/site-packages/sqlalchemy/orm/session.py", line 2362, in execute
    return self._execute_internal(
           ^^^^^^^^^^^^^^^^^^^^^^^
  File "/home/qwamjoow/virtualenv/massenger.reservira.ir/3.11/lib64/python3.11/site-packages/sqlalchemy/orm/session.py", line 2226, in _execute_internal
    ) = compile_state_cls.orm_pre_session_exec(
        ^^^^^^^^^^^^^^^^^^^^^^^^^^^^^^^^^^^^^^^
  File "/home/qwamjoow/virtualenv/massenger.reservira.ir/3.11/lib64/python3.11/site-packages/sqlalchemy/orm/context.py", line 561, in orm_pre_session_exec
    session._autoflush()
  File "/home/qwamjoow/virtualenv/massenger.reservira.ir/3.11/lib64/python3.11/site-packages/sqlalchemy/orm/session.py", line 3061, in _autoflush
    raise e.with_traceback(sys.exc_info()[2])
  File "/home/qwamjoow/virtualenv/massenger.reservira.ir/3.11/lib64/python3.11/site-packages/sqlalchemy/orm/session.py", line 3050, in _autoflush
    self.flush()
  File "/home/qwamjoow/virtualenv/massenger.reservira.ir/3.11/lib64/python3.11/site-packages/sqlalchemy/orm/session.py", line 4352, in flush
    self._flush(objects)
  File "/home/qwamjoow/virtualenv/massenger.reservira.ir/3.11/lib64/python3.11/site-packages/sqlalchemy/orm/session.py", line 4487, in _flush
    with util.safe_reraise():
  File "/home/qwamjoow/virtualenv/massenger.reservira.ir/3.11/lib64/python3.11/site-packages/sqlalchemy/util/langhelpers.py", line 146, in __exit__
    raise exc_value.with_traceback(exc_tb)
  File "/home/qwamjoow/virtualenv/massenger.reservira.ir/3.11/lib64/python3.11/site-packages/sqlalchemy/orm/session.py", line 4448, in _flush
    flush_context.execute()
  File "/home/qwamjoow/virtualenv/massenger.reservira.ir/3.11/lib64/python3.11/site-packages/sqlalchemy/orm/unitofwork.py", line 466, in execute
    rec.execute(self)
  File "/home/qwamjoow/virtualenv/massenger.reservira.ir/3.11/lib64/python3.11/site-packages/sqlalchemy/orm/unitofwork.py", line 642, in execute
    util.preloaded.orm_persistence.save_obj(
  File "/home/qwamjoow/virtualenv/massenger.reservira.ir/3.11/lib64/python3.11/site-packages/sqlalchemy/orm/persistence.py", line 93, in save_obj
    _emit_insert_statements(
  File "/home/qwamjoow/virtualenv/massenger.reservira.ir/3.11/lib64/python3.11/site-packages/sqlalchemy/orm/persistence.py", line 1233, in _emit_insert_statements
    result = connection.execute(
             ^^^^^^^^^^^^^^^^^^^
  File "/home/qwamjoow/virtualenv/massenger.reservira.ir/3.11/lib64/python3.11/site-packages/sqlalchemy/engine/base.py", line 1418, in execute
    return meth(
           ^^^^^
  File "/home/qwamjoow/virtualenv/massenger.reservira.ir/3.11/lib64/python3.11/site-packages/sqlalchemy/sql/elements.py", line 515, in _execute_on_connection
    return connection._execute_clauseelement(
           ^^^^^^^^^^^^^^^^^^^^^^^^^^^^^^^^^^
  File "/home/qwamjoow/virtualenv/massenger.reservira.ir/3.11/lib64/python3.11/site-packages/sqlalchemy/engine/base.py", line 1640, in _execute_clauseelement
    ret = self._execute_context(
          ^^^^^^^^^^^^^^^^^^^^^^
  File "/home/qwamjoow/virtualenv/massenger.reservira.ir/3.11/lib64/python3.11/site-packages/sqlalchemy/engine/base.py", line 1846, in _execute_context
    return self._exec_single_context(
           ^^^^^^^^^^^^^^^^^^^^^^^^^^
  File "/home/qwamjoow/virtualenv/massenger.reservira.ir/3.11/lib64/python3.11/site-packages/sqlalchemy/engine/base.py", line 1986, in _exec_single_context
    self._handle_dbapi_exception(
  File "/home/qwamjoow/virtualenv/massenger.reservira.ir/3.11/lib64/python3.11/site-packages/sqlalchemy/engine/base.py", line 2355, in _handle_dbapi_exception
    raise sqlalchemy_exception.with_traceback(exc_info[2]) from e
  File "/home/qwamjoow/virtualenv/massenger.reservira.ir/3.11/lib64/python3.11/site-packages/sqlalchemy/engine/base.py", line 1967, in _exec_single_context
    self.dialect.do_execute(
  File "/home/qwamjoow/virtualenv/massenger.reservira.ir/3.11/lib64/python3.11/site-packages/sqlalchemy/engine/default.py", line 941, in do_execute
    cursor.execute(statement, parameters)
  File "/home/qwamjoow/virtualenv/massenger.reservira.ir/3.11/lib/python3.11/site-packages/pymysql/cursors.py", line 153, in execute
    result = self._query(query)
             ^^^^^^^^^^^^^^^^^^
  File "/home/qwamjoow/virtualenv/massenger.reservira.ir/3.11/lib/python3.11/site-packages/pymysql/cursors.py", line 322, in _query
    conn.query(q)
  File "/home/qwamjoow/virtualenv/massenger.reservira.ir/3.11/lib/python3.11/site-packages/pymysql/connections.py", line 563, in query
    self._affected_rows = self._read_query_result(unbuffered=unbuffered)
                          ^^^^^^^^^^^^^^^^^^^^^^^^^^^^^^^^^^^^^^^^^^^^^^
  File "/home/qwamjoow/virtualenv/massenger.reservira.ir/3.11/lib/python3.11/site-packages/pymysql/connections.py", line 825, in _read_query_result
    result.read()
  File "/home/qwamjoow/virtualenv/massenger.reservira.ir/3.11/lib/python3.11/site-packages/pymysql/connections.py", line 1199, in read
    first_packet = self.connection._read_packet()
                   ^^^^^^^^^^^^^^^^^^^^^^^^^^^^^^
  File "/home/qwamjoow/virtualenv/massenger.reservira.ir/3.11/lib/python3.11/site-packages/pymysql/connections.py", line 775, in _read_packet
    packet.raise_for_error()
  File "/home/qwamjoow/virtualenv/massenger.reservira.ir/3.11/lib/python3.11/site-packages/pymysql/protocol.py", line 219, in raise_for_error
    err.raise_mysql_exception(self._data)
  File "/home/qwamjoow/virtualenv/massenger.reservira.ir/3.11/lib/python3.11/site-packages/pymysql/err.py", line 150, in raise_mysql_exception
    raise errorclass(errno, errval)
sqlalchemy.exc.IntegrityError: (raised as a result of Query-invoked autoflush; consider using a session.no_autoflush block if this flush is occurring prematurely)
(pymysql.err.IntegrityError) (1062, "Duplicate entry 'eaf162dd-b011-4af6-9bff-d15119b7401c-98cf2828-7dcc-403b-8442-d3d' for key 'message_statuses.uq_message_status'")
[SQL: INSERT INTO message_statuses (id, message_id, user_id, status, delivered_at, read_at, created_at) VALUES (%(id)s, %(message_id)s, %(user_id)s, %(status)s, %(delivered_at)s, %(read_at)s, %(created_at)s)]
[parameters: {'id': '0c89c372-b504-4068-8bbf-f266ba7fb88b', 'message_id': 'eaf162dd-b011-4af6-9bff-d15119b7401c', 'user_id': '98cf2828-7dcc-403b-8442-d3de625bd636', 'status': 'delivered', 'delivered_at': datetime.datetime(2026, 9, 14, 9, 12, 10, 652374), 'read_at': None, 'created_at': datetime.datetime(2026, 9, 14, 9, 12, 10, 657560)}]
(Background on this error at: https://sqlalche.me/e/20/gkpj)
[2026-09-14 12:42:13,539] ERROR in app: Exception on /api/v1/messages/5a55ce54-bbe9-421d-adab-9528d0ae3ff1 [GET]
Traceback (most recent call last):
  File "/home/qwamjoow/virtualenv/massenger.reservira.ir/3.11/lib64/python3.11/site-packages/sqlalchemy/engine/base.py", line 1967, in _exec_single_context
    self.dialect.do_execute(
  File "/home/qwamjoow/virtualenv/massenger.reservira.ir/3.11/lib64/python3.11/site-packages/sqlalchemy/engine/default.py", line 941, in do_execute
    cursor.execute(statement, parameters)
  File "/home/qwamjoow/virtualenv/massenger.reservira.ir/3.11/lib/python3.11/site-packages/pymysql/cursors.py", line 153, in execute
    result = self._query(query)
             ^^^^^^^^^^^^^^^^^^
  File "/home/qwamjoow/virtualenv/massenger.reservira.ir/3.11/lib/python3.11/site-packages/pymysql/cursors.py", line 322, in _query
    conn.query(q)
  File "/home/qwamjoow/virtualenv/massenger.reservira.ir/3.11/lib/python3.11/site-packages/pymysql/connections.py", line 563, in query
    self._affected_rows = self._read_query_result(unbuffered=unbuffered)
                          ^^^^^^^^^^^^^^^^^^^^^^^^^^^^^^^^^^^^^^^^^^^^^^
  File "/home/qwamjoow/virtualenv/massenger.reservira.ir/3.11/lib/python3.11/site-packages/pymysql/connections.py", line 825, in _read_query_result
    result.read()
  File "/home/qwamjoow/virtualenv/massenger.reservira.ir/3.11/lib/python3.11/site-packages/pymysql/connections.py", line 1199, in read
    first_packet = self.connection._read_packet()
                   ^^^^^^^^^^^^^^^^^^^^^^^^^^^^^^
  File "/home/qwamjoow/virtualenv/massenger.reservira.ir/3.11/lib/python3.11/site-packages/pymysql/connections.py", line 775, in _read_packet
    packet.raise_for_error()
  File "/home/qwamjoow/virtualenv/massenger.reservira.ir/3.11/lib/python3.11/site-packages/pymysql/protocol.py", line 219, in raise_for_error
    err.raise_mysql_exception(self._data)
  File "/home/qwamjoow/virtualenv/massenger.reservira.ir/3.11/lib/python3.11/site-packages/pymysql/err.py", line 150, in raise_mysql_exception
    raise errorclass(errno, errval)
pymysql.err.IntegrityError: (1062, "Duplicate entry 'eaf162dd-b011-4af6-9bff-d15119b7401c-98cf2828-7dcc-403b-8442-d3d' for key 'message_statuses.uq_message_status'")

The above exception was the direct cause of the following exception:

Traceback (most recent call last):
  File "/home/qwamjoow/virtualenv/massenger.reservira.ir/3.11/lib/python3.11/site-packages/flask/app.py", line 1473, in wsgi_app
    response = self.full_dispatch_request()
               ^^^^^^^^^^^^^^^^^^^^^^^^^^^^
  File "/home/qwamjoow/virtualenv/massenger.reservira.ir/3.11/lib/python3.11/site-packages/flask/app.py", line 882, in full_dispatch_request
    rv = self.handle_user_exception(e)
         ^^^^^^^^^^^^^^^^^^^^^^^^^^^^^
  File "/home/qwamjoow/virtualenv/massenger.reservira.ir/3.11/lib/python3.11/site-packages/flask_cors/extension.py", line 178, in wrapped_function
    return cors_after_request(app.make_response(f(*args, **kwargs)))
                                                ^^^^^^^^^^^^^^^^^^
  File "/home/qwamjoow/virtualenv/massenger.reservira.ir/3.11/lib/python3.11/site-packages/flask/app.py", line 880, in full_dispatch_request
    rv = self.dispatch_request()
         ^^^^^^^^^^^^^^^^^^^^^^^
  File "/home/qwamjoow/virtualenv/massenger.reservira.ir/3.11/lib/python3.11/site-packages/flask/app.py", line 865, in dispatch_request
    return self.ensure_sync(self.view_functions[rule.endpoint])(**view_args)  # type: ignore[no-any-return]
           ^^^^^^^^^^^^^^^^^^^^^^^^^^^^^^^^^^^^^^^^^^^^^^^^^^^^^^^^^^^^^^^^^
  File "/home/qwamjoow/virtualenv/massenger.reservira.ir/3.11/lib/python3.11/site-packages/flask_jwt_extended/view_decorators.py", line 170, in decorator
    return current_app.ensure_sync(fn)(*args, **kwargs)
           ^^^^^^^^^^^^^^^^^^^^^^^^^^^^^^^^^^^^^^^^^^^^
  File "/home/qwamjoow/massenger.reservira.ir/app/api/messages.py", line 81, in get_messages
    dispatch_scheduled_messages(chat_id)
  File "/home/qwamjoow/massenger.reservira.ir/app/api/messages.py", line 53, in dispatch_scheduled_messages
    chat = db.session.get(Chat, msg.chat_id)
           ^^^^^^^^^^^^^^^^^^^^^^^^^^^^^^^^^
  File "/home/qwamjoow/virtualenv/massenger.reservira.ir/3.11/lib64/python3.11/site-packages/sqlalchemy/orm/scoping.py", line 1060, in get
    return self._proxied.get(
           ^^^^^^^^^^^^^^^^^^
  File "/home/qwamjoow/virtualenv/massenger.reservira.ir/3.11/lib64/python3.11/site-packages/sqlalchemy/orm/session.py", line 3693, in get
    return self._get_impl(
           ^^^^^^^^^^^^^^^
  File "/home/qwamjoow/virtualenv/massenger.reservira.ir/3.11/lib64/python3.11/site-packages/sqlalchemy/orm/session.py", line 3873, in _get_impl
    return db_load_fn(
           ^^^^^^^^^^^
  File "/home/qwamjoow/virtualenv/massenger.reservira.ir/3.11/lib64/python3.11/site-packages/sqlalchemy/orm/loading.py", line 694, in load_on_pk_identity
    session.execute(
  File "/home/qwamjoow/virtualenv/massenger.reservira.ir/3.11/lib64/python3.11/site-packages/sqlalchemy/orm/session.py", line 2362, in execute
    return self._execute_internal(
           ^^^^^^^^^^^^^^^^^^^^^^^
  File "/home/qwamjoow/virtualenv/massenger.reservira.ir/3.11/lib64/python3.11/site-packages/sqlalchemy/orm/session.py", line 2226, in _execute_internal
    ) = compile_state_cls.orm_pre_session_exec(
        ^^^^^^^^^^^^^^^^^^^^^^^^^^^^^^^^^^^^^^^
  File "/home/qwamjoow/virtualenv/massenger.reservira.ir/3.11/lib64/python3.11/site-packages/sqlalchemy/orm/context.py", line 561, in orm_pre_session_exec
    session._autoflush()
  File "/home/qwamjoow/virtualenv/massenger.reservira.ir/3.11/lib64/python3.11/site-packages/sqlalchemy/orm/session.py", line 3061, in _autoflush
    raise e.with_traceback(sys.exc_info()[2])
  File "/home/qwamjoow/virtualenv/massenger.reservira.ir/3.11/lib64/python3.11/site-packages/sqlalchemy/orm/session.py", line 3050, in _autoflush
    self.flush()
  File "/home/qwamjoow/virtualenv/massenger.reservira.ir/3.11/lib64/python3.11/site-packages/sqlalchemy/orm/session.py", line 4352, in flush
    self._flush(objects)
  File "/home/qwamjoow/virtualenv/massenger.reservira.ir/3.11/lib64/python3.11/site-packages/sqlalchemy/orm/session.py", line 4487, in _flush
    with util.safe_reraise():
  File "/home/qwamjoow/virtualenv/massenger.reservira.ir/3.11/lib64/python3.11/site-packages/sqlalchemy/util/langhelpers.py", line 146, in __exit__
    raise exc_value.with_traceback(exc_tb)
  File "/home/qwamjoow/virtualenv/massenger.reservira.ir/3.11/lib64/python3.11/site-packages/sqlalchemy/orm/session.py", line 4448, in _flush
    flush_context.execute()
  File "/home/qwamjoow/virtualenv/massenger.reservira.ir/3.11/lib64/python3.11/site-packages/sqlalchemy/orm/unitofwork.py", line 466, in execute
    rec.execute(self)
  File "/home/qwamjoow/virtualenv/massenger.reservira.ir/3.11/lib64/python3.11/site-packages/sqlalchemy/orm/unitofwork.py", line 642, in execute
    util.preloaded.orm_persistence.save_obj(
  File "/home/qwamjoow/virtualenv/massenger.reservira.ir/3.11/lib64/python3.11/site-packages/sqlalchemy/orm/persistence.py", line 93, in save_obj
    _emit_insert_statements(
  File "/home/qwamjoow/virtualenv/massenger.reservira.ir/3.11/lib64/python3.11/site-packages/sqlalchemy/orm/persistence.py", line 1233, in _emit_insert_statements
    result = connection.execute(
             ^^^^^^^^^^^^^^^^^^^
  File "/home/qwamjoow/virtualenv/massenger.reservira.ir/3.11/lib64/python3.11/site-packages/sqlalchemy/engine/base.py", line 1418, in execute
    return meth(
           ^^^^^
  File "/home/qwamjoow/virtualenv/massenger.reservira.ir/3.11/lib64/python3.11/site-packages/sqlalchemy/sql/elements.py", line 515, in _execute_on_connection
    return connection._execute_clauseelement(
           ^^^^^^^^^^^^^^^^^^^^^^^^^^^^^^^^^^
  File "/home/qwamjoow/virtualenv/massenger.reservira.ir/3.11/lib64/python3.11/site-packages/sqlalchemy/engine/base.py", line 1640, in _execute_clauseelement
    ret = self._execute_context(
          ^^^^^^^^^^^^^^^^^^^^^^
  File "/home/qwamjoow/virtualenv/massenger.reservira.ir/3.11/lib64/python3.11/site-packages/sqlalchemy/engine/base.py", line 1846, in _execute_context
    return self._exec_single_context(
           ^^^^^^^^^^^^^^^^^^^^^^^^^^
  File "/home/qwamjoow/virtualenv/massenger.reservira.ir/3.11/lib64/python3.11/site-packages/sqlalchemy/engine/base.py", line 1986, in _exec_single_context
    self._handle_dbapi_exception(
  File "/home/qwamjoow/virtualenv/massenger.reservira.ir/3.11/lib64/python3.11/site-packages/sqlalchemy/engine/base.py", line 2355, in _handle_dbapi_exception
    raise sqlalchemy_exception.with_traceback(exc_info[2]) from e
  File "/home/qwamjoow/virtualenv/massenger.reservira.ir/3.11/lib64/python3.11/site-packages/sqlalchemy/engine/base.py", line 1967, in _exec_single_context
    self.dialect.do_execute(
  File "/home/qwamjoow/virtualenv/massenger.reservira.ir/3.11/lib64/python3.11/site-packages/sqlalchemy/engine/default.py", line 941, in do_execute
    cursor.execute(statement, parameters)
  File "/home/qwamjoow/virtualenv/massenger.reservira.ir/3.11/lib/python3.11/site-packages/pymysql/cursors.py", line 153, in execute
    result = self._query(query)
             ^^^^^^^^^^^^^^^^^^
  File "/home/qwamjoow/virtualenv/massenger.reservira.ir/3.11/lib/python3.11/site-packages/pymysql/cursors.py", line 322, in _query
    conn.query(q)
  File "/home/qwamjoow/virtualenv/massenger.reservira.ir/3.11/lib/python3.11/site-packages/pymysql/connections.py", line 563, in query
    self._affected_rows = self._read_query_result(unbuffered=unbuffered)
                          ^^^^^^^^^^^^^^^^^^^^^^^^^^^^^^^^^^^^^^^^^^^^^^
  File "/home/qwamjoow/virtualenv/massenger.reservira.ir/3.11/lib/python3.11/site-packages/pymysql/connections.py", line 825, in _read_query_result
    result.read()
  File "/home/qwamjoow/virtualenv/massenger.reservira.ir/3.11/lib/python3.11/site-packages/pymysql/connections.py", line 1199, in read
    first_packet = self.connection._read_packet()
                   ^^^^^^^^^^^^^^^^^^^^^^^^^^^^^^
  File "/home/qwamjoow/virtualenv/massenger.reservira.ir/3.11/lib/python3.11/site-packages/pymysql/connections.py", line 775, in _read_packet
    packet.raise_for_error()
  File "/home/qwamjoow/virtualenv/massenger.reservira.ir/3.11/lib/python3.11/site-packages/pymysql/protocol.py", line 219, in raise_for_error
    err.raise_mysql_exception(self._data)
  File "/home/qwamjoow/virtualenv/massenger.reservira.ir/3.11/lib/python3.11/site-packages/pymysql/err.py", line 150, in raise_mysql_exception
    raise errorclass(errno, errval)
sqlalchemy.exc.IntegrityError: (raised as a result of Query-invoked autoflush; consider using a session.no_autoflush block if this flush is occurring prematurely)
(pymysql.err.IntegrityError) (1062, "Duplicate entry 'eaf162dd-b011-4af6-9bff-d15119b7401c-98cf2828-7dcc-403b-8442-d3d' for key 'message_statuses.uq_message_status'")
[SQL: INSERT INTO message_statuses (id, message_id, user_id, status, delivered_at, read_at, created_at) VALUES (%(id)s, %(message_id)s, %(user_id)s, %(status)s, %(delivered_at)s, %(read_at)s, %(created_at)s)]
[parameters: {'id': 'bebff16b-6475-496f-aa60-0b05c072f40e', 'message_id': 'eaf162dd-b011-4af6-9bff-d15119b7401c', 'user_id': '98cf2828-7dcc-403b-8442-d3de625bd636', 'status': 'delivered', 'delivered_at': datetime.datetime(2026, 9, 14, 9, 12, 13, 515998), 'read_at': None, 'created_at': datetime.datetime(2026, 9, 14, 9, 12, 13, 526266)}]
(Background on this error at: https://sqlalche.me/e/20/gkpj)
[2026-09-14 12:42:17,000] ERROR in app: Exception on /api/v1/messages/5a55ce54-bbe9-421d-adab-9528d0ae3ff1 [GET]
Traceback (most recent call last):
  File "/home/qwamjoow/virtualenv/massenger.reservira.ir/3.11/lib64/python3.11/site-packages/sqlalchemy/engine/base.py", line 1967, in _exec_single_context
    self.dialect.do_execute(
  File "/home/qwamjoow/virtualenv/massenger.reservira.ir/3.11/lib64/python3.11/site-packages/sqlalchemy/engine/default.py", line 941, in do_execute
    cursor.execute(statement, parameters)
  File "/home/qwamjoow/virtualenv/massenger.reservira.ir/3.11/lib/python3.11/site-packages/pymysql/cursors.py", line 153, in execute
    result = self._query(query)
             ^^^^^^^^^^^^^^^^^^
  File "/home/qwamjoow/virtualenv/massenger.reservira.ir/3.11/lib/python3.11/site-packages/pymysql/cursors.py", line 322, in _query
    conn.query(q)
  File "/home/qwamjoow/virtualenv/massenger.reservira.ir/3.11/lib/python3.11/site-packages/pymysql/connections.py", line 563, in query
    self._affected_rows = self._read_query_result(unbuffered=unbuffered)
                          ^^^^^^^^^^^^^^^^^^^^^^^^^^^^^^^^^^^^^^^^^^^^^^
  File "/home/qwamjoow/virtualenv/massenger.reservira.ir/3.11/lib/python3.11/site-packages/pymysql/connections.py", line 825, in _read_query_result
    result.read()
  File "/home/qwamjoow/virtualenv/massenger.reservira.ir/3.11/lib/python3.11/site-packages/pymysql/connections.py", line 1199, in read
    first_packet = self.connection._read_packet()
                   ^^^^^^^^^^^^^^^^^^^^^^^^^^^^^^
  File "/home/qwamjoow/virtualenv/massenger.reservira.ir/3.11/lib/python3.11/site-packages/pymysql/connections.py", line 775, in _read_packet
    packet.raise_for_error()
  File "/home/qwamjoow/virtualenv/massenger.reservira.ir/3.11/lib/python3.11/site-packages/pymysql/protocol.py", line 219, in raise_for_error
    err.raise_mysql_exception(self._data)
  File "/home/qwamjoow/virtualenv/massenger.reservira.ir/3.11/lib/python3.11/site-packages/pymysql/err.py", line 150, in raise_mysql_exception
    raise errorclass(errno, errval)
pymysql.err.IntegrityError: (1062, "Duplicate entry 'eaf162dd-b011-4af6-9bff-d15119b7401c-98cf2828-7dcc-403b-8442-d3d' for key 'message_statuses.uq_message_status'")

The above exception was the direct cause of the following exception:

Traceback (most recent call last):
  File "/home/qwamjoow/virtualenv/massenger.reservira.ir/3.11/lib/python3.11/site-packages/flask/app.py", line 1473, in wsgi_app
    response = self.full_dispatch_request()
               ^^^^^^^^^^^^^^^^^^^^^^^^^^^^
  File "/home/qwamjoow/virtualenv/massenger.reservira.ir/3.11/lib/python3.11/site-packages/flask/app.py", line 882, in full_dispatch_request
    rv = self.handle_user_exception(e)
         ^^^^^^^^^^^^^^^^^^^^^^^^^^^^^
  File "/home/qwamjoow/virtualenv/massenger.reservira.ir/3.11/lib/python3.11/site-packages/flask_cors/extension.py", line 178, in wrapped_function
    return cors_after_request(app.make_response(f(*args, **kwargs)))
                                                ^^^^^^^^^^^^^^^^^^
  File "/home/qwamjoow/virtualenv/massenger.reservira.ir/3.11/lib/python3.11/site-packages/flask/app.py", line 880, in full_dispatch_request
    rv = self.dispatch_request()
         ^^^^^^^^^^^^^^^^^^^^^^^
  File "/home/qwamjoow/virtualenv/massenger.reservira.ir/3.11/lib/python3.11/site-packages/flask/app.py", line 865, in dispatch_request
    return self.ensure_sync(self.view_functions[rule.endpoint])(**view_args)  # type: ignore[no-any-return]
           ^^^^^^^^^^^^^^^^^^^^^^^^^^^^^^^^^^^^^^^^^^^^^^^^^^^^^^^^^^^^^^^^^
  File "/home/qwamjoow/virtualenv/massenger.reservira.ir/3.11/lib/python3.11/site-packages/flask_jwt_extended/view_decorators.py", line 170, in decorator
    return current_app.ensure_sync(fn)(*args, **kwargs)
           ^^^^^^^^^^^^^^^^^^^^^^^^^^^^^^^^^^^^^^^^^^^^
  File "/home/qwamjoow/massenger.reservira.ir/app/api/messages.py", line 81, in get_messages
    dispatch_scheduled_messages(chat_id)
  File "/home/qwamjoow/massenger.reservira.ir/app/api/messages.py", line 53, in dispatch_scheduled_messages
    chat = db.session.get(Chat, msg.chat_id)
           ^^^^^^^^^^^^^^^^^^^^^^^^^^^^^^^^^
  File "/home/qwamjoow/virtualenv/massenger.reservira.ir/3.11/lib64/python3.11/site-packages/sqlalchemy/orm/scoping.py", line 1060, in get
    return self._proxied.get(
           ^^^^^^^^^^^^^^^^^^
  File "/home/qwamjoow/virtualenv/massenger.reservira.ir/3.11/lib64/python3.11/site-packages/sqlalchemy/orm/session.py", line 3693, in get
    return self._get_impl(
           ^^^^^^^^^^^^^^^
  File "/home/qwamjoow/virtualenv/massenger.reservira.ir/3.11/lib64/python3.11/site-packages/sqlalchemy/orm/session.py", line 3873, in _get_impl
    return db_load_fn(
           ^^^^^^^^^^^
  File "/home/qwamjoow/virtualenv/massenger.reservira.ir/3.11/lib64/python3.11/site-packages/sqlalchemy/orm/loading.py", line 694, in load_on_pk_identity
    session.execute(
  File "/home/qwamjoow/virtualenv/massenger.reservira.ir/3.11/lib64/python3.11/site-packages/sqlalchemy/orm/session.py", line 2362, in execute
    return self._execute_internal(
           ^^^^^^^^^^^^^^^^^^^^^^^
  File "/home/qwamjoow/virtualenv/massenger.reservira.ir/3.11/lib64/python3.11/site-packages/sqlalchemy/orm/session.py", line 2226, in _execute_internal
    ) = compile_state_cls.orm_pre_session_exec(
        ^^^^^^^^^^^^^^^^^^^^^^^^^^^^^^^^^^^^^^^
  File "/home/qwamjoow/virtualenv/massenger.reservira.ir/3.11/lib64/python3.11/site-packages/sqlalchemy/orm/context.py", line 561, in orm_pre_session_exec
    session._autoflush()
  File "/home/qwamjoow/virtualenv/massenger.reservira.ir/3.11/lib64/python3.11/site-packages/sqlalchemy/orm/session.py", line 3061, in _autoflush
    raise e.with_traceback(sys.exc_info()[2])
  File "/home/qwamjoow/virtualenv/massenger.reservira.ir/3.11/lib64/python3.11/site-packages/sqlalchemy/orm/session.py", line 3050, in _autoflush
    self.flush()
  File "/home/qwamjoow/virtualenv/massenger.reservira.ir/3.11/lib64/python3.11/site-packages/sqlalchemy/orm/session.py", line 4352, in flush
    self._flush(objects)
  File "/home/qwamjoow/virtualenv/massenger.reservira.ir/3.11/lib64/python3.11/site-packages/sqlalchemy/orm/session.py", line 4487, in _flush
    with util.safe_reraise():
  File "/home/qwamjoow/virtualenv/massenger.reservira.ir/3.11/lib64/python3.11/site-packages/sqlalchemy/util/langhelpers.py", line 146, in __exit__
    raise exc_value.with_traceback(exc_tb)
  File "/home/qwamjoow/virtualenv/massenger.reservira.ir/3.11/lib64/python3.11/site-packages/sqlalchemy/orm/session.py", line 4448, in _flush
    flush_context.execute()
  File "/home/qwamjoow/virtualenv/massenger.reservira.ir/3.11/lib64/python3.11/site-packages/sqlalchemy/orm/unitofwork.py", line 466, in execute
    rec.execute(self)
  File "/home/qwamjoow/virtualenv/massenger.reservira.ir/3.11/lib64/python3.11/site-packages/sqlalchemy/orm/unitofwork.py", line 642, in execute
    util.preloaded.orm_persistence.save_obj(
  File "/home/qwamjoow/virtualenv/massenger.reservira.ir/3.11/lib64/python3.11/site-packages/sqlalchemy/orm/persistence.py", line 93, in save_obj
    _emit_insert_statements(
  File "/home/qwamjoow/virtualenv/massenger.reservira.ir/3.11/lib64/python3.11/site-packages/sqlalchemy/orm/persistence.py", line 1233, in _emit_insert_statements
    result = connection.execute(
             ^^^^^^^^^^^^^^^^^^^
  File "/home/qwamjoow/virtualenv/massenger.reservira.ir/3.11/lib64/python3.11/site-packages/sqlalchemy/engine/base.py", line 1418, in execute
    return meth(
           ^^^^^
  File "/home/qwamjoow/virtualenv/massenger.reservira.ir/3.11/lib64/python3.11/site-packages/sqlalchemy/sql/elements.py", line 515, in _execute_on_connection
    return connection._execute_clauseelement(
           ^^^^^^^^^^^^^^^^^^^^^^^^^^^^^^^^^^
  File "/home/qwamjoow/virtualenv/massenger.reservira.ir/3.11/lib64/python3.11/site-packages/sqlalchemy/engine/base.py", line 1640, in _execute_clauseelement
    ret = self._execute_context(
          ^^^^^^^^^^^^^^^^^^^^^^
  File "/home/qwamjoow/virtualenv/massenger.reservira.ir/3.11/lib64/python3.11/site-packages/sqlalchemy/engine/base.py", line 1846, in _execute_context
    return self._exec_single_context(
           ^^^^^^^^^^^^^^^^^^^^^^^^^^
  File "/home/qwamjoow/virtualenv/massenger.reservira.ir/3.11/lib64/python3.11/site-packages/sqlalchemy/engine/base.py", line 1986, in _exec_single_context
    self._handle_dbapi_exception(
  File "/home/qwamjoow/virtualenv/massenger.reservira.ir/3.11/lib64/python3.11/site-packages/sqlalchemy/engine/base.py", line 2355, in _handle_dbapi_exception
    raise sqlalchemy_exception.with_traceback(exc_info[2]) from e
  File "/home/qwamjoow/virtualenv/massenger.reservira.ir/3.11/lib64/python3.11/site-packages/sqlalchemy/engine/base.py", line 1967, in _exec_single_context
    self.dialect.do_execute(
  File "/home/qwamjoow/virtualenv/massenger.reservira.ir/3.11/lib64/python3.11/site-packages/sqlalchemy/engine/default.py", line 941, in do_execute
    cursor.execute(statement, parameters)
  File "/home/qwamjoow/virtualenv/massenger.reservira.ir/3.11/lib/python3.11/site-packages/pymysql/cursors.py", line 153, in execute
    result = self._query(query)
             ^^^^^^^^^^^^^^^^^^
  File "/home/qwamjoow/virtualenv/massenger.reservira.ir/3.11/lib/python3.11/site-packages/pymysql/cursors.py", line 322, in _query
    conn.query(q)
  File "/home/qwamjoow/virtualenv/massenger.reservira.ir/3.11/lib/python3.11/site-packages/pymysql/connections.py", line 563, in query
    self._affected_rows = self._read_query_result(unbuffered=unbuffered)
                          ^^^^^^^^^^^^^^^^^^^^^^^^^^^^^^^^^^^^^^^^^^^^^^
  File "/home/qwamjoow/virtualenv/massenger.reservira.ir/3.11/lib/python3.11/site-packages/pymysql/connections.py", line 825, in _read_query_result
    result.read()
  File "/home/qwamjoow/virtualenv/massenger.reservira.ir/3.11/lib/python3.11/site-packages/pymysql/connections.py", line 1199, in read
    first_packet = self.connection._read_packet()
                   ^^^^^^^^^^^^^^^^^^^^^^^^^^^^^^
  File "/home/qwamjoow/virtualenv/massenger.reservira.ir/3.11/lib/python3.11/site-packages/pymysql/connections.py", line 775, in _read_packet
    packet.raise_for_error()
  File "/home/qwamjoow/virtualenv/massenger.reservira.ir/3.11/lib/python3.11/site-packages/pymysql/protocol.py", line 219, in raise_for_error
    err.raise_mysql_exception(self._data)
  File "/home/qwamjoow/virtualenv/massenger.reservira.ir/3.11/lib/python3.11/site-packages/pymysql/err.py", line 150, in raise_mysql_exception
    raise errorclass(errno, errval)
sqlalchemy.exc.IntegrityError: (raised as a result of Query-invoked autoflush; consider using a session.no_autoflush block if this flush is occurring prematurely)
(pymysql.err.IntegrityError) (1062, "Duplicate entry 'eaf162dd-b011-4af6-9bff-d15119b7401c-98cf2828-7dcc-403b-8442-d3d' for key 'message_statuses.uq_message_status'")
[SQL: INSERT INTO message_statuses (id, message_id, user_id, status, delivered_at, read_at, created_at) VALUES (%(id)s, %(message_id)s, %(user_id)s, %(status)s, %(delivered_at)s, %(read_at)s, %(created_at)s)]
[parameters: {'id': 'd7e78355-5b9b-4a32-95bd-9c68718210d4', 'message_id': 'eaf162dd-b011-4af6-9bff-d15119b7401c', 'user_id': '98cf2828-7dcc-403b-8442-d3de625bd636', 'status': 'delivered', 'delivered_at': datetime.datetime(2026, 9, 14, 9, 12, 16, 975144), 'read_at': None, 'created_at': datetime.datetime(2026, 9, 14, 9, 12, 16, 980238)}]
(Background on this error at: https://sqlalche.me/e/20/gkpj)
[2026-09-14 12:42:19,407] ERROR in app: Exception on /api/v1/messages/5a55ce54-bbe9-421d-adab-9528d0ae3ff1 [GET]
Traceback (most recent call last):
  File "/home/qwamjoow/virtualenv/massenger.reservira.ir/3.11/lib64/python3.11/site-packages/sqlalchemy/engine/base.py", line 1967, in _exec_single_context
    self.dialect.do_execute(
  File "/home/qwamjoow/virtualenv/massenger.reservira.ir/3.11/lib64/python3.11/site-packages/sqlalchemy/engine/default.py", line 941, in do_execute
    cursor.execute(statement, parameters)
  File "/home/qwamjoow/virtualenv/massenger.reservira.ir/3.11/lib/python3.11/site-packages/pymysql/cursors.py", line 153, in execute
    result = self._query(query)
             ^^^^^^^^^^^^^^^^^^
  File "/home/qwamjoow/virtualenv/massenger.reservira.ir/3.11/lib/python3.11/site-packages/pymysql/cursors.py", line 322, in _query
    conn.query(q)
  File "/home/qwamjoow/virtualenv/massenger.reservira.ir/3.11/lib/python3.11/site-packages/pymysql/connections.py", line 563, in query
    self._affected_rows = self._read_query_result(unbuffered=unbuffered)
                          ^^^^^^^^^^^^^^^^^^^^^^^^^^^^^^^^^^^^^^^^^^^^^^
  File "/home/qwamjoow/virtualenv/massenger.reservira.ir/3.11/lib/python3.11/site-packages/pymysql/connections.py", line 825, in _read_query_result
    result.read()
  File "/home/qwamjoow/virtualenv/massenger.reservira.ir/3.11/lib/python3.11/site-packages/pymysql/connections.py", line 1199, in read
    first_packet = self.connection._read_packet()
                   ^^^^^^^^^^^^^^^^^^^^^^^^^^^^^^
  File "/home/qwamjoow/virtualenv/massenger.reservira.ir/3.11/lib/python3.11/site-packages/pymysql/connections.py", line 775, in _read_packet
    packet.raise_for_error()
  File "/home/qwamjoow/virtualenv/massenger.reservira.ir/3.11/lib/python3.11/site-packages/pymysql/protocol.py", line 219, in raise_for_error
    err.raise_mysql_exception(self._data)
  File "/home/qwamjoow/virtualenv/massenger.reservira.ir/3.11/lib/python3.11/site-packages/pymysql/err.py", line 150, in raise_mysql_exception
    raise errorclass(errno, errval)
pymysql.err.IntegrityError: (1062, "Duplicate entry 'eaf162dd-b011-4af6-9bff-d15119b7401c-98cf2828-7dcc-403b-8442-d3d' for key 'message_statuses.uq_message_status'")

The above exception was the direct cause of the following exception:

Traceback (most recent call last):
  File "/home/qwamjoow/virtualenv/massenger.reservira.ir/3.11/lib/python3.11/site-packages/flask/app.py", line 1473, in wsgi_app
    response = self.full_dispatch_request()
               ^^^^^^^^^^^^^^^^^^^^^^^^^^^^
  File "/home/qwamjoow/virtualenv/massenger.reservira.ir/3.11/lib/python3.11/site-packages/flask/app.py", line 882, in full_dispatch_request
    rv = self.handle_user_exception(e)
         ^^^^^^^^^^^^^^^^^^^^^^^^^^^^^
  File "/home/qwamjoow/virtualenv/massenger.reservira.ir/3.11/lib/python3.11/site-packages/flask_cors/extension.py", line 178, in wrapped_function
    return cors_after_request(app.make_response(f(*args, **kwargs)))
                                                ^^^^^^^^^^^^^^^^^^
  File "/home/qwamjoow/virtualenv/massenger.reservira.ir/3.11/lib/python3.11/site-packages/flask/app.py", line 880, in full_dispatch_request
    rv = self.dispatch_request()
         ^^^^^^^^^^^^^^^^^^^^^^^
  File "/home/qwamjoow/virtualenv/massenger.reservira.ir/3.11/lib/python3.11/site-packages/flask/app.py", line 865, in dispatch_request
    return self.ensure_sync(self.view_functions[rule.endpoint])(**view_args)  # type: ignore[no-any-return]
           ^^^^^^^^^^^^^^^^^^^^^^^^^^^^^^^^^^^^^^^^^^^^^^^^^^^^^^^^^^^^^^^^^
  File "/home/qwamjoow/virtualenv/massenger.reservira.ir/3.11/lib/python3.11/site-packages/flask_jwt_extended/view_decorators.py", line 170, in decorator
    return current_app.ensure_sync(fn)(*args, **kwargs)
           ^^^^^^^^^^^^^^^^^^^^^^^^^^^^^^^^^^^^^^^^^^^^
  File "/home/qwamjoow/massenger.reservira.ir/app/api/messages.py", line 81, in get_messages
    dispatch_scheduled_messages(chat_id)
  File "/home/qwamjoow/massenger.reservira.ir/app/api/messages.py", line 53, in dispatch_scheduled_messages
    chat = db.session.get(Chat, msg.chat_id)
           ^^^^^^^^^^^^^^^^^^^^^^^^^^^^^^^^^
  File "/home/qwamjoow/virtualenv/massenger.reservira.ir/3.11/lib64/python3.11/site-packages/sqlalchemy/orm/scoping.py", line 1060, in get
    return self._proxied.get(
           ^^^^^^^^^^^^^^^^^^
  File "/home/qwamjoow/virtualenv/massenger.reservira.ir/3.11/lib64/python3.11/site-packages/sqlalchemy/orm/session.py", line 3693, in get
    return self._get_impl(
           ^^^^^^^^^^^^^^^
  File "/home/qwamjoow/virtualenv/massenger.reservira.ir/3.11/lib64/python3.11/site-packages/sqlalchemy/orm/session.py", line 3873, in _get_impl
    return db_load_fn(
           ^^^^^^^^^^^
  File "/home/qwamjoow/virtualenv/massenger.reservira.ir/3.11/lib64/python3.11/site-packages/sqlalchemy/orm/loading.py", line 694, in load_on_pk_identity
    session.execute(
  File "/home/qwamjoow/virtualenv/massenger.reservira.ir/3.11/lib64/python3.11/site-packages/sqlalchemy/orm/session.py", line 2362, in execute
    return self._execute_internal(
           ^^^^^^^^^^^^^^^^^^^^^^^
  File "/home/qwamjoow/virtualenv/massenger.reservira.ir/3.11/lib64/python3.11/site-packages/sqlalchemy/orm/session.py", line 2226, in _execute_internal
    ) = compile_state_cls.orm_pre_session_exec(
        ^^^^^^^^^^^^^^^^^^^^^^^^^^^^^^^^^^^^^^^
  File "/home/qwamjoow/virtualenv/massenger.reservira.ir/3.11/lib64/python3.11/site-packages/sqlalchemy/orm/context.py", line 561, in orm_pre_session_exec
    session._autoflush()
  File "/home/qwamjoow/virtualenv/massenger.reservira.ir/3.11/lib64/python3.11/site-packages/sqlalchemy/orm/session.py", line 3061, in _autoflush
    raise e.with_traceback(sys.exc_info()[2])
  File "/home/qwamjoow/virtualenv/massenger.reservira.ir/3.11/lib64/python3.11/site-packages/sqlalchemy/orm/session.py", line 3050, in _autoflush
    self.flush()
  File "/home/qwamjoow/virtualenv/massenger.reservira.ir/3.11/lib64/python3.11/site-packages/sqlalchemy/orm/session.py", line 4352, in flush
    self._flush(objects)
  File "/home/qwamjoow/virtualenv/massenger.reservira.ir/3.11/lib64/python3.11/site-packages/sqlalchemy/orm/session.py", line 4487, in _flush
    with util.safe_reraise():
  File "/home/qwamjoow/virtualenv/massenger.reservira.ir/3.11/lib64/python3.11/site-packages/sqlalchemy/util/langhelpers.py", line 146, in __exit__
    raise exc_value.with_traceback(exc_tb)
  File "/home/qwamjoow/virtualenv/massenger.reservira.ir/3.11/lib64/python3.11/site-packages/sqlalchemy/orm/session.py", line 4448, in _flush
    flush_context.execute()
  File "/home/qwamjoow/virtualenv/massenger.reservira.ir/3.11/lib64/python3.11/site-packages/sqlalchemy/orm/unitofwork.py", line 466, in execute
    rec.execute(self)
  File "/home/qwamjoow/virtualenv/massenger.reservira.ir/3.11/lib64/python3.11/site-packages/sqlalchemy/orm/unitofwork.py", line 642, in execute
    util.preloaded.orm_persistence.save_obj(
  File "/home/qwamjoow/virtualenv/massenger.reservira.ir/3.11/lib64/python3.11/site-packages/sqlalchemy/orm/persistence.py", line 93, in save_obj
    _emit_insert_statements(
  File "/home/qwamjoow/virtualenv/massenger.reservira.ir/3.11/lib64/python3.11/site-packages/sqlalchemy/orm/persistence.py", line 1233, in _emit_insert_statements
    result = connection.execute(
             ^^^^^^^^^^^^^^^^^^^
  File "/home/qwamjoow/virtualenv/massenger.reservira.ir/3.11/lib64/python3.11/site-packages/sqlalchemy/engine/base.py", line 1418, in execute
    return meth(
           ^^^^^
  File "/home/qwamjoow/virtualenv/massenger.reservira.ir/3.11/lib64/python3.11/site-packages/sqlalchemy/sql/elements.py", line 515, in _execute_on_connection
    return connection._execute_clauseelement(
           ^^^^^^^^^^^^^^^^^^^^^^^^^^^^^^^^^^
  File "/home/qwamjoow/virtualenv/massenger.reservira.ir/3.11/lib64/python3.11/site-packages/sqlalchemy/engine/base.py", line 1640, in _execute_clauseelement
    ret = self._execute_context(
          ^^^^^^^^^^^^^^^^^^^^^^
  File "/home/qwamjoow/virtualenv/massenger.reservira.ir/3.11/lib64/python3.11/site-packages/sqlalchemy/engine/base.py", line 1846, in _execute_context
    return self._exec_single_context(
           ^^^^^^^^^^^^^^^^^^^^^^^^^^
  File "/home/qwamjoow/virtualenv/massenger.reservira.ir/3.11/lib64/python3.11/site-packages/sqlalchemy/engine/base.py", line 1986, in _exec_single_context
    self._handle_dbapi_exception(
  File "/home/qwamjoow/virtualenv/massenger.reservira.ir/3.11/lib64/python3.11/site-packages/sqlalchemy/engine/base.py", line 2355, in _handle_dbapi_exception
    raise sqlalchemy_exception.with_traceback(exc_info[2]) from e
  File "/home/qwamjoow/virtualenv/massenger.reservira.ir/3.11/lib64/python3.11/site-packages/sqlalchemy/engine/base.py", line 1967, in _exec_single_context
    self.dialect.do_execute(
  File "/home/qwamjoow/virtualenv/massenger.reservira.ir/3.11/lib64/python3.11/site-packages/sqlalchemy/engine/default.py", line 941, in do_execute
    cursor.execute(statement, parameters)
  File "/home/qwamjoow/virtualenv/massenger.reservira.ir/3.11/lib/python3.11/site-packages/pymysql/cursors.py", line 153, in execute
    result = self._query(query)
             ^^^^^^^^^^^^^^^^^^
  File "/home/qwamjoow/virtualenv/massenger.reservira.ir/3.11/lib/python3.11/site-packages/pymysql/cursors.py", line 322, in _query
    conn.query(q)
  File "/home/qwamjoow/virtualenv/massenger.reservira.ir/3.11/lib/python3.11/site-packages/pymysql/connections.py", line 563, in query
    self._affected_rows = self._read_query_result(unbuffered=unbuffered)
                          ^^^^^^^^^^^^^^^^^^^^^^^^^^^^^^^^^^^^^^^^^^^^^^
  File "/home/qwamjoow/virtualenv/massenger.reservira.ir/3.11/lib/python3.11/site-packages/pymysql/connections.py", line 825, in _read_query_result
    result.read()
  File "/home/qwamjoow/virtualenv/massenger.reservira.ir/3.11/lib/python3.11/site-packages/pymysql/connections.py", line 1199, in read
    first_packet = self.connection._read_packet()
                   ^^^^^^^^^^^^^^^^^^^^^^^^^^^^^^
  File "/home/qwamjoow/virtualenv/massenger.reservira.ir/3.11/lib/python3.11/site-packages/pymysql/connections.py", line 775, in _read_packet
    packet.raise_for_error()
  File "/home/qwamjoow/virtualenv/massenger.reservira.ir/3.11/lib/python3.11/site-packages/pymysql/protocol.py", line 219, in raise_for_error
    err.raise_mysql_exception(self._data)
  File "/home/qwamjoow/virtualenv/massenger.reservira.ir/3.11/lib/python3.11/site-packages/pymysql/err.py", line 150, in raise_mysql_exception
    raise errorclass(errno, errval)
sqlalchemy.exc.IntegrityError: (raised as a result of Query-invoked autoflush; consider using a session.no_autoflush block if this flush is occurring prematurely)
(pymysql.err.IntegrityError) (1062, "Duplicate entry 'eaf162dd-b011-4af6-9bff-d15119b7401c-98cf2828-7dcc-403b-8442-d3d' for key 'message_statuses.uq_message_status'")
[SQL: INSERT INTO message_statuses (id, message_id, user_id, status, delivered_at, read_at, created_at) VALUES (%(id)s, %(message_id)s, %(user_id)s, %(status)s, %(delivered_at)s, %(read_at)s, %(created_at)s)]
[parameters: {'id': 'f077a238-233a-4295-b38c-83fa07fd7f73', 'message_id': 'eaf162dd-b011-4af6-9bff-d15119b7401c', 'user_id': '98cf2828-7dcc-403b-8442-d3de625bd636', 'status': 'delivered', 'delivered_at': datetime.datetime(2026, 9, 14, 9, 12, 19, 387408), 'read_at': None, 'created_at': datetime.datetime(2026, 9, 14, 9, 12, 19, 393447)}]
(Background on this error at: https://sqlalche.me/e/20/gkpj)
[2026-09-14 12:42:22,987] ERROR in app: Exception on /api/v1/messages/5a55ce54-bbe9-421d-adab-9528d0ae3ff1 [GET]
Traceback (most recent call last):
  File "/home/qwamjoow/virtualenv/massenger.reservira.ir/3.11/lib64/python3.11/site-packages/sqlalchemy/engine/base.py", line 1967, in _exec_single_context
    self.dialect.do_execute(
  File "/home/qwamjoow/virtualenv/massenger.reservira.ir/3.11/lib64/python3.11/site-packages/sqlalchemy/engine/default.py", line 941, in do_execute
    cursor.execute(statement, parameters)
  File "/home/qwamjoow/virtualenv/massenger.reservira.ir/3.11/lib/python3.11/site-packages/pymysql/cursors.py", line 153, in execute
    result = self._query(query)
             ^^^^^^^^^^^^^^^^^^
  File "/home/qwamjoow/virtualenv/massenger.reservira.ir/3.11/lib/python3.11/site-packages/pymysql/cursors.py", line 322, in _query
    conn.query(q)
  File "/home/qwamjoow/virtualenv/massenger.reservira.ir/3.11/lib/python3.11/site-packages/pymysql/connections.py", line 563, in query
    self._affected_rows = self._read_query_result(unbuffered=unbuffered)
                          ^^^^^^^^^^^^^^^^^^^^^^^^^^^^^^^^^^^^^^^^^^^^^^
  File "/home/qwamjoow/virtualenv/massenger.reservira.ir/3.11/lib/python3.11/site-packages/pymysql/connections.py", line 825, in _read_query_result
    result.read()
  File "/home/qwamjoow/virtualenv/massenger.reservira.ir/3.11/lib/python3.11/site-packages/pymysql/connections.py", line 1199, in read
    first_packet = self.connection._read_packet()
                   ^^^^^^^^^^^^^^^^^^^^^^^^^^^^^^
  File "/home/qwamjoow/virtualenv/massenger.reservira.ir/3.11/lib/python3.11/site-packages/pymysql/connections.py", line 775, in _read_packet
    packet.raise_for_error()
  File "/home/qwamjoow/virtualenv/massenger.reservira.ir/3.11/lib/python3.11/site-packages/pymysql/protocol.py", line 219, in raise_for_error
    err.raise_mysql_exception(self._data)
  File "/home/qwamjoow/virtualenv/massenger.reservira.ir/3.11/lib/python3.11/site-packages/pymysql/err.py", line 150, in raise_mysql_exception
    raise errorclass(errno, errval)
pymysql.err.IntegrityError: (1062, "Duplicate entry 'eaf162dd-b011-4af6-9bff-d15119b7401c-98cf2828-7dcc-403b-8442-d3d' for key 'message_statuses.uq_message_status'")

The above exception was the direct cause of the following exception:

Traceback (most recent call last):
  File "/home/qwamjoow/virtualenv/massenger.reservira.ir/3.11/lib/python3.11/site-packages/flask/app.py", line 1473, in wsgi_app
    response = self.full_dispatch_request()
               ^^^^^^^^^^^^^^^^^^^^^^^^^^^^
  File "/home/qwamjoow/virtualenv/massenger.reservira.ir/3.11/lib/python3.11/site-packages/flask/app.py", line 882, in full_dispatch_request
    rv = self.handle_user_exception(e)
         ^^^^^^^^^^^^^^^^^^^^^^^^^^^^^
  File "/home/qwamjoow/virtualenv/massenger.reservira.ir/3.11/lib/python3.11/site-packages/flask_cors/extension.py", line 178, in wrapped_function
    return cors_after_request(app.make_response(f(*args, **kwargs)))
                                                ^^^^^^^^^^^^^^^^^^
  File "/home/qwamjoow/virtualenv/massenger.reservira.ir/3.11/lib/python3.11/site-packages/flask/app.py", line 880, in full_dispatch_request
    rv = self.dispatch_request()
         ^^^^^^^^^^^^^^^^^^^^^^^
  File "/home/qwamjoow/virtualenv/massenger.reservira.ir/3.11/lib/python3.11/site-packages/flask/app.py", line 865, in dispatch_request
    return self.ensure_sync(self.view_functions[rule.endpoint])(**view_args)  # type: ignore[no-any-return]
           ^^^^^^^^^^^^^^^^^^^^^^^^^^^^^^^^^^^^^^^^^^^^^^^^^^^^^^^^^^^^^^^^^
  File "/home/qwamjoow/virtualenv/massenger.reservira.ir/3.11/lib/python3.11/site-packages/flask_jwt_extended/view_decorators.py", line 170, in decorator
    return current_app.ensure_sync(fn)(*args, **kwargs)
           ^^^^^^^^^^^^^^^^^^^^^^^^^^^^^^^^^^^^^^^^^^^^
  File "/home/qwamjoow/massenger.reservira.ir/app/api/messages.py", line 81, in get_messages
    dispatch_scheduled_messages(chat_id)
  File "/home/qwamjoow/massenger.reservira.ir/app/api/messages.py", line 53, in dispatch_scheduled_messages
    chat = db.session.get(Chat, msg.chat_id)
           ^^^^^^^^^^^^^^^^^^^^^^^^^^^^^^^^^
  File "/home/qwamjoow/virtualenv/massenger.reservira.ir/3.11/lib64/python3.11/site-packages/sqlalchemy/orm/scoping.py", line 1060, in get
    return self._proxied.get(
           ^^^^^^^^^^^^^^^^^^
  File "/home/qwamjoow/virtualenv/massenger.reservira.ir/3.11/lib64/python3.11/site-packages/sqlalchemy/orm/session.py", line 3693, in get
    return self._get_impl(
           ^^^^^^^^^^^^^^^
  File "/home/qwamjoow/virtualenv/massenger.reservira.ir/3.11/lib64/python3.11/site-packages/sqlalchemy/orm/session.py", line 3873, in _get_impl
    return db_load_fn(
           ^^^^^^^^^^^
  File "/home/qwamjoow/virtualenv/massenger.reservira.ir/3.11/lib64/python3.11/site-packages/sqlalchemy/orm/loading.py", line 694, in load_on_pk_identity
    session.execute(
  File "/home/qwamjoow/virtualenv/massenger.reservira.ir/3.11/lib64/python3.11/site-packages/sqlalchemy/orm/session.py", line 2362, in execute
    return self._execute_internal(
           ^^^^^^^^^^^^^^^^^^^^^^^
  File "/home/qwamjoow/virtualenv/massenger.reservira.ir/3.11/lib64/python3.11/site-packages/sqlalchemy/orm/session.py", line 2226, in _execute_internal
    ) = compile_state_cls.orm_pre_session_exec(
        ^^^^^^^^^^^^^^^^^^^^^^^^^^^^^^^^^^^^^^^
  File "/home/qwamjoow/virtualenv/massenger.reservira.ir/3.11/lib64/python3.11/site-packages/sqlalchemy/orm/context.py", line 561, in orm_pre_session_exec
    session._autoflush()
  File "/home/qwamjoow/virtualenv/massenger.reservira.ir/3.11/lib64/python3.11/site-packages/sqlalchemy/orm/session.py", line 3061, in _autoflush
    raise e.with_traceback(sys.exc_info()[2])
  File "/home/qwamjoow/virtualenv/massenger.reservira.ir/3.11/lib64/python3.11/site-packages/sqlalchemy/orm/session.py", line 3050, in _autoflush
    self.flush()
  File "/home/qwamjoow/virtualenv/massenger.reservira.ir/3.11/lib64/python3.11/site-packages/sqlalchemy/orm/session.py", line 4352, in flush
    self._flush(objects)
  File "/home/qwamjoow/virtualenv/massenger.reservira.ir/3.11/lib64/python3.11/site-packages/sqlalchemy/orm/session.py", line 4487, in _flush
    with util.safe_reraise():
  File "/home/qwamjoow/virtualenv/massenger.reservira.ir/3.11/lib64/python3.11/site-packages/sqlalchemy/util/langhelpers.py", line 146, in __exit__
    raise exc_value.with_traceback(exc_tb)
  File "/home/qwamjoow/virtualenv/massenger.reservira.ir/3.11/lib64/python3.11/site-packages/sqlalchemy/orm/session.py", line 4448, in _flush
    flush_context.execute()
  File "/home/qwamjoow/virtualenv/massenger.reservira.ir/3.11/lib64/python3.11/site-packages/sqlalchemy/orm/unitofwork.py", line 466, in execute
    rec.execute(self)
  File "/home/qwamjoow/virtualenv/massenger.reservira.ir/3.11/lib64/python3.11/site-packages/sqlalchemy/orm/unitofwork.py", line 642, in execute
    util.preloaded.orm_persistence.save_obj(
  File "/home/qwamjoow/virtualenv/massenger.reservira.ir/3.11/lib64/python3.11/site-packages/sqlalchemy/orm/persistence.py", line 93, in save_obj
    _emit_insert_statements(
  File "/home/qwamjoow/virtualenv/massenger.reservira.ir/3.11/lib64/python3.11/site-packages/sqlalchemy/orm/persistence.py", line 1233, in _emit_insert_statements
    result = connection.execute(
             ^^^^^^^^^^^^^^^^^^^
  File "/home/qwamjoow/virtualenv/massenger.reservira.ir/3.11/lib64/python3.11/site-packages/sqlalchemy/engine/base.py", line 1418, in execute
    return meth(
           ^^^^^
  File "/home/qwamjoow/virtualenv/massenger.reservira.ir/3.11/lib64/python3.11/site-packages/sqlalchemy/sql/elements.py", line 515, in _execute_on_connection
    return connection._execute_clauseelement(
           ^^^^^^^^^^^^^^^^^^^^^^^^^^^^^^^^^^
  File "/home/qwamjoow/virtualenv/massenger.reservira.ir/3.11/lib64/python3.11/site-packages/sqlalchemy/engine/base.py", line 1640, in _execute_clauseelement
    ret = self._execute_context(
          ^^^^^^^^^^^^^^^^^^^^^^
  File "/home/qwamjoow/virtualenv/massenger.reservira.ir/3.11/lib64/python3.11/site-packages/sqlalchemy/engine/base.py", line 1846, in _execute_context
    return self._exec_single_context(
           ^^^^^^^^^^^^^^^^^^^^^^^^^^
  File "/home/qwamjoow/virtualenv/massenger.reservira.ir/3.11/lib64/python3.11/site-packages/sqlalchemy/engine/base.py", line 1986, in _exec_single_context
    self._handle_dbapi_exception(
  File "/home/qwamjoow/virtualenv/massenger.reservira.ir/3.11/lib64/python3.11/site-packages/sqlalchemy/engine/base.py", line 2355, in _handle_dbapi_exception
    raise sqlalchemy_exception.with_traceback(exc_info[2]) from e
  File "/home/qwamjoow/virtualenv/massenger.reservira.ir/3.11/lib64/python3.11/site-packages/sqlalchemy/engine/base.py", line 1967, in _exec_single_context
    self.dialect.do_execute(
  File "/home/qwamjoow/virtualenv/massenger.reservira.ir/3.11/lib64/python3.11/site-packages/sqlalchemy/engine/default.py", line 941, in do_execute
    cursor.execute(statement, parameters)
  File "/home/qwamjoow/virtualenv/massenger.reservira.ir/3.11/lib/python3.11/site-packages/pymysql/cursors.py", line 153, in execute
    result = self._query(query)
             ^^^^^^^^^^^^^^^^^^
  File "/home/qwamjoow/virtualenv/massenger.reservira.ir/3.11/lib/python3.11/site-packages/pymysql/cursors.py", line 322, in _query
    conn.query(q)
  File "/home/qwamjoow/virtualenv/massenger.reservira.ir/3.11/lib/python3.11/site-packages/pymysql/connections.py", line 563, in query
    self._affected_rows = self._read_query_result(unbuffered=unbuffered)
                          ^^^^^^^^^^^^^^^^^^^^^^^^^^^^^^^^^^^^^^^^^^^^^^
  File "/home/qwamjoow/virtualenv/massenger.reservira.ir/3.11/lib/python3.11/site-packages/pymysql/connections.py", line 825, in _read_query_result
    result.read()
  File "/home/qwamjoow/virtualenv/massenger.reservira.ir/3.11/lib/python3.11/site-packages/pymysql/connections.py", line 1199, in read
    first_packet = self.connection._read_packet()
                   ^^^^^^^^^^^^^^^^^^^^^^^^^^^^^^
  File "/home/qwamjoow/virtualenv/massenger.reservira.ir/3.11/lib/python3.11/site-packages/pymysql/connections.py", line 775, in _read_packet
    packet.raise_for_error()
  File "/home/qwamjoow/virtualenv/massenger.reservira.ir/3.11/lib/python3.11/site-packages/pymysql/protocol.py", line 219, in raise_for_error
    err.raise_mysql_exception(self._data)
  File "/home/qwamjoow/virtualenv/massenger.reservira.ir/3.11/lib/python3.11/site-packages/pymysql/err.py", line 150, in raise_mysql_exception
    raise errorclass(errno, errval)
sqlalchemy.exc.IntegrityError: (raised as a result of Query-invoked autoflush; consider using a session.no_autoflush block if this flush is occurring prematurely)
(pymysql.err.IntegrityError) (1062, "Duplicate entry 'eaf162dd-b011-4af6-9bff-d15119b7401c-98cf2828-7dcc-403b-8442-d3d' for key 'message_statuses.uq_message_status'")
[SQL: INSERT INTO message_statuses (id, message_id, user_id, status, delivered_at, read_at, created_at) VALUES (%(id)s, %(message_id)s, %(user_id)s, %(status)s, %(delivered_at)s, %(read_at)s, %(created_at)s)]
[parameters: {'id': 'd28473f3-77eb-4694-84e2-a9c51ea75ed1', 'message_id': 'eaf162dd-b011-4af6-9bff-d15119b7401c', 'user_id': '98cf2828-7dcc-403b-8442-d3de625bd636', 'status': 'delivered', 'delivered_at': datetime.datetime(2026, 9, 14, 9, 12, 22, 967662), 'read_at': None, 'created_at': datetime.datetime(2026, 9, 14, 9, 12, 22, 972940)}]
(Background on this error at: https://sqlalche.me/e/20/gkpj)
[2026-09-14 12:42:23,954] ERROR in app: Exception on /api/v1/messages/5a55ce54-bbe9-421d-adab-9528d0ae3ff1 [GET]
Traceback (most recent call last):
  File "/home/qwamjoow/virtualenv/massenger.reservira.ir/3.11/lib64/python3.11/site-packages/sqlalchemy/engine/base.py", line 1967, in _exec_single_context
    self.dialect.do_execute(
  File "/home/qwamjoow/virtualenv/massenger.reservira.ir/3.11/lib64/python3.11/site-packages/sqlalchemy/engine/default.py", line 941, in do_execute
    cursor.execute(statement, parameters)
  File "/home/qwamjoow/virtualenv/massenger.reservira.ir/3.11/lib/python3.11/site-packages/pymysql/cursors.py", line 153, in execute
    result = self._query(query)
             ^^^^^^^^^^^^^^^^^^
  File "/home/qwamjoow/virtualenv/massenger.reservira.ir/3.11/lib/python3.11/site-packages/pymysql/cursors.py", line 322, in _query
    conn.query(q)
  File "/home/qwamjoow/virtualenv/massenger.reservira.ir/3.11/lib/python3.11/site-packages/pymysql/connections.py", line 563, in query
    self._affected_rows = self._read_query_result(unbuffered=unbuffered)
                          ^^^^^^^^^^^^^^^^^^^^^^^^^^^^^^^^^^^^^^^^^^^^^^
  File "/home/qwamjoow/virtualenv/massenger.reservira.ir/3.11/lib/python3.11/site-packages/pymysql/connections.py", line 825, in _read_query_result
    result.read()
  File "/home/qwamjoow/virtualenv/massenger.reservira.ir/3.11/lib/python3.11/site-packages/pymysql/connections.py", line 1199, in read
    first_packet = self.connection._read_packet()
                   ^^^^^^^^^^^^^^^^^^^^^^^^^^^^^^
  File "/home/qwamjoow/virtualenv/massenger.reservira.ir/3.11/lib/python3.11/site-packages/pymysql/connections.py", line 775, in _read_packet
    packet.raise_for_error()
  File "/home/qwamjoow/virtualenv/massenger.reservira.ir/3.11/lib/python3.11/site-packages/pymysql/protocol.py", line 219, in raise_for_error
    err.raise_mysql_exception(self._data)
  File "/home/qwamjoow/virtualenv/massenger.reservira.ir/3.11/lib/python3.11/site-packages/pymysql/err.py", line 150, in raise_mysql_exception
    raise errorclass(errno, errval)
pymysql.err.IntegrityError: (1062, "Duplicate entry 'eaf162dd-b011-4af6-9bff-d15119b7401c-98cf2828-7dcc-403b-8442-d3d' for key 'message_statuses.uq_message_status'")

The above exception was the direct cause of the following exception:

Traceback (most recent call last):
  File "/home/qwamjoow/virtualenv/massenger.reservira.ir/3.11/lib/python3.11/site-packages/flask/app.py", line 1473, in wsgi_app
    response = self.full_dispatch_request()
               ^^^^^^^^^^^^^^^^^^^^^^^^^^^^
  File "/home/qwamjoow/virtualenv/massenger.reservira.ir/3.11/lib/python3.11/site-packages/flask/app.py", line 882, in full_dispatch_request
    rv = self.handle_user_exception(e)
         ^^^^^^^^^^^^^^^^^^^^^^^^^^^^^
  File "/home/qwamjoow/virtualenv/massenger.reservira.ir/3.11/lib/python3.11/site-packages/flask_cors/extension.py", line 178, in wrapped_function
    return cors_after_request(app.make_response(f(*args, **kwargs)))
                                                ^^^^^^^^^^^^^^^^^^
  File "/home/qwamjoow/virtualenv/massenger.reservira.ir/3.11/lib/python3.11/site-packages/flask/app.py", line 880, in full_dispatch_request
    rv = self.dispatch_request()
         ^^^^^^^^^^^^^^^^^^^^^^^
  File "/home/qwamjoow/virtualenv/massenger.reservira.ir/3.11/lib/python3.11/site-packages/flask/app.py", line 865, in dispatch_request
    return self.ensure_sync(self.view_functions[rule.endpoint])(**view_args)  # type: ignore[no-any-return]
           ^^^^^^^^^^^^^^^^^^^^^^^^^^^^^^^^^^^^^^^^^^^^^^^^^^^^^^^^^^^^^^^^^
  File "/home/qwamjoow/virtualenv/massenger.reservira.ir/3.11/lib/python3.11/site-packages/flask_jwt_extended/view_decorators.py", line 170, in decorator
    return current_app.ensure_sync(fn)(*args, **kwargs)
           ^^^^^^^^^^^^^^^^^^^^^^^^^^^^^^^^^^^^^^^^^^^^
  File "/home/qwamjoow/massenger.reservira.ir/app/api/messages.py", line 81, in get_messages
    dispatch_scheduled_messages(chat_id)
  File "/home/qwamjoow/massenger.reservira.ir/app/api/messages.py", line 53, in dispatch_scheduled_messages
    chat = db.session.get(Chat, msg.chat_id)
           ^^^^^^^^^^^^^^^^^^^^^^^^^^^^^^^^^
  File "/home/qwamjoow/virtualenv/massenger.reservira.ir/3.11/lib64/python3.11/site-packages/sqlalchemy/orm/scoping.py", line 1060, in get
    return self._proxied.get(
           ^^^^^^^^^^^^^^^^^^
  File "/home/qwamjoow/virtualenv/massenger.reservira.ir/3.11/lib64/python3.11/site-packages/sqlalchemy/orm/session.py", line 3693, in get
    return self._get_impl(
           ^^^^^^^^^^^^^^^
  File "/home/qwamjoow/virtualenv/massenger.reservira.ir/3.11/lib64/python3.11/site-packages/sqlalchemy/orm/session.py", line 3873, in _get_impl
    return db_load_fn(
           ^^^^^^^^^^^
  File "/home/qwamjoow/virtualenv/massenger.reservira.ir/3.11/lib64/python3.11/site-packages/sqlalchemy/orm/loading.py", line 694, in load_on_pk_identity
    session.execute(
  File "/home/qwamjoow/virtualenv/massenger.reservira.ir/3.11/lib64/python3.11/site-packages/sqlalchemy/orm/session.py", line 2362, in execute
    return self._execute_internal(
           ^^^^^^^^^^^^^^^^^^^^^^^
  File "/home/qwamjoow/virtualenv/massenger.reservira.ir/3.11/lib64/python3.11/site-packages/sqlalchemy/orm/session.py", line 2226, in _execute_internal
    ) = compile_state_cls.orm_pre_session_exec(
        ^^^^^^^^^^^^^^^^^^^^^^^^^^^^^^^^^^^^^^^
  File "/home/qwamjoow/virtualenv/massenger.reservira.ir/3.11/lib64/python3.11/site-packages/sqlalchemy/orm/context.py", line 561, in orm_pre_session_exec
    session._autoflush()
  File "/home/qwamjoow/virtualenv/massenger.reservira.ir/3.11/lib64/python3.11/site-packages/sqlalchemy/orm/session.py", line 3061, in _autoflush
    raise e.with_traceback(sys.exc_info()[2])
  File "/home/qwamjoow/virtualenv/massenger.reservira.ir/3.11/lib64/python3.11/site-packages/sqlalchemy/orm/session.py", line 3050, in _autoflush
    self.flush()
  File "/home/qwamjoow/virtualenv/massenger.reservira.ir/3.11/lib64/python3.11/site-packages/sqlalchemy/orm/session.py", line 4352, in flush
    self._flush(objects)
  File "/home/qwamjoow/virtualenv/massenger.reservira.ir/3.11/lib64/python3.11/site-packages/sqlalchemy/orm/session.py", line 4487, in _flush
    with util.safe_reraise():
  File "/home/qwamjoow/virtualenv/massenger.reservira.ir/3.11/lib64/python3.11/site-packages/sqlalchemy/util/langhelpers.py", line 146, in __exit__
    raise exc_value.with_traceback(exc_tb)
  File "/home/qwamjoow/virtualenv/massenger.reservira.ir/3.11/lib64/python3.11/site-packages/sqlalchemy/orm/session.py", line 4448, in _flush
    flush_context.execute()
  File "/home/qwamjoow/virtualenv/massenger.reservira.ir/3.11/lib64/python3.11/site-packages/sqlalchemy/orm/unitofwork.py", line 466, in execute
    rec.execute(self)
  File "/home/qwamjoow/virtualenv/massenger.reservira.ir/3.11/lib64/python3.11/site-packages/sqlalchemy/orm/unitofwork.py", line 642, in execute
    util.preloaded.orm_persistence.save_obj(
  File "/home/qwamjoow/virtualenv/massenger.reservira.ir/3.11/lib64/python3.11/site-packages/sqlalchemy/orm/persistence.py", line 93, in save_obj
    _emit_insert_statements(
  File "/home/qwamjoow/virtualenv/massenger.reservira.ir/3.11/lib64/python3.11/site-packages/sqlalchemy/orm/persistence.py", line 1233, in _emit_insert_statements
    result = connection.execute(
             ^^^^^^^^^^^^^^^^^^^
  File "/home/qwamjoow/virtualenv/massenger.reservira.ir/3.11/lib64/python3.11/site-packages/sqlalchemy/engine/base.py", line 1418, in execute
    return meth(
           ^^^^^
  File "/home/qwamjoow/virtualenv/massenger.reservira.ir/3.11/lib64/python3.11/site-packages/sqlalchemy/sql/elements.py", line 515, in _execute_on_connection
    return connection._execute_clauseelement(
           ^^^^^^^^^^^^^^^^^^^^^^^^^^^^^^^^^^
  File "/home/qwamjoow/virtualenv/massenger.reservira.ir/3.11/lib64/python3.11/site-packages/sqlalchemy/engine/base.py", line 1640, in _execute_clauseelement
    ret = self._execute_context(
          ^^^^^^^^^^^^^^^^^^^^^^
  File "/home/qwamjoow/virtualenv/massenger.reservira.ir/3.11/lib64/python3.11/site-packages/sqlalchemy/engine/base.py", line 1846, in _execute_context
    return self._exec_single_context(
           ^^^^^^^^^^^^^^^^^^^^^^^^^^
  File "/home/qwamjoow/virtualenv/massenger.reservira.ir/3.11/lib64/python3.11/site-packages/sqlalchemy/engine/base.py", line 1986, in _exec_single_context
    self._handle_dbapi_exception(
  File "/home/qwamjoow/virtualenv/massenger.reservira.ir/3.11/lib64/python3.11/site-packages/sqlalchemy/engine/base.py", line 2355, in _handle_dbapi_exception
    raise sqlalchemy_exception.with_traceback(exc_info[2]) from e
  File "/home/qwamjoow/virtualenv/massenger.reservira.ir/3.11/lib64/python3.11/site-packages/sqlalchemy/engine/base.py", line 1967, in _exec_single_context
    self.dialect.do_execute(
  File "/home/qwamjoow/virtualenv/massenger.reservira.ir/3.11/lib64/python3.11/site-packages/sqlalchemy/engine/default.py", line 941, in do_execute
    cursor.execute(statement, parameters)
  File "/home/qwamjoow/virtualenv/massenger.reservira.ir/3.11/lib/python3.11/site-packages/pymysql/cursors.py", line 153, in execute
    result = self._query(query)
             ^^^^^^^^^^^^^^^^^^
  File "/home/qwamjoow/virtualenv/massenger.reservira.ir/3.11/lib/python3.11/site-packages/pymysql/cursors.py", line 322, in _query
    conn.query(q)
  File "/home/qwamjoow/virtualenv/massenger.reservira.ir/3.11/lib/python3.11/site-packages/pymysql/connections.py", line 563, in query
    self._affected_rows = self._read_query_result(unbuffered=unbuffered)
                          ^^^^^^^^^^^^^^^^^^^^^^^^^^^^^^^^^^^^^^^^^^^^^^
  File "/home/qwamjoow/virtualenv/massenger.reservira.ir/3.11/lib/python3.11/site-packages/pymysql/connections.py", line 825, in _read_query_result
    result.read()
  File "/home/qwamjoow/virtualenv/massenger.reservira.ir/3.11/lib/python3.11/site-packages/pymysql/connections.py", line 1199, in read
    first_packet = self.connection._read_packet()
                   ^^^^^^^^^^^^^^^^^^^^^^^^^^^^^^
  File "/home/qwamjoow/virtualenv/massenger.reservira.ir/3.11/lib/python3.11/site-packages/pymysql/connections.py", line 775, in _read_packet
    packet.raise_for_error()
  File "/home/qwamjoow/virtualenv/massenger.reservira.ir/3.11/lib/python3.11/site-packages/pymysql/protocol.py", line 219, in raise_for_error
    err.raise_mysql_exception(self._data)
  File "/home/qwamjoow/virtualenv/massenger.reservira.ir/3.11/lib/python3.11/site-packages/pymysql/err.py", line 150, in raise_mysql_exception
    raise errorclass(errno, errval)
sqlalchemy.exc.IntegrityError: (raised as a result of Query-invoked autoflush; consider using a session.no_autoflush block if this flush is occurring prematurely)
(pymysql.err.IntegrityError) (1062, "Duplicate entry 'eaf162dd-b011-4af6-9bff-d15119b7401c-98cf2828-7dcc-403b-8442-d3d' for key 'message_statuses.uq_message_status'")
[SQL: INSERT INTO message_statuses (id, message_id, user_id, status, delivered_at, read_at, created_at) VALUES (%(id)s, %(message_id)s, %(user_id)s, %(status)s, %(delivered_at)s, %(read_at)s, %(created_at)s)]
[parameters: {'id': '4ca5e601-0f15-4560-9f82-9cf8da0a927e', 'message_id': 'eaf162dd-b011-4af6-9bff-d15119b7401c', 'user_id': '98cf2828-7dcc-403b-8442-d3de625bd636', 'status': 'delivered', 'delivered_at': datetime.datetime(2026, 9, 14, 9, 12, 23, 934178), 'read_at': None, 'created_at': datetime.datetime(2026, 9, 14, 9, 12, 23, 942048)}]
(Background on this error at: https://sqlalche.me/e/20/gkpj)
[2026-09-14 12:42:25,993] ERROR in app: Exception on /api/v1/messages/5a55ce54-bbe9-421d-adab-9528d0ae3ff1 [GET]
Traceback (most recent call last):
  File "/home/qwamjoow/virtualenv/massenger.reservira.ir/3.11/lib64/python3.11/site-packages/sqlalchemy/engine/base.py", line 1967, in _exec_single_context
    self.dialect.do_execute(
  File "/home/qwamjoow/virtualenv/massenger.reservira.ir/3.11/lib64/python3.11/site-packages/sqlalchemy/engine/default.py", line 941, in do_execute
    cursor.execute(statement, parameters)
  File "/home/qwamjoow/virtualenv/massenger.reservira.ir/3.11/lib/python3.11/site-packages/pymysql/cursors.py", line 153, in execute
    result = self._query(query)
             ^^^^^^^^^^^^^^^^^^
  File "/home/qwamjoow/virtualenv/massenger.reservira.ir/3.11/lib/python3.11/site-packages/pymysql/cursors.py", line 322, in _query
    conn.query(q)
  File "/home/qwamjoow/virtualenv/massenger.reservira.ir/3.11/lib/python3.11/site-packages/pymysql/connections.py", line 563, in query
    self._affected_rows = self._read_query_result(unbuffered=unbuffered)
                          ^^^^^^^^^^^^^^^^^^^^^^^^^^^^^^^^^^^^^^^^^^^^^^
  File "/home/qwamjoow/virtualenv/massenger.reservira.ir/3.11/lib/python3.11/site-packages/pymysql/connections.py", line 825, in _read_query_result
    result.read()
  File "/home/qwamjoow/virtualenv/massenger.reservira.ir/3.11/lib/python3.11/site-packages/pymysql/connections.py", line 1199, in read
    first_packet = self.connection._read_packet()
                   ^^^^^^^^^^^^^^^^^^^^^^^^^^^^^^
  File "/home/qwamjoow/virtualenv/massenger.reservira.ir/3.11/lib/python3.11/site-packages/pymysql/connections.py", line 775, in _read_packet
    packet.raise_for_error()
  File "/home/qwamjoow/virtualenv/massenger.reservira.ir/3.11/lib/python3.11/site-packages/pymysql/protocol.py", line 219, in raise_for_error
    err.raise_mysql_exception(self._data)
  File "/home/qwamjoow/virtualenv/massenger.reservira.ir/3.11/lib/python3.11/site-packages/pymysql/err.py", line 150, in raise_mysql_exception
    raise errorclass(errno, errval)
pymysql.err.IntegrityError: (1062, "Duplicate entry 'eaf162dd-b011-4af6-9bff-d15119b7401c-98cf2828-7dcc-403b-8442-d3d' for key 'message_statuses.uq_message_status'")

The above exception was the direct cause of the following exception:

Traceback (most recent call last):
  File "/home/qwamjoow/virtualenv/massenger.reservira.ir/3.11/lib/python3.11/site-packages/flask/app.py", line 1473, in wsgi_app
    response = self.full_dispatch_request()
               ^^^^^^^^^^^^^^^^^^^^^^^^^^^^
  File "/home/qwamjoow/virtualenv/massenger.reservira.ir/3.11/lib/python3.11/site-packages/flask/app.py", line 882, in full_dispatch_request
    rv = self.handle_user_exception(e)
         ^^^^^^^^^^^^^^^^^^^^^^^^^^^^^
  File "/home/qwamjoow/virtualenv/massenger.reservira.ir/3.11/lib/python3.11/site-packages/flask_cors/extension.py", line 178, in wrapped_function
    return cors_after_request(app.make_response(f(*args, **kwargs)))
                                                ^^^^^^^^^^^^^^^^^^
  File "/home/qwamjoow/virtualenv/massenger.reservira.ir/3.11/lib/python3.11/site-packages/flask/app.py", line 880, in full_dispatch_request
    rv = self.dispatch_request()
         ^^^^^^^^^^^^^^^^^^^^^^^
  File "/home/qwamjoow/virtualenv/massenger.reservira.ir/3.11/lib/python3.11/site-packages/flask/app.py", line 865, in dispatch_request
    return self.ensure_sync(self.view_functions[rule.endpoint])(**view_args)  # type: ignore[no-any-return]
           ^^^^^^^^^^^^^^^^^^^^^^^^^^^^^^^^^^^^^^^^^^^^^^^^^^^^^^^^^^^^^^^^^
  File "/home/qwamjoow/virtualenv/massenger.reservira.ir/3.11/lib/python3.11/site-packages/flask_jwt_extended/view_decorators.py", line 170, in decorator
    return current_app.ensure_sync(fn)(*args, **kwargs)
           ^^^^^^^^^^^^^^^^^^^^^^^^^^^^^^^^^^^^^^^^^^^^
  File "/home/qwamjoow/massenger.reservira.ir/app/api/messages.py", line 81, in get_messages
    dispatch_scheduled_messages(chat_id)
  File "/home/qwamjoow/massenger.reservira.ir/app/api/messages.py", line 53, in dispatch_scheduled_messages
    chat = db.session.get(Chat, msg.chat_id)
           ^^^^^^^^^^^^^^^^^^^^^^^^^^^^^^^^^
  File "/home/qwamjoow/virtualenv/massenger.reservira.ir/3.11/lib64/python3.11/site-packages/sqlalchemy/orm/scoping.py", line 1060, in get
    return self._proxied.get(
           ^^^^^^^^^^^^^^^^^^
  File "/home/qwamjoow/virtualenv/massenger.reservira.ir/3.11/lib64/python3.11/site-packages/sqlalchemy/orm/session.py", line 3693, in get
    return self._get_impl(
           ^^^^^^^^^^^^^^^
  File "/home/qwamjoow/virtualenv/massenger.reservira.ir/3.11/lib64/python3.11/site-packages/sqlalchemy/orm/session.py", line 3873, in _get_impl
    return db_load_fn(
           ^^^^^^^^^^^
  File "/home/qwamjoow/virtualenv/massenger.reservira.ir/3.11/lib64/python3.11/site-packages/sqlalchemy/orm/loading.py", line 694, in load_on_pk_identity
    session.execute(
  File "/home/qwamjoow/virtualenv/massenger.reservira.ir/3.11/lib64/python3.11/site-packages/sqlalchemy/orm/session.py", line 2362, in execute
    return self._execute_internal(
           ^^^^^^^^^^^^^^^^^^^^^^^
  File "/home/qwamjoow/virtualenv/massenger.reservira.ir/3.11/lib64/python3.11/site-packages/sqlalchemy/orm/session.py", line 2226, in _execute_internal
    ) = compile_state_cls.orm_pre_session_exec(
        ^^^^^^^^^^^^^^^^^^^^^^^^^^^^^^^^^^^^^^^
  File "/home/qwamjoow/virtualenv/massenger.reservira.ir/3.11/lib64/python3.11/site-packages/sqlalchemy/orm/context.py", line 561, in orm_pre_session_exec
    session._autoflush()
  File "/home/qwamjoow/virtualenv/massenger.reservira.ir/3.11/lib64/python3.11/site-packages/sqlalchemy/orm/session.py", line 3061, in _autoflush
    raise e.with_traceback(sys.exc_info()[2])
  File "/home/qwamjoow/virtualenv/massenger.reservira.ir/3.11/lib64/python3.11/site-packages/sqlalchemy/orm/session.py", line 3050, in _autoflush
    self.flush()
  File "/home/qwamjoow/virtualenv/massenger.reservira.ir/3.11/lib64/python3.11/site-packages/sqlalchemy/orm/session.py", line 4352, in flush
    self._flush(objects)
  File "/home/qwamjoow/virtualenv/massenger.reservira.ir/3.11/lib64/python3.11/site-packages/sqlalchemy/orm/session.py", line 4487, in _flush
    with util.safe_reraise():
  File "/home/qwamjoow/virtualenv/massenger.reservira.ir/3.11/lib64/python3.11/site-packages/sqlalchemy/util/langhelpers.py", line 146, in __exit__
    raise exc_value.with_traceback(exc_tb)
  File "/home/qwamjoow/virtualenv/massenger.reservira.ir/3.11/lib64/python3.11/site-packages/sqlalchemy/orm/session.py", line 4448, in _flush
    flush_context.execute()
  File "/home/qwamjoow/virtualenv/massenger.reservira.ir/3.11/lib64/python3.11/site-packages/sqlalchemy/orm/unitofwork.py", line 466, in execute
    rec.execute(self)
  File "/home/qwamjoow/virtualenv/massenger.reservira.ir/3.11/lib64/python3.11/site-packages/sqlalchemy/orm/unitofwork.py", line 642, in execute
    util.preloaded.orm_persistence.save_obj(
  File "/home/qwamjoow/virtualenv/massenger.reservira.ir/3.11/lib64/python3.11/site-packages/sqlalchemy/orm/persistence.py", line 93, in save_obj
    _emit_insert_statements(
  File "/home/qwamjoow/virtualenv/massenger.reservira.ir/3.11/lib64/python3.11/site-packages/sqlalchemy/orm/persistence.py", line 1233, in _emit_insert_statements
    result = connection.execute(
             ^^^^^^^^^^^^^^^^^^^
  File "/home/qwamjoow/virtualenv/massenger.reservira.ir/3.11/lib64/python3.11/site-packages/sqlalchemy/engine/base.py", line 1418, in execute
    return meth(
           ^^^^^
  File "/home/qwamjoow/virtualenv/massenger.reservira.ir/3.11/lib64/python3.11/site-packages/sqlalchemy/sql/elements.py", line 515, in _execute_on_connection
    return connection._execute_clauseelement(
           ^^^^^^^^^^^^^^^^^^^^^^^^^^^^^^^^^^
  File "/home/qwamjoow/virtualenv/massenger.reservira.ir/3.11/lib64/python3.11/site-packages/sqlalchemy/engine/base.py", line 1640, in _execute_clauseelement
    ret = self._execute_context(
          ^^^^^^^^^^^^^^^^^^^^^^
  File "/home/qwamjoow/virtualenv/massenger.reservira.ir/3.11/lib64/python3.11/site-packages/sqlalchemy/engine/base.py", line 1846, in _execute_context
    return self._exec_single_context(
           ^^^^^^^^^^^^^^^^^^^^^^^^^^
  File "/home/qwamjoow/virtualenv/massenger.reservira.ir/3.11/lib64/python3.11/site-packages/sqlalchemy/engine/base.py", line 1986, in _exec_single_context
    self._handle_dbapi_exception(
  File "/home/qwamjoow/virtualenv/massenger.reservira.ir/3.11/lib64/python3.11/site-packages/sqlalchemy/engine/base.py", line 2355, in _handle_dbapi_exception
    raise sqlalchemy_exception.with_traceback(exc_info[2]) from e
  File "/home/qwamjoow/virtualenv/massenger.reservira.ir/3.11/lib64/python3.11/site-packages/sqlalchemy/engine/base.py", line 1967, in _exec_single_context
    self.dialect.do_execute(
  File "/home/qwamjoow/virtualenv/massenger.reservira.ir/3.11/lib64/python3.11/site-packages/sqlalchemy/engine/default.py", line 941, in do_execute
    cursor.execute(statement, parameters)
  File "/home/qwamjoow/virtualenv/massenger.reservira.ir/3.11/lib/python3.11/site-packages/pymysql/cursors.py", line 153, in execute
    result = self._query(query)
             ^^^^^^^^^^^^^^^^^^
  File "/home/qwamjoow/virtualenv/massenger.reservira.ir/3.11/lib/python3.11/site-packages/pymysql/cursors.py", line 322, in _query
    conn.query(q)
  File "/home/qwamjoow/virtualenv/massenger.reservira.ir/3.11/lib/python3.11/site-packages/pymysql/connections.py", line 563, in query
    self._affected_rows = self._read_query_result(unbuffered=unbuffered)
                          ^^^^^^^^^^^^^^^^^^^^^^^^^^^^^^^^^^^^^^^^^^^^^^
  File "/home/qwamjoow/virtualenv/massenger.reservira.ir/3.11/lib/python3.11/site-packages/pymysql/connections.py", line 825, in _read_query_result
    result.read()
  File "/home/qwamjoow/virtualenv/massenger.reservira.ir/3.11/lib/python3.11/site-packages/pymysql/connections.py", line 1199, in read
    first_packet = self.connection._read_packet()
                   ^^^^^^^^^^^^^^^^^^^^^^^^^^^^^^
  File "/home/qwamjoow/virtualenv/massenger.reservira.ir/3.11/lib/python3.11/site-packages/pymysql/connections.py", line 775, in _read_packet
    packet.raise_for_error()
  File "/home/qwamjoow/virtualenv/massenger.reservira.ir/3.11/lib/python3.11/site-packages/pymysql/protocol.py", line 219, in raise_for_error
    err.raise_mysql_exception(self._data)
  File "/home/qwamjoow/virtualenv/massenger.reservira.ir/3.11/lib/python3.11/site-packages/pymysql/err.py", line 150, in raise_mysql_exception
    raise errorclass(errno, errval)
sqlalchemy.exc.IntegrityError: (raised as a result of Query-invoked autoflush; consider using a session.no_autoflush block if this flush is occurring prematurely)
(pymysql.err.IntegrityError) (1062, "Duplicate entry 'eaf162dd-b011-4af6-9bff-d15119b7401c-98cf2828-7dcc-403b-8442-d3d' for key 'message_statuses.uq_message_status'")
[SQL: INSERT INTO message_statuses (id, message_id, user_id, status, delivered_at, read_at, created_at) VALUES (%(id)s, %(message_id)s, %(user_id)s, %(status)s, %(delivered_at)s, %(read_at)s, %(created_at)s)]
[parameters: {'id': '3c202a37-19be-46b4-bf34-29d4800f4ff4', 'message_id': 'eaf162dd-b011-4af6-9bff-d15119b7401c', 'user_id': '98cf2828-7dcc-403b-8442-d3de625bd636', 'status': 'delivered', 'delivered_at': datetime.datetime(2026, 9, 14, 9, 12, 25, 974461), 'read_at': None, 'created_at': datetime.datetime(2026, 9, 14, 9, 12, 25, 979862)}]
(Background on this error at: https://sqlalche.me/e/20/gkpj)
[2026-09-14 12:42:26,688] ERROR in app: Exception on /api/v1/messages/5a55ce54-bbe9-421d-adab-9528d0ae3ff1 [GET]
Traceback (most recent call last):
  File "/home/qwamjoow/virtualenv/massenger.reservira.ir/3.11/lib64/python3.11/site-packages/sqlalchemy/engine/base.py", line 1967, in _exec_single_context
    self.dialect.do_execute(
  File "/home/qwamjoow/virtualenv/massenger.reservira.ir/3.11/lib64/python3.11/site-packages/sqlalchemy/engine/default.py", line 941, in do_execute
    cursor.execute(statement, parameters)
  File "/home/qwamjoow/virtualenv/massenger.reservira.ir/3.11/lib/python3.11/site-packages/pymysql/cursors.py", line 153, in execute
    result = self._query(query)
             ^^^^^^^^^^^^^^^^^^
  File "/home/qwamjoow/virtualenv/massenger.reservira.ir/3.11/lib/python3.11/site-packages/pymysql/cursors.py", line 322, in _query
    conn.query(q)
  File "/home/qwamjoow/virtualenv/massenger.reservira.ir/3.11/lib/python3.11/site-packages/pymysql/connections.py", line 563, in query
    self._affected_rows = self._read_query_result(unbuffered=unbuffered)
                          ^^^^^^^^^^^^^^^^^^^^^^^^^^^^^^^^^^^^^^^^^^^^^^
  File "/home/qwamjoow/virtualenv/massenger.reservira.ir/3.11/lib/python3.11/site-packages/pymysql/connections.py", line 825, in _read_query_result
    result.read()
  File "/home/qwamjoow/virtualenv/massenger.reservira.ir/3.11/lib/python3.11/site-packages/pymysql/connections.py", line 1199, in read
    first_packet = self.connection._read_packet()
                   ^^^^^^^^^^^^^^^^^^^^^^^^^^^^^^
  File "/home/qwamjoow/virtualenv/massenger.reservira.ir/3.11/lib/python3.11/site-packages/pymysql/connections.py", line 775, in _read_packet
    packet.raise_for_error()
  File "/home/qwamjoow/virtualenv/massenger.reservira.ir/3.11/lib/python3.11/site-packages/pymysql/protocol.py", line 219, in raise_for_error
    err.raise_mysql_exception(self._data)
  File "/home/qwamjoow/virtualenv/massenger.reservira.ir/3.11/lib/python3.11/site-packages/pymysql/err.py", line 150, in raise_mysql_exception
    raise errorclass(errno, errval)
pymysql.err.IntegrityError: (1062, "Duplicate entry 'eaf162dd-b011-4af6-9bff-d15119b7401c-98cf2828-7dcc-403b-8442-d3d' for key 'message_statuses.uq_message_status'")

The above exception was the direct cause of the following exception:

Traceback (most recent call last):
  File "/home/qwamjoow/virtualenv/massenger.reservira.ir/3.11/lib/python3.11/site-packages/flask/app.py", line 1473, in wsgi_app
    response = self.full_dispatch_request()
               ^^^^^^^^^^^^^^^^^^^^^^^^^^^^
  File "/home/qwamjoow/virtualenv/massenger.reservira.ir/3.11/lib/python3.11/site-packages/flask/app.py", line 882, in full_dispatch_request
    rv = self.handle_user_exception(e)
         ^^^^^^^^^^^^^^^^^^^^^^^^^^^^^
  File "/home/qwamjoow/virtualenv/massenger.reservira.ir/3.11/lib/python3.11/site-packages/flask_cors/extension.py", line 178, in wrapped_function
    return cors_after_request(app.make_response(f(*args, **kwargs)))
                                                ^^^^^^^^^^^^^^^^^^
  File "/home/qwamjoow/virtualenv/massenger.reservira.ir/3.11/lib/python3.11/site-packages/flask/app.py", line 880, in full_dispatch_request
    rv = self.dispatch_request()
         ^^^^^^^^^^^^^^^^^^^^^^^
  File "/home/qwamjoow/virtualenv/massenger.reservira.ir/3.11/lib/python3.11/site-packages/flask/app.py", line 865, in dispatch_request
    return self.ensure_sync(self.view_functions[rule.endpoint])(**view_args)  # type: ignore[no-any-return]
           ^^^^^^^^^^^^^^^^^^^^^^^^^^^^^^^^^^^^^^^^^^^^^^^^^^^^^^^^^^^^^^^^^
  File "/home/qwamjoow/virtualenv/massenger.reservira.ir/3.11/lib/python3.11/site-packages/flask_jwt_extended/view_decorators.py", line 170, in decorator
    return current_app.ensure_sync(fn)(*args, **kwargs)
           ^^^^^^^^^^^^^^^^^^^^^^^^^^^^^^^^^^^^^^^^^^^^
  File "/home/qwamjoow/massenger.reservira.ir/app/api/messages.py", line 81, in get_messages
    dispatch_scheduled_messages(chat_id)
  File "/home/qwamjoow/massenger.reservira.ir/app/api/messages.py", line 53, in dispatch_scheduled_messages
    chat = db.session.get(Chat, msg.chat_id)
           ^^^^^^^^^^^^^^^^^^^^^^^^^^^^^^^^^
  File "/home/qwamjoow/virtualenv/massenger.reservira.ir/3.11/lib64/python3.11/site-packages/sqlalchemy/orm/scoping.py", line 1060, in get
    return self._proxied.get(
           ^^^^^^^^^^^^^^^^^^
  File "/home/qwamjoow/virtualenv/massenger.reservira.ir/3.11/lib64/python3.11/site-packages/sqlalchemy/orm/session.py", line 3693, in get
    return self._get_impl(
           ^^^^^^^^^^^^^^^
  File "/home/qwamjoow/virtualenv/massenger.reservira.ir/3.11/lib64/python3.11/site-packages/sqlalchemy/orm/session.py", line 3873, in _get_impl
    return db_load_fn(
           ^^^^^^^^^^^
  File "/home/qwamjoow/virtualenv/massenger.reservira.ir/3.11/lib64/python3.11/site-packages/sqlalchemy/orm/loading.py", line 694, in load_on_pk_identity
    session.execute(
  File "/home/qwamjoow/virtualenv/massenger.reservira.ir/3.11/lib64/python3.11/site-packages/sqlalchemy/orm/session.py", line 2362, in execute
    return self._execute_internal(
           ^^^^^^^^^^^^^^^^^^^^^^^
  File "/home/qwamjoow/virtualenv/massenger.reservira.ir/3.11/lib64/python3.11/site-packages/sqlalchemy/orm/session.py", line 2226, in _execute_internal
    ) = compile_state_cls.orm_pre_session_exec(
        ^^^^^^^^^^^^^^^^^^^^^^^^^^^^^^^^^^^^^^^
  File "/home/qwamjoow/virtualenv/massenger.reservira.ir/3.11/lib64/python3.11/site-packages/sqlalchemy/orm/context.py", line 561, in orm_pre_session_exec
    session._autoflush()
  File "/home/qwamjoow/virtualenv/massenger.reservira.ir/3.11/lib64/python3.11/site-packages/sqlalchemy/orm/session.py", line 3061, in _autoflush
    raise e.with_traceback(sys.exc_info()[2])
  File "/home/qwamjoow/virtualenv/massenger.reservira.ir/3.11/lib64/python3.11/site-packages/sqlalchemy/orm/session.py", line 3050, in _autoflush
    self.flush()
  File "/home/qwamjoow/virtualenv/massenger.reservira.ir/3.11/lib64/python3.11/site-packages/sqlalchemy/orm/session.py", line 4352, in flush
    self._flush(objects)
  File "/home/qwamjoow/virtualenv/massenger.reservira.ir/3.11/lib64/python3.11/site-packages/sqlalchemy/orm/session.py", line 4487, in _flush
    with util.safe_reraise():
  File "/home/qwamjoow/virtualenv/massenger.reservira.ir/3.11/lib64/python3.11/site-packages/sqlalchemy/util/langhelpers.py", line 146, in __exit__
    raise exc_value.with_traceback(exc_tb)
  File "/home/qwamjoow/virtualenv/massenger.reservira.ir/3.11/lib64/python3.11/site-packages/sqlalchemy/orm/session.py", line 4448, in _flush
    flush_context.execute()
  File "/home/qwamjoow/virtualenv/massenger.reservira.ir/3.11/lib64/python3.11/site-packages/sqlalchemy/orm/unitofwork.py", line 466, in execute
    rec.execute(self)
  File "/home/qwamjoow/virtualenv/massenger.reservira.ir/3.11/lib64/python3.11/site-packages/sqlalchemy/orm/unitofwork.py", line 642, in execute
    util.preloaded.orm_persistence.save_obj(
  File "/home/qwamjoow/virtualenv/massenger.reservira.ir/3.11/lib64/python3.11/site-packages/sqlalchemy/orm/persistence.py", line 93, in save_obj
    _emit_insert_statements(
  File "/home/qwamjoow/virtualenv/massenger.reservira.ir/3.11/lib64/python3.11/site-packages/sqlalchemy/orm/persistence.py", line 1233, in _emit_insert_statements
    result = connection.execute(
             ^^^^^^^^^^^^^^^^^^^
  File "/home/qwamjoow/virtualenv/massenger.reservira.ir/3.11/lib64/python3.11/site-packages/sqlalchemy/engine/base.py", line 1418, in execute
    return meth(
           ^^^^^
  File "/home/qwamjoow/virtualenv/massenger.reservira.ir/3.11/lib64/python3.11/site-packages/sqlalchemy/sql/elements.py", line 515, in _execute_on_connection
    return connection._execute_clauseelement(
           ^^^^^^^^^^^^^^^^^^^^^^^^^^^^^^^^^^
  File "/home/qwamjoow/virtualenv/massenger.reservira.ir/3.11/lib64/python3.11/site-packages/sqlalchemy/engine/base.py", line 1640, in _execute_clauseelement
    ret = self._execute_context(
          ^^^^^^^^^^^^^^^^^^^^^^
  File "/home/qwamjoow/virtualenv/massenger.reservira.ir/3.11/lib64/python3.11/site-packages/sqlalchemy/engine/base.py", line 1846, in _execute_context
    return self._exec_single_context(
           ^^^^^^^^^^^^^^^^^^^^^^^^^^
  File "/home/qwamjoow/virtualenv/massenger.reservira.ir/3.11/lib64/python3.11/site-packages/sqlalchemy/engine/base.py", line 1986, in _exec_single_context
    self._handle_dbapi_exception(
  File "/home/qwamjoow/virtualenv/massenger.reservira.ir/3.11/lib64/python3.11/site-packages/sqlalchemy/engine/base.py", line 2355, in _handle_dbapi_exception
    raise sqlalchemy_exception.with_traceback(exc_info[2]) from e
  File "/home/qwamjoow/virtualenv/massenger.reservira.ir/3.11/lib64/python3.11/site-packages/sqlalchemy/engine/base.py", line 1967, in _exec_single_context
    self.dialect.do_execute(
  File "/home/qwamjoow/virtualenv/massenger.reservira.ir/3.11/lib64/python3.11/site-packages/sqlalchemy/engine/default.py", line 941, in do_execute
    cursor.execute(statement, parameters)
  File "/home/qwamjoow/virtualenv/massenger.reservira.ir/3.11/lib/python3.11/site-packages/pymysql/cursors.py", line 153, in execute
    result = self._query(query)
             ^^^^^^^^^^^^^^^^^^
  File "/home/qwamjoow/virtualenv/massenger.reservira.ir/3.11/lib/python3.11/site-packages/pymysql/cursors.py", line 322, in _query
    conn.query(q)
  File "/home/qwamjoow/virtualenv/massenger.reservira.ir/3.11/lib/python3.11/site-packages/pymysql/connections.py", line 563, in query
    self._affected_rows = self._read_query_result(unbuffered=unbuffered)
                          ^^^^^^^^^^^^^^^^^^^^^^^^^^^^^^^^^^^^^^^^^^^^^^
  File "/home/qwamjoow/virtualenv/massenger.reservira.ir/3.11/lib/python3.11/site-packages/pymysql/connections.py", line 825, in _read_query_result
    result.read()
  File "/home/qwamjoow/virtualenv/massenger.reservira.ir/3.11/lib/python3.11/site-packages/pymysql/connections.py", line 1199, in read
    first_packet = self.connection._read_packet()
                   ^^^^^^^^^^^^^^^^^^^^^^^^^^^^^^
  File "/home/qwamjoow/virtualenv/massenger.reservira.ir/3.11/lib/python3.11/site-packages/pymysql/connections.py", line 775, in _read_packet
    packet.raise_for_error()
  File "/home/qwamjoow/virtualenv/massenger.reservira.ir/3.11/lib/python3.11/site-packages/pymysql/protocol.py", line 219, in raise_for_error
    err.raise_mysql_exception(self._data)
  File "/home/qwamjoow/virtualenv/massenger.reservira.ir/3.11/lib/python3.11/site-packages/pymysql/err.py", line 150, in raise_mysql_exception
    raise errorclass(errno, errval)
sqlalchemy.exc.IntegrityError: (raised as a result of Query-invoked autoflush; consider using a session.no_autoflush block if this flush is occurring prematurely)
(pymysql.err.IntegrityError) (1062, "Duplicate entry 'eaf162dd-b011-4af6-9bff-d15119b7401c-98cf2828-7dcc-403b-8442-d3d' for key 'message_statuses.uq_message_status'")
[SQL: INSERT INTO message_statuses (id, message_id, user_id, status, delivered_at, read_at, created_at) VALUES (%(id)s, %(message_id)s, %(user_id)s, %(status)s, %(delivered_at)s, %(read_at)s, %(created_at)s)]
[parameters: {'id': 'c7d6dc4e-1ba6-4c90-b9b4-053845b873a2', 'message_id': 'eaf162dd-b011-4af6-9bff-d15119b7401c', 'user_id': '98cf2828-7dcc-403b-8442-d3de625bd636', 'status': 'delivered', 'delivered_at': datetime.datetime(2026, 9, 14, 9, 12, 26, 670385), 'read_at': None, 'created_at': datetime.datetime(2026, 9, 14, 9, 12, 26, 675698)}]
(Background on this error at: https://sqlalche.me/e/20/gkpj)
[2026-09-14 12:42:27,022] ERROR in app: Exception on /api/v1/messages/5a55ce54-bbe9-421d-adab-9528d0ae3ff1 [GET]
Traceback (most recent call last):
  File "/home/qwamjoow/virtualenv/massenger.reservira.ir/3.11/lib64/python3.11/site-packages/sqlalchemy/engine/base.py", line 1967, in _exec_single_context
    self.dialect.do_execute(
  File "/home/qwamjoow/virtualenv/massenger.reservira.ir/3.11/lib64/python3.11/site-packages/sqlalchemy/engine/default.py", line 941, in do_execute
    cursor.execute(statement, parameters)
  File "/home/qwamjoow/virtualenv/massenger.reservira.ir/3.11/lib/python3.11/site-packages/pymysql/cursors.py", line 153, in execute
    result = self._query(query)
             ^^^^^^^^^^^^^^^^^^
  File "/home/qwamjoow/virtualenv/massenger.reservira.ir/3.11/lib/python3.11/site-packages/pymysql/cursors.py", line 322, in _query
    conn.query(q)
  File "/home/qwamjoow/virtualenv/massenger.reservira.ir/3.11/lib/python3.11/site-packages/pymysql/connections.py", line 563, in query
    self._affected_rows = self._read_query_result(unbuffered=unbuffered)
                          ^^^^^^^^^^^^^^^^^^^^^^^^^^^^^^^^^^^^^^^^^^^^^^
  File "/home/qwamjoow/virtualenv/massenger.reservira.ir/3.11/lib/python3.11/site-packages/pymysql/connections.py", line 825, in _read_query_result
    result.read()
  File "/home/qwamjoow/virtualenv/massenger.reservira.ir/3.11/lib/python3.11/site-packages/pymysql/connections.py", line 1199, in read
    first_packet = self.connection._read_packet()
                   ^^^^^^^^^^^^^^^^^^^^^^^^^^^^^^
  File "/home/qwamjoow/virtualenv/massenger.reservira.ir/3.11/lib/python3.11/site-packages/pymysql/connections.py", line 775, in _read_packet
    packet.raise_for_error()
  File "/home/qwamjoow/virtualenv/massenger.reservira.ir/3.11/lib/python3.11/site-packages/pymysql/protocol.py", line 219, in raise_for_error
    err.raise_mysql_exception(self._data)
  File "/home/qwamjoow/virtualenv/massenger.reservira.ir/3.11/lib/python3.11/site-packages/pymysql/err.py", line 150, in raise_mysql_exception
    raise errorclass(errno, errval)
pymysql.err.IntegrityError: (1062, "Duplicate entry 'eaf162dd-b011-4af6-9bff-d15119b7401c-98cf2828-7dcc-403b-8442-d3d' for key 'message_statuses.uq_message_status'")

The above exception was the direct cause of the following exception:

Traceback (most recent call last):
  File "/home/qwamjoow/virtualenv/massenger.reservira.ir/3.11/lib/python3.11/site-packages/flask/app.py", line 1473, in wsgi_app
    response = self.full_dispatch_request()
               ^^^^^^^^^^^^^^^^^^^^^^^^^^^^
  File "/home/qwamjoow/virtualenv/massenger.reservira.ir/3.11/lib/python3.11/site-packages/flask/app.py", line 882, in full_dispatch_request
    rv = self.handle_user_exception(e)
         ^^^^^^^^^^^^^^^^^^^^^^^^^^^^^
  File "/home/qwamjoow/virtualenv/massenger.reservira.ir/3.11/lib/python3.11/site-packages/flask_cors/extension.py", line 178, in wrapped_function
    return cors_after_request(app.make_response(f(*args, **kwargs)))
                                                ^^^^^^^^^^^^^^^^^^
  File "/home/qwamjoow/virtualenv/massenger.reservira.ir/3.11/lib/python3.11/site-packages/flask/app.py", line 880, in full_dispatch_request
    rv = self.dispatch_request()
         ^^^^^^^^^^^^^^^^^^^^^^^
  File "/home/qwamjoow/virtualenv/massenger.reservira.ir/3.11/lib/python3.11/site-packages/flask/app.py", line 865, in dispatch_request
    return self.ensure_sync(self.view_functions[rule.endpoint])(**view_args)  # type: ignore[no-any-return]
           ^^^^^^^^^^^^^^^^^^^^^^^^^^^^^^^^^^^^^^^^^^^^^^^^^^^^^^^^^^^^^^^^^
  File "/home/qwamjoow/virtualenv/massenger.reservira.ir/3.11/lib/python3.11/site-packages/flask_jwt_extended/view_decorators.py", line 170, in decorator
    return current_app.ensure_sync(fn)(*args, **kwargs)
           ^^^^^^^^^^^^^^^^^^^^^^^^^^^^^^^^^^^^^^^^^^^^
  File "/home/qwamjoow/massenger.reservira.ir/app/api/messages.py", line 81, in get_messages
    dispatch_scheduled_messages(chat_id)
  File "/home/qwamjoow/massenger.reservira.ir/app/api/messages.py", line 53, in dispatch_scheduled_messages
    chat = db.session.get(Chat, msg.chat_id)
           ^^^^^^^^^^^^^^^^^^^^^^^^^^^^^^^^^
  File "/home/qwamjoow/virtualenv/massenger.reservira.ir/3.11/lib64/python3.11/site-packages/sqlalchemy/orm/scoping.py", line 1060, in get
    return self._proxied.get(
           ^^^^^^^^^^^^^^^^^^
  File "/home/qwamjoow/virtualenv/massenger.reservira.ir/3.11/lib64/python3.11/site-packages/sqlalchemy/orm/session.py", line 3693, in get
    return self._get_impl(
           ^^^^^^^^^^^^^^^
  File "/home/qwamjoow/virtualenv/massenger.reservira.ir/3.11/lib64/python3.11/site-packages/sqlalchemy/orm/session.py", line 3873, in _get_impl
    return db_load_fn(
           ^^^^^^^^^^^
  File "/home/qwamjoow/virtualenv/massenger.reservira.ir/3.11/lib64/python3.11/site-packages/sqlalchemy/orm/loading.py", line 694, in load_on_pk_identity
    session.execute(
  File "/home/qwamjoow/virtualenv/massenger.reservira.ir/3.11/lib64/python3.11/site-packages/sqlalchemy/orm/session.py", line 2362, in execute
    return self._execute_internal(
           ^^^^^^^^^^^^^^^^^^^^^^^
  File "/home/qwamjoow/virtualenv/massenger.reservira.ir/3.11/lib64/python3.11/site-packages/sqlalchemy/orm/session.py", line 2226, in _execute_internal
    ) = compile_state_cls.orm_pre_session_exec(
        ^^^^^^^^^^^^^^^^^^^^^^^^^^^^^^^^^^^^^^^
  File "/home/qwamjoow/virtualenv/massenger.reservira.ir/3.11/lib64/python3.11/site-packages/sqlalchemy/orm/context.py", line 561, in orm_pre_session_exec
    session._autoflush()
  File "/home/qwamjoow/virtualenv/massenger.reservira.ir/3.11/lib64/python3.11/site-packages/sqlalchemy/orm/session.py", line 3061, in _autoflush
    raise e.with_traceback(sys.exc_info()[2])
  File "/home/qwamjoow/virtualenv/massenger.reservira.ir/3.11/lib64/python3.11/site-packages/sqlalchemy/orm/session.py", line 3050, in _autoflush
    self.flush()
  File "/home/qwamjoow/virtualenv/massenger.reservira.ir/3.11/lib64/python3.11/site-packages/sqlalchemy/orm/session.py", line 4352, in flush
    self._flush(objects)
  File "/home/qwamjoow/virtualenv/massenger.reservira.ir/3.11/lib64/python3.11/site-packages/sqlalchemy/orm/session.py", line 4487, in _flush
    with util.safe_reraise():
  File "/home/qwamjoow/virtualenv/massenger.reservira.ir/3.11/lib64/python3.11/site-packages/sqlalchemy/util/langhelpers.py", line 146, in __exit__
    raise exc_value.with_traceback(exc_tb)
  File "/home/qwamjoow/virtualenv/massenger.reservira.ir/3.11/lib64/python3.11/site-packages/sqlalchemy/orm/session.py", line 4448, in _flush
    flush_context.execute()
  File "/home/qwamjoow/virtualenv/massenger.reservira.ir/3.11/lib64/python3.11/site-packages/sqlalchemy/orm/unitofwork.py", line 466, in execute
    rec.execute(self)
  File "/home/qwamjoow/virtualenv/massenger.reservira.ir/3.11/lib64/python3.11/site-packages/sqlalchemy/orm/unitofwork.py", line 642, in execute
    util.preloaded.orm_persistence.save_obj(
  File "/home/qwamjoow/virtualenv/massenger.reservira.ir/3.11/lib64/python3.11/site-packages/sqlalchemy/orm/persistence.py", line 93, in save_obj
    _emit_insert_statements(
  File "/home/qwamjoow/virtualenv/massenger.reservira.ir/3.11/lib64/python3.11/site-packages/sqlalchemy/orm/persistence.py", line 1233, in _emit_insert_statements
    result = connection.execute(
             ^^^^^^^^^^^^^^^^^^^
  File "/home/qwamjoow/virtualenv/massenger.reservira.ir/3.11/lib64/python3.11/site-packages/sqlalchemy/engine/base.py", line 1418, in execute
    return meth(
           ^^^^^
  File "/home/qwamjoow/virtualenv/massenger.reservira.ir/3.11/lib64/python3.11/site-packages/sqlalchemy/sql/elements.py", line 515, in _execute_on_connection
    return connection._execute_clauseelement(
           ^^^^^^^^^^^^^^^^^^^^^^^^^^^^^^^^^^
  File "/home/qwamjoow/virtualenv/massenger.reservira.ir/3.11/lib64/python3.11/site-packages/sqlalchemy/engine/base.py", line 1640, in _execute_clauseelement
    ret = self._execute_context(
          ^^^^^^^^^^^^^^^^^^^^^^
  File "/home/qwamjoow/virtualenv/massenger.reservira.ir/3.11/lib64/python3.11/site-packages/sqlalchemy/engine/base.py", line 1846, in _execute_context
    return self._exec_single_context(
           ^^^^^^^^^^^^^^^^^^^^^^^^^^
  File "/home/qwamjoow/virtualenv/massenger.reservira.ir/3.11/lib64/python3.11/site-packages/sqlalchemy/engine/base.py", line 1986, in _exec_single_context
    self._handle_dbapi_exception(
  File "/home/qwamjoow/virtualenv/massenger.reservira.ir/3.11/lib64/python3.11/site-packages/sqlalchemy/engine/base.py", line 2355, in _handle_dbapi_exception
    raise sqlalchemy_exception.with_traceback(exc_info[2]) from e
  File "/home/qwamjoow/virtualenv/massenger.reservira.ir/3.11/lib64/python3.11/site-packages/sqlalchemy/engine/base.py", line 1967, in _exec_single_context
    self.dialect.do_execute(
  File "/home/qwamjoow/virtualenv/massenger.reservira.ir/3.11/lib64/python3.11/site-packages/sqlalchemy/engine/default.py", line 941, in do_execute
    cursor.execute(statement, parameters)
  File "/home/qwamjoow/virtualenv/massenger.reservira.ir/3.11/lib/python3.11/site-packages/pymysql/cursors.py", line 153, in execute
    result = self._query(query)
             ^^^^^^^^^^^^^^^^^^
  File "/home/qwamjoow/virtualenv/massenger.reservira.ir/3.11/lib/python3.11/site-packages/pymysql/cursors.py", line 322, in _query
    conn.query(q)
  File "/home/qwamjoow/virtualenv/massenger.reservira.ir/3.11/lib/python3.11/site-packages/pymysql/connections.py", line 563, in query
    self._affected_rows = self._read_query_result(unbuffered=unbuffered)
                          ^^^^^^^^^^^^^^^^^^^^^^^^^^^^^^^^^^^^^^^^^^^^^^
  File "/home/qwamjoow/virtualenv/massenger.reservira.ir/3.11/lib/python3.11/site-packages/pymysql/connections.py", line 825, in _read_query_result
    result.read()
  File "/home/qwamjoow/virtualenv/massenger.reservira.ir/3.11/lib/python3.11/site-packages/pymysql/connections.py", line 1199, in read
    first_packet = self.connection._read_packet()
                   ^^^^^^^^^^^^^^^^^^^^^^^^^^^^^^
  File "/home/qwamjoow/virtualenv/massenger.reservira.ir/3.11/lib/python3.11/site-packages/pymysql/connections.py", line 775, in _read_packet
    packet.raise_for_error()
  File "/home/qwamjoow/virtualenv/massenger.reservira.ir/3.11/lib/python3.11/site-packages/pymysql/protocol.py", line 219, in raise_for_error
    err.raise_mysql_exception(self._data)
  File "/home/qwamjoow/virtualenv/massenger.reservira.ir/3.11/lib/python3.11/site-packages/pymysql/err.py", line 150, in raise_mysql_exception
    raise errorclass(errno, errval)
sqlalchemy.exc.IntegrityError: (raised as a result of Query-invoked autoflush; consider using a session.no_autoflush block if this flush is occurring prematurely)
(pymysql.err.IntegrityError) (1062, "Duplicate entry 'eaf162dd-b011-4af6-9bff-d15119b7401c-98cf2828-7dcc-403b-8442-d3d' for key 'message_statuses.uq_message_status'")
[SQL: INSERT INTO message_statuses (id, message_id, user_id, status, delivered_at, read_at, created_at) VALUES (%(id)s, %(message_id)s, %(user_id)s, %(status)s, %(delivered_at)s, %(read_at)s, %(created_at)s)]
[parameters: {'id': '5c48e761-72a7-42b0-b3f9-db8d2122fea4', 'message_id': 'eaf162dd-b011-4af6-9bff-d15119b7401c', 'user_id': '98cf2828-7dcc-403b-8442-d3de625bd636', 'status': 'delivered', 'delivered_at': datetime.datetime(2026, 9, 14, 9, 12, 26, 994087), 'read_at': None, 'created_at': datetime.datetime(2026, 9, 14, 9, 12, 26, 999217)}]
(Background on this error at: https://sqlalche.me/e/20/gkpj)
[2026-09-14 12:42:29,794] ERROR in app: Exception on /api/v1/messages/5a55ce54-bbe9-421d-adab-9528d0ae3ff1 [GET]
Traceback (most recent call last):
  File "/home/qwamjoow/virtualenv/massenger.reservira.ir/3.11/lib64/python3.11/site-packages/sqlalchemy/engine/base.py", line 1967, in _exec_single_context
    self.dialect.do_execute(
  File "/home/qwamjoow/virtualenv/massenger.reservira.ir/3.11/lib64/python3.11/site-packages/sqlalchemy/engine/default.py", line 941, in do_execute
    cursor.execute(statement, parameters)
  File "/home/qwamjoow/virtualenv/massenger.reservira.ir/3.11/lib/python3.11/site-packages/pymysql/cursors.py", line 153, in execute
    result = self._query(query)
             ^^^^^^^^^^^^^^^^^^
  File "/home/qwamjoow/virtualenv/massenger.reservira.ir/3.11/lib/python3.11/site-packages/pymysql/cursors.py", line 322, in _query
    conn.query(q)
  File "/home/qwamjoow/virtualenv/massenger.reservira.ir/3.11/lib/python3.11/site-packages/pymysql/connections.py", line 563, in query
    self._affected_rows = self._read_query_result(unbuffered=unbuffered)
                          ^^^^^^^^^^^^^^^^^^^^^^^^^^^^^^^^^^^^^^^^^^^^^^
  File "/home/qwamjoow/virtualenv/massenger.reservira.ir/3.11/lib/python3.11/site-packages/pymysql/connections.py", line 825, in _read_query_result
    result.read()
  File "/home/qwamjoow/virtualenv/massenger.reservira.ir/3.11/lib/python3.11/site-packages/pymysql/connections.py", line 1199, in read
    first_packet = self.connection._read_packet()
                   ^^^^^^^^^^^^^^^^^^^^^^^^^^^^^^
  File "/home/qwamjoow/virtualenv/massenger.reservira.ir/3.11/lib/python3.11/site-packages/pymysql/connections.py", line 775, in _read_packet
    packet.raise_for_error()
  File "/home/qwamjoow/virtualenv/massenger.reservira.ir/3.11/lib/python3.11/site-packages/pymysql/protocol.py", line 219, in raise_for_error
    err.raise_mysql_exception(self._data)
  File "/home/qwamjoow/virtualenv/massenger.reservira.ir/3.11/lib/python3.11/site-packages/pymysql/err.py", line 150, in raise_mysql_exception
    raise errorclass(errno, errval)
pymysql.err.IntegrityError: (1062, "Duplicate entry 'eaf162dd-b011-4af6-9bff-d15119b7401c-98cf2828-7dcc-403b-8442-d3d' for key 'message_statuses.uq_message_status'")

The above exception was the direct cause of the following exception:

Traceback (most recent call last):
  File "/home/qwamjoow/virtualenv/massenger.reservira.ir/3.11/lib/python3.11/site-packages/flask/app.py", line 1473, in wsgi_app
    response = self.full_dispatch_request()
               ^^^^^^^^^^^^^^^^^^^^^^^^^^^^
  File "/home/qwamjoow/virtualenv/massenger.reservira.ir/3.11/lib/python3.11/site-packages/flask/app.py", line 882, in full_dispatch_request
    rv = self.handle_user_exception(e)
         ^^^^^^^^^^^^^^^^^^^^^^^^^^^^^
  File "/home/qwamjoow/virtualenv/massenger.reservira.ir/3.11/lib/python3.11/site-packages/flask_cors/extension.py", line 178, in wrapped_function
    return cors_after_request(app.make_response(f(*args, **kwargs)))
                                                ^^^^^^^^^^^^^^^^^^
  File "/home/qwamjoow/virtualenv/massenger.reservira.ir/3.11/lib/python3.11/site-packages/flask/app.py", line 880, in full_dispatch_request
    rv = self.dispatch_request()
         ^^^^^^^^^^^^^^^^^^^^^^^
  File "/home/qwamjoow/virtualenv/massenger.reservira.ir/3.11/lib/python3.11/site-packages/flask/app.py", line 865, in dispatch_request
    return self.ensure_sync(self.view_functions[rule.endpoint])(**view_args)  # type: ignore[no-any-return]
           ^^^^^^^^^^^^^^^^^^^^^^^^^^^^^^^^^^^^^^^^^^^^^^^^^^^^^^^^^^^^^^^^^
  File "/home/qwamjoow/virtualenv/massenger.reservira.ir/3.11/lib/python3.11/site-packages/flask_jwt_extended/view_decorators.py", line 170, in decorator
    return current_app.ensure_sync(fn)(*args, **kwargs)
           ^^^^^^^^^^^^^^^^^^^^^^^^^^^^^^^^^^^^^^^^^^^^
  File "/home/qwamjoow/massenger.reservira.ir/app/api/messages.py", line 81, in get_messages
    dispatch_scheduled_messages(chat_id)
  File "/home/qwamjoow/massenger.reservira.ir/app/api/messages.py", line 53, in dispatch_scheduled_messages
    chat = db.session.get(Chat, msg.chat_id)
           ^^^^^^^^^^^^^^^^^^^^^^^^^^^^^^^^^
  File "/home/qwamjoow/virtualenv/massenger.reservira.ir/3.11/lib64/python3.11/site-packages/sqlalchemy/orm/scoping.py", line 1060, in get
    return self._proxied.get(
           ^^^^^^^^^^^^^^^^^^
  File "/home/qwamjoow/virtualenv/massenger.reservira.ir/3.11/lib64/python3.11/site-packages/sqlalchemy/orm/session.py", line 3693, in get
    return self._get_impl(
           ^^^^^^^^^^^^^^^
  File "/home/qwamjoow/virtualenv/massenger.reservira.ir/3.11/lib64/python3.11/site-packages/sqlalchemy/orm/session.py", line 3873, in _get_impl
    return db_load_fn(
           ^^^^^^^^^^^
  File "/home/qwamjoow/virtualenv/massenger.reservira.ir/3.11/lib64/python3.11/site-packages/sqlalchemy/orm/loading.py", line 694, in load_on_pk_identity
    session.execute(
  File "/home/qwamjoow/virtualenv/massenger.reservira.ir/3.11/lib64/python3.11/site-packages/sqlalchemy/orm/session.py", line 2362, in execute
    return self._execute_internal(
           ^^^^^^^^^^^^^^^^^^^^^^^
  File "/home/qwamjoow/virtualenv/massenger.reservira.ir/3.11/lib64/python3.11/site-packages/sqlalchemy/orm/session.py", line 2226, in _execute_internal
    ) = compile_state_cls.orm_pre_session_exec(
        ^^^^^^^^^^^^^^^^^^^^^^^^^^^^^^^^^^^^^^^
  File "/home/qwamjoow/virtualenv/massenger.reservira.ir/3.11/lib64/python3.11/site-packages/sqlalchemy/orm/context.py", line 561, in orm_pre_session_exec
    session._autoflush()
  File "/home/qwamjoow/virtualenv/massenger.reservira.ir/3.11/lib64/python3.11/site-packages/sqlalchemy/orm/session.py", line 3061, in _autoflush
    raise e.with_traceback(sys.exc_info()[2])
  File "/home/qwamjoow/virtualenv/massenger.reservira.ir/3.11/lib64/python3.11/site-packages/sqlalchemy/orm/session.py", line 3050, in _autoflush
    self.flush()
  File "/home/qwamjoow/virtualenv/massenger.reservira.ir/3.11/lib64/python3.11/site-packages/sqlalchemy/orm/session.py", line 4352, in flush
    self._flush(objects)
  File "/home/qwamjoow/virtualenv/massenger.reservira.ir/3.11/lib64/python3.11/site-packages/sqlalchemy/orm/session.py", line 4487, in _flush
    with util.safe_reraise():
  File "/home/qwamjoow/virtualenv/massenger.reservira.ir/3.11/lib64/python3.11/site-packages/sqlalchemy/util/langhelpers.py", line 146, in __exit__
    raise exc_value.with_traceback(exc_tb)
  File "/home/qwamjoow/virtualenv/massenger.reservira.ir/3.11/lib64/python3.11/site-packages/sqlalchemy/orm/session.py", line 4448, in _flush
    flush_context.execute()
  File "/home/qwamjoow/virtualenv/massenger.reservira.ir/3.11/lib64/python3.11/site-packages/sqlalchemy/orm/unitofwork.py", line 466, in execute
    rec.execute(self)
  File "/home/qwamjoow/virtualenv/massenger.reservira.ir/3.11/lib64/python3.11/site-packages/sqlalchemy/orm/unitofwork.py", line 642, in execute
    util.preloaded.orm_persistence.save_obj(
  File "/home/qwamjoow/virtualenv/massenger.reservira.ir/3.11/lib64/python3.11/site-packages/sqlalchemy/orm/persistence.py", line 93, in save_obj
    _emit_insert_statements(
  File "/home/qwamjoow/virtualenv/massenger.reservira.ir/3.11/lib64/python3.11/site-packages/sqlalchemy/orm/persistence.py", line 1233, in _emit_insert_statements
    result = connection.execute(
             ^^^^^^^^^^^^^^^^^^^
  File "/home/qwamjoow/virtualenv/massenger.reservira.ir/3.11/lib64/python3.11/site-packages/sqlalchemy/engine/base.py", line 1418, in execute
    return meth(
           ^^^^^
  File "/home/qwamjoow/virtualenv/massenger.reservira.ir/3.11/lib64/python3.11/site-packages/sqlalchemy/sql/elements.py", line 515, in _execute_on_connection
    return connection._execute_clauseelement(
           ^^^^^^^^^^^^^^^^^^^^^^^^^^^^^^^^^^
  File "/home/qwamjoow/virtualenv/massenger.reservira.ir/3.11/lib64/python3.11/site-packages/sqlalchemy/engine/base.py", line 1640, in _execute_clauseelement
    ret = self._execute_context(
          ^^^^^^^^^^^^^^^^^^^^^^
  File "/home/qwamjoow/virtualenv/massenger.reservira.ir/3.11/lib64/python3.11/site-packages/sqlalchemy/engine/base.py", line 1846, in _execute_context
    return self._exec_single_context(
           ^^^^^^^^^^^^^^^^^^^^^^^^^^
  File "/home/qwamjoow/virtualenv/massenger.reservira.ir/3.11/lib64/python3.11/site-packages/sqlalchemy/engine/base.py", line 1986, in _exec_single_context
    self._handle_dbapi_exception(
  File "/home/qwamjoow/virtualenv/massenger.reservira.ir/3.11/lib64/python3.11/site-packages/sqlalchemy/engine/base.py", line 2355, in _handle_dbapi_exception
    raise sqlalchemy_exception.with_traceback(exc_info[2]) from e
  File "/home/qwamjoow/virtualenv/massenger.reservira.ir/3.11/lib64/python3.11/site-packages/sqlalchemy/engine/base.py", line 1967, in _exec_single_context
    self.dialect.do_execute(
  File "/home/qwamjoow/virtualenv/massenger.reservira.ir/3.11/lib64/python3.11/site-packages/sqlalchemy/engine/default.py", line 941, in do_execute
    cursor.execute(statement, parameters)
  File "/home/qwamjoow/virtualenv/massenger.reservira.ir/3.11/lib/python3.11/site-packages/pymysql/cursors.py", line 153, in execute
    result = self._query(query)
             ^^^^^^^^^^^^^^^^^^
  File "/home/qwamjoow/virtualenv/massenger.reservira.ir/3.11/lib/python3.11/site-packages/pymysql/cursors.py", line 322, in _query
    conn.query(q)
  File "/home/qwamjoow/virtualenv/massenger.reservira.ir/3.11/lib/python3.11/site-packages/pymysql/connections.py", line 563, in query
    self._affected_rows = self._read_query_result(unbuffered=unbuffered)
                          ^^^^^^^^^^^^^^^^^^^^^^^^^^^^^^^^^^^^^^^^^^^^^^
  File "/home/qwamjoow/virtualenv/massenger.reservira.ir/3.11/lib/python3.11/site-packages/pymysql/connections.py", line 825, in _read_query_result
    result.read()
  File "/home/qwamjoow/virtualenv/massenger.reservira.ir/3.11/lib/python3.11/site-packages/pymysql/connections.py", line 1199, in read
    first_packet = self.connection._read_packet()
                   ^^^^^^^^^^^^^^^^^^^^^^^^^^^^^^
  File "/home/qwamjoow/virtualenv/massenger.reservira.ir/3.11/lib/python3.11/site-packages/pymysql/connections.py", line 775, in _read_packet
    packet.raise_for_error()
  File "/home/qwamjoow/virtualenv/massenger.reservira.ir/3.11/lib/python3.11/site-packages/pymysql/protocol.py", line 219, in raise_for_error
    err.raise_mysql_exception(self._data)
  File "/home/qwamjoow/virtualenv/massenger.reservira.ir/3.11/lib/python3.11/site-packages/pymysql/err.py", line 150, in raise_mysql_exception
    raise errorclass(errno, errval)
sqlalchemy.exc.IntegrityError: (raised as a result of Query-invoked autoflush; consider using a session.no_autoflush block if this flush is occurring prematurely)
(pymysql.err.IntegrityError) (1062, "Duplicate entry 'eaf162dd-b011-4af6-9bff-d15119b7401c-98cf2828-7dcc-403b-8442-d3d' for key 'message_statuses.uq_message_status'")
[SQL: INSERT INTO message_statuses (id, message_id, user_id, status, delivered_at, read_at, created_at) VALUES (%(id)s, %(message_id)s, %(user_id)s, %(status)s, %(delivered_at)s, %(read_at)s, %(created_at)s)]
[parameters: {'id': '1567b2df-8063-4525-a9a7-6139ae3711d3', 'message_id': 'eaf162dd-b011-4af6-9bff-d15119b7401c', 'user_id': '98cf2828-7dcc-403b-8442-d3de625bd636', 'status': 'delivered', 'delivered_at': datetime.datetime(2026, 9, 14, 9, 12, 29, 775204), 'read_at': None, 'created_at': datetime.datetime(2026, 9, 14, 9, 12, 29, 780460)}]
(Background on this error at: https://sqlalche.me/e/20/gkpj)
[2026-09-14 12:42:30,207] ERROR in app: Exception on /api/v1/messages/5a55ce54-bbe9-421d-adab-9528d0ae3ff1 [GET]
Traceback (most recent call last):
  File "/home/qwamjoow/virtualenv/massenger.reservira.ir/3.11/lib64/python3.11/site-packages/sqlalchemy/engine/base.py", line 1967, in _exec_single_context
    self.dialect.do_execute(
  File "/home/qwamjoow/virtualenv/massenger.reservira.ir/3.11/lib64/python3.11/site-packages/sqlalchemy/engine/default.py", line 941, in do_execute
    cursor.execute(statement, parameters)
  File "/home/qwamjoow/virtualenv/massenger.reservira.ir/3.11/lib/python3.11/site-packages/pymysql/cursors.py", line 153, in execute
    result = self._query(query)
             ^^^^^^^^^^^^^^^^^^
  File "/home/qwamjoow/virtualenv/massenger.reservira.ir/3.11/lib/python3.11/site-packages/pymysql/cursors.py", line 322, in _query
    conn.query(q)
  File "/home/qwamjoow/virtualenv/massenger.reservira.ir/3.11/lib/python3.11/site-packages/pymysql/connections.py", line 563, in query
    self._affected_rows = self._read_query_result(unbuffered=unbuffered)
                          ^^^^^^^^^^^^^^^^^^^^^^^^^^^^^^^^^^^^^^^^^^^^^^
  File "/home/qwamjoow/virtualenv/massenger.reservira.ir/3.11/lib/python3.11/site-packages/pymysql/connections.py", line 825, in _read_query_result
    result.read()
  File "/home/qwamjoow/virtualenv/massenger.reservira.ir/3.11/lib/python3.11/site-packages/pymysql/connections.py", line 1199, in read
    first_packet = self.connection._read_packet()
                   ^^^^^^^^^^^^^^^^^^^^^^^^^^^^^^
  File "/home/qwamjoow/virtualenv/massenger.reservira.ir/3.11/lib/python3.11/site-packages/pymysql/connections.py", line 775, in _read_packet
    packet.raise_for_error()
  File "/home/qwamjoow/virtualenv/massenger.reservira.ir/3.11/lib/python3.11/site-packages/pymysql/protocol.py", line 219, in raise_for_error
    err.raise_mysql_exception(self._data)
  File "/home/qwamjoow/virtualenv/massenger.reservira.ir/3.11/lib/python3.11/site-packages/pymysql/err.py", line 150, in raise_mysql_exception
    raise errorclass(errno, errval)
pymysql.err.IntegrityError: (1062, "Duplicate entry 'eaf162dd-b011-4af6-9bff-d15119b7401c-98cf2828-7dcc-403b-8442-d3d' for key 'message_statuses.uq_message_status'")

The above exception was the direct cause of the following exception:

Traceback (most recent call last):
  File "/home/qwamjoow/virtualenv/massenger.reservira.ir/3.11/lib/python3.11/site-packages/flask/app.py", line 1473, in wsgi_app
    response = self.full_dispatch_request()
               ^^^^^^^^^^^^^^^^^^^^^^^^^^^^
  File "/home/qwamjoow/virtualenv/massenger.reservira.ir/3.11/lib/python3.11/site-packages/flask/app.py", line 882, in full_dispatch_request
    rv = self.handle_user_exception(e)
         ^^^^^^^^^^^^^^^^^^^^^^^^^^^^^
  File "/home/qwamjoow/virtualenv/massenger.reservira.ir/3.11/lib/python3.11/site-packages/flask_cors/extension.py", line 178, in wrapped_function
    return cors_after_request(app.make_response(f(*args, **kwargs)))
                                                ^^^^^^^^^^^^^^^^^^
  File "/home/qwamjoow/virtualenv/massenger.reservira.ir/3.11/lib/python3.11/site-packages/flask/app.py", line 880, in full_dispatch_request
    rv = self.dispatch_request()
         ^^^^^^^^^^^^^^^^^^^^^^^
  File "/home/qwamjoow/virtualenv/massenger.reservira.ir/3.11/lib/python3.11/site-packages/flask/app.py", line 865, in dispatch_request
    return self.ensure_sync(self.view_functions[rule.endpoint])(**view_args)  # type: ignore[no-any-return]
           ^^^^^^^^^^^^^^^^^^^^^^^^^^^^^^^^^^^^^^^^^^^^^^^^^^^^^^^^^^^^^^^^^
  File "/home/qwamjoow/virtualenv/massenger.reservira.ir/3.11/lib/python3.11/site-packages/flask_jwt_extended/view_decorators.py", line 170, in decorator
    return current_app.ensure_sync(fn)(*args, **kwargs)
           ^^^^^^^^^^^^^^^^^^^^^^^^^^^^^^^^^^^^^^^^^^^^
  File "/home/qwamjoow/massenger.reservira.ir/app/api/messages.py", line 81, in get_messages
    dispatch_scheduled_messages(chat_id)
  File "/home/qwamjoow/massenger.reservira.ir/app/api/messages.py", line 53, in dispatch_scheduled_messages
    chat = db.session.get(Chat, msg.chat_id)
           ^^^^^^^^^^^^^^^^^^^^^^^^^^^^^^^^^
  File "/home/qwamjoow/virtualenv/massenger.reservira.ir/3.11/lib64/python3.11/site-packages/sqlalchemy/orm/scoping.py", line 1060, in get
    return self._proxied.get(
           ^^^^^^^^^^^^^^^^^^
  File "/home/qwamjoow/virtualenv/massenger.reservira.ir/3.11/lib64/python3.11/site-packages/sqlalchemy/orm/session.py", line 3693, in get
    return self._get_impl(
           ^^^^^^^^^^^^^^^
  File "/home/qwamjoow/virtualenv/massenger.reservira.ir/3.11/lib64/python3.11/site-packages/sqlalchemy/orm/session.py", line 3873, in _get_impl
    return db_load_fn(
           ^^^^^^^^^^^
  File "/home/qwamjoow/virtualenv/massenger.reservira.ir/3.11/lib64/python3.11/site-packages/sqlalchemy/orm/loading.py", line 694, in load_on_pk_identity
    session.execute(
  File "/home/qwamjoow/virtualenv/massenger.reservira.ir/3.11/lib64/python3.11/site-packages/sqlalchemy/orm/session.py", line 2362, in execute
    return self._execute_internal(
           ^^^^^^^^^^^^^^^^^^^^^^^
  File "/home/qwamjoow/virtualenv/massenger.reservira.ir/3.11/lib64/python3.11/site-packages/sqlalchemy/orm/session.py", line 2226, in _execute_internal
    ) = compile_state_cls.orm_pre_session_exec(
        ^^^^^^^^^^^^^^^^^^^^^^^^^^^^^^^^^^^^^^^
  File "/home/qwamjoow/virtualenv/massenger.reservira.ir/3.11/lib64/python3.11/site-packages/sqlalchemy/orm/context.py", line 561, in orm_pre_session_exec
    session._autoflush()
  File "/home/qwamjoow/virtualenv/massenger.reservira.ir/3.11/lib64/python3.11/site-packages/sqlalchemy/orm/session.py", line 3061, in _autoflush
    raise e.with_traceback(sys.exc_info()[2])
  File "/home/qwamjoow/virtualenv/massenger.reservira.ir/3.11/lib64/python3.11/site-packages/sqlalchemy/orm/session.py", line 3050, in _autoflush
    self.flush()
  File "/home/qwamjoow/virtualenv/massenger.reservira.ir/3.11/lib64/python3.11/site-packages/sqlalchemy/orm/session.py", line 4352, in flush
    self._flush(objects)
  File "/home/qwamjoow/virtualenv/massenger.reservira.ir/3.11/lib64/python3.11/site-packages/sqlalchemy/orm/session.py", line 4487, in _flush
    with util.safe_reraise():
  File "/home/qwamjoow/virtualenv/massenger.reservira.ir/3.11/lib64/python3.11/site-packages/sqlalchemy/util/langhelpers.py", line 146, in __exit__
    raise exc_value.with_traceback(exc_tb)
  File "/home/qwamjoow/virtualenv/massenger.reservira.ir/3.11/lib64/python3.11/site-packages/sqlalchemy/orm/session.py", line 4448, in _flush
    flush_context.execute()
  File "/home/qwamjoow/virtualenv/massenger.reservira.ir/3.11/lib64/python3.11/site-packages/sqlalchemy/orm/unitofwork.py", line 466, in execute
    rec.execute(self)
  File "/home/qwamjoow/virtualenv/massenger.reservira.ir/3.11/lib64/python3.11/site-packages/sqlalchemy/orm/unitofwork.py", line 642, in execute
    util.preloaded.orm_persistence.save_obj(
  File "/home/qwamjoow/virtualenv/massenger.reservira.ir/3.11/lib64/python3.11/site-packages/sqlalchemy/orm/persistence.py", line 93, in save_obj
    _emit_insert_statements(
  File "/home/qwamjoow/virtualenv/massenger.reservira.ir/3.11/lib64/python3.11/site-packages/sqlalchemy/orm/persistence.py", line 1233, in _emit_insert_statements
    result = connection.execute(
             ^^^^^^^^^^^^^^^^^^^
  File "/home/qwamjoow/virtualenv/massenger.reservira.ir/3.11/lib64/python3.11/site-packages/sqlalchemy/engine/base.py", line 1418, in execute
    return meth(
           ^^^^^
  File "/home/qwamjoow/virtualenv/massenger.reservira.ir/3.11/lib64/python3.11/site-packages/sqlalchemy/sql/elements.py", line 515, in _execute_on_connection
    return connection._execute_clauseelement(
           ^^^^^^^^^^^^^^^^^^^^^^^^^^^^^^^^^^
  File "/home/qwamjoow/virtualenv/massenger.reservira.ir/3.11/lib64/python3.11/site-packages/sqlalchemy/engine/base.py", line 1640, in _execute_clauseelement
    ret = self._execute_context(
          ^^^^^^^^^^^^^^^^^^^^^^
  File "/home/qwamjoow/virtualenv/massenger.reservira.ir/3.11/lib64/python3.11/site-packages/sqlalchemy/engine/base.py", line 1846, in _execute_context
    return self._exec_single_context(
           ^^^^^^^^^^^^^^^^^^^^^^^^^^
  File "/home/qwamjoow/virtualenv/massenger.reservira.ir/3.11/lib64/python3.11/site-packages/sqlalchemy/engine/base.py", line 1986, in _exec_single_context
    self._handle_dbapi_exception(
  File "/home/qwamjoow/virtualenv/massenger.reservira.ir/3.11/lib64/python3.11/site-packages/sqlalchemy/engine/base.py", line 2355, in _handle_dbapi_exception
    raise sqlalchemy_exception.with_traceback(exc_info[2]) from e
  File "/home/qwamjoow/virtualenv/massenger.reservira.ir/3.11/lib64/python3.11/site-packages/sqlalchemy/engine/base.py", line 1967, in _exec_single_context
    self.dialect.do_execute(
  File "/home/qwamjoow/virtualenv/massenger.reservira.ir/3.11/lib64/python3.11/site-packages/sqlalchemy/engine/default.py", line 941, in do_execute
    cursor.execute(statement, parameters)
  File "/home/qwamjoow/virtualenv/massenger.reservira.ir/3.11/lib/python3.11/site-packages/pymysql/cursors.py", line 153, in execute
    result = self._query(query)
             ^^^^^^^^^^^^^^^^^^
  File "/home/qwamjoow/virtualenv/massenger.reservira.ir/3.11/lib/python3.11/site-packages/pymysql/cursors.py", line 322, in _query
    conn.query(q)
  File "/home/qwamjoow/virtualenv/massenger.reservira.ir/3.11/lib/python3.11/site-packages/pymysql/connections.py", line 563, in query
    self._affected_rows = self._read_query_result(unbuffered=unbuffered)
                          ^^^^^^^^^^^^^^^^^^^^^^^^^^^^^^^^^^^^^^^^^^^^^^
  File "/home/qwamjoow/virtualenv/massenger.reservira.ir/3.11/lib/python3.11/site-packages/pymysql/connections.py", line 825, in _read_query_result
    result.read()
  File "/home/qwamjoow/virtualenv/massenger.reservira.ir/3.11/lib/python3.11/site-packages/pymysql/connections.py", line 1199, in read
    first_packet = self.connection._read_packet()
                   ^^^^^^^^^^^^^^^^^^^^^^^^^^^^^^
  File "/home/qwamjoow/virtualenv/massenger.reservira.ir/3.11/lib/python3.11/site-packages/pymysql/connections.py", line 775, in _read_packet
    packet.raise_for_error()
  File "/home/qwamjoow/virtualenv/massenger.reservira.ir/3.11/lib/python3.11/site-packages/pymysql/protocol.py", line 219, in raise_for_error
    err.raise_mysql_exception(self._data)
  File "/home/qwamjoow/virtualenv/massenger.reservira.ir/3.11/lib/python3.11/site-packages/pymysql/err.py", line 150, in raise_mysql_exception
    raise errorclass(errno, errval)
sqlalchemy.exc.IntegrityError: (raised as a result of Query-invoked autoflush; consider using a session.no_autoflush block if this flush is occurring prematurely)
(pymysql.err.IntegrityError) (1062, "Duplicate entry 'eaf162dd-b011-4af6-9bff-d15119b7401c-98cf2828-7dcc-403b-8442-d3d' for key 'message_statuses.uq_message_status'")
[SQL: INSERT INTO message_statuses (id, message_id, user_id, status, delivered_at, read_at, created_at) VALUES (%(id)s, %(message_id)s, %(user_id)s, %(status)s, %(delivered_at)s, %(read_at)s, %(created_at)s)]
[parameters: {'id': '19b57fc7-be4e-4bf5-b87a-d5c0f44fde5e', 'message_id': 'eaf162dd-b011-4af6-9bff-d15119b7401c', 'user_id': '98cf2828-7dcc-403b-8442-d3de625bd636', 'status': 'delivered', 'delivered_at': datetime.datetime(2026, 9, 14, 9, 12, 30, 183425), 'read_at': None, 'created_at': datetime.datetime(2026, 9, 14, 9, 12, 30, 188575)}]
(Background on this error at: https://sqlalche.me/e/20/gkpj)
[2026-09-14 12:42:50,451] ERROR in app: Exception on /api/v1/messages/5a55ce54-bbe9-421d-adab-9528d0ae3ff1 [GET]
Traceback (most recent call last):
  File "/home/qwamjoow/virtualenv/massenger.reservira.ir/3.11/lib64/python3.11/site-packages/sqlalchemy/engine/base.py", line 1967, in _exec_single_context
    self.dialect.do_execute(
  File "/home/qwamjoow/virtualenv/massenger.reservira.ir/3.11/lib64/python3.11/site-packages/sqlalchemy/engine/default.py", line 941, in do_execute
    cursor.execute(statement, parameters)
  File "/home/qwamjoow/virtualenv/massenger.reservira.ir/3.11/lib/python3.11/site-packages/pymysql/cursors.py", line 153, in execute
    result = self._query(query)
             ^^^^^^^^^^^^^^^^^^
  File "/home/qwamjoow/virtualenv/massenger.reservira.ir/3.11/lib/python3.11/site-packages/pymysql/cursors.py", line 322, in _query
    conn.query(q)
  File "/home/qwamjoow/virtualenv/massenger.reservira.ir/3.11/lib/python3.11/site-packages/pymysql/connections.py", line 563, in query
    self._affected_rows = self._read_query_result(unbuffered=unbuffered)
                          ^^^^^^^^^^^^^^^^^^^^^^^^^^^^^^^^^^^^^^^^^^^^^^
  File "/home/qwamjoow/virtualenv/massenger.reservira.ir/3.11/lib/python3.11/site-packages/pymysql/connections.py", line 825, in _read_query_result
    result.read()
  File "/home/qwamjoow/virtualenv/massenger.reservira.ir/3.11/lib/python3.11/site-packages/pymysql/connections.py", line 1199, in read
    first_packet = self.connection._read_packet()
                   ^^^^^^^^^^^^^^^^^^^^^^^^^^^^^^
  File "/home/qwamjoow/virtualenv/massenger.reservira.ir/3.11/lib/python3.11/site-packages/pymysql/connections.py", line 775, in _read_packet
    packet.raise_for_error()
  File "/home/qwamjoow/virtualenv/massenger.reservira.ir/3.11/lib/python3.11/site-packages/pymysql/protocol.py", line 219, in raise_for_error
    err.raise_mysql_exception(self._data)
  File "/home/qwamjoow/virtualenv/massenger.reservira.ir/3.11/lib/python3.11/site-packages/pymysql/err.py", line 150, in raise_mysql_exception
    raise errorclass(errno, errval)
pymysql.err.IntegrityError: (1062, "Duplicate entry 'eaf162dd-b011-4af6-9bff-d15119b7401c-98cf2828-7dcc-403b-8442-d3d' for key 'message_statuses.uq_message_status'")

The above exception was the direct cause of the following exception:

Traceback (most recent call last):
  File "/home/qwamjoow/virtualenv/massenger.reservira.ir/3.11/lib/python3.11/site-packages/flask/app.py", line 1473, in wsgi_app
    response = self.full_dispatch_request()
               ^^^^^^^^^^^^^^^^^^^^^^^^^^^^
  File "/home/qwamjoow/virtualenv/massenger.reservira.ir/3.11/lib/python3.11/site-packages/flask/app.py", line 882, in full_dispatch_request
    rv = self.handle_user_exception(e)
         ^^^^^^^^^^^^^^^^^^^^^^^^^^^^^
  File "/home/qwamjoow/virtualenv/massenger.reservira.ir/3.11/lib/python3.11/site-packages/flask_cors/extension.py", line 178, in wrapped_function
    return cors_after_request(app.make_response(f(*args, **kwargs)))
                                                ^^^^^^^^^^^^^^^^^^
  File "/home/qwamjoow/virtualenv/massenger.reservira.ir/3.11/lib/python3.11/site-packages/flask/app.py", line 880, in full_dispatch_request
    rv = self.dispatch_request()
         ^^^^^^^^^^^^^^^^^^^^^^^
  File "/home/qwamjoow/virtualenv/massenger.reservira.ir/3.11/lib/python3.11/site-packages/flask/app.py", line 865, in dispatch_request
    return self.ensure_sync(self.view_functions[rule.endpoint])(**view_args)  # type: ignore[no-any-return]
           ^^^^^^^^^^^^^^^^^^^^^^^^^^^^^^^^^^^^^^^^^^^^^^^^^^^^^^^^^^^^^^^^^
  File "/home/qwamjoow/virtualenv/massenger.reservira.ir/3.11/lib/python3.11/site-packages/flask_jwt_extended/view_decorators.py", line 170, in decorator
    return current_app.ensure_sync(fn)(*args, **kwargs)
           ^^^^^^^^^^^^^^^^^^^^^^^^^^^^^^^^^^^^^^^^^^^^
  File "/home/qwamjoow/massenger.reservira.ir/app/api/messages.py", line 81, in get_messages
    dispatch_scheduled_messages(chat_id)
  File "/home/qwamjoow/massenger.reservira.ir/app/api/messages.py", line 53, in dispatch_scheduled_messages
    chat = db.session.get(Chat, msg.chat_id)
           ^^^^^^^^^^^^^^^^^^^^^^^^^^^^^^^^^
  File "/home/qwamjoow/virtualenv/massenger.reservira.ir/3.11/lib64/python3.11/site-packages/sqlalchemy/orm/scoping.py", line 1060, in get
    return self._proxied.get(
           ^^^^^^^^^^^^^^^^^^
  File "/home/qwamjoow/virtualenv/massenger.reservira.ir/3.11/lib64/python3.11/site-packages/sqlalchemy/orm/session.py", line 3693, in get
    return self._get_impl(
           ^^^^^^^^^^^^^^^
  File "/home/qwamjoow/virtualenv/massenger.reservira.ir/3.11/lib64/python3.11/site-packages/sqlalchemy/orm/session.py", line 3873, in _get_impl
    return db_load_fn(
           ^^^^^^^^^^^
  File "/home/qwamjoow/virtualenv/massenger.reservira.ir/3.11/lib64/python3.11/site-packages/sqlalchemy/orm/loading.py", line 694, in load_on_pk_identity
    session.execute(
  File "/home/qwamjoow/virtualenv/massenger.reservira.ir/3.11/lib64/python3.11/site-packages/sqlalchemy/orm/session.py", line 2362, in execute
    return self._execute_internal(
           ^^^^^^^^^^^^^^^^^^^^^^^
  File "/home/qwamjoow/virtualenv/massenger.reservira.ir/3.11/lib64/python3.11/site-packages/sqlalchemy/orm/session.py", line 2226, in _execute_internal
    ) = compile_state_cls.orm_pre_session_exec(
        ^^^^^^^^^^^^^^^^^^^^^^^^^^^^^^^^^^^^^^^
  File "/home/qwamjoow/virtualenv/massenger.reservira.ir/3.11/lib64/python3.11/site-packages/sqlalchemy/orm/context.py", line 561, in orm_pre_session_exec
    session._autoflush()
  File "/home/qwamjoow/virtualenv/massenger.reservira.ir/3.11/lib64/python3.11/site-packages/sqlalchemy/orm/session.py", line 3061, in _autoflush
    raise e.with_traceback(sys.exc_info()[2])
  File "/home/qwamjoow/virtualenv/massenger.reservira.ir/3.11/lib64/python3.11/site-packages/sqlalchemy/orm/session.py", line 3050, in _autoflush
    self.flush()
  File "/home/qwamjoow/virtualenv/massenger.reservira.ir/3.11/lib64/python3.11/site-packages/sqlalchemy/orm/session.py", line 4352, in flush
    self._flush(objects)
  File "/home/qwamjoow/virtualenv/massenger.reservira.ir/3.11/lib64/python3.11/site-packages/sqlalchemy/orm/session.py", line 4487, in _flush
    with util.safe_reraise():
  File "/home/qwamjoow/virtualenv/massenger.reservira.ir/3.11/lib64/python3.11/site-packages/sqlalchemy/util/langhelpers.py", line 146, in __exit__
    raise exc_value.with_traceback(exc_tb)
  File "/home/qwamjoow/virtualenv/massenger.reservira.ir/3.11/lib64/python3.11/site-packages/sqlalchemy/orm/session.py", line 4448, in _flush
    flush_context.execute()
  File "/home/qwamjoow/virtualenv/massenger.reservira.ir/3.11/lib64/python3.11/site-packages/sqlalchemy/orm/unitofwork.py", line 466, in execute
    rec.execute(self)
  File "/home/qwamjoow/virtualenv/massenger.reservira.ir/3.11/lib64/python3.11/site-packages/sqlalchemy/orm/unitofwork.py", line 642, in execute
    util.preloaded.orm_persistence.save_obj(
  File "/home/qwamjoow/virtualenv/massenger.reservira.ir/3.11/lib64/python3.11/site-packages/sqlalchemy/orm/persistence.py", line 93, in save_obj
    _emit_insert_statements(
  File "/home/qwamjoow/virtualenv/massenger.reservira.ir/3.11/lib64/python3.11/site-packages/sqlalchemy/orm/persistence.py", line 1233, in _emit_insert_statements
    result = connection.execute(
             ^^^^^^^^^^^^^^^^^^^
  File "/home/qwamjoow/virtualenv/massenger.reservira.ir/3.11/lib64/python3.11/site-packages/sqlalchemy/engine/base.py", line 1418, in execute
    return meth(
           ^^^^^
  File "/home/qwamjoow/virtualenv/massenger.reservira.ir/3.11/lib64/python3.11/site-packages/sqlalchemy/sql/elements.py", line 515, in _execute_on_connection
    return connection._execute_clauseelement(
           ^^^^^^^^^^^^^^^^^^^^^^^^^^^^^^^^^^
  File "/home/qwamjoow/virtualenv/massenger.reservira.ir/3.11/lib64/python3.11/site-packages/sqlalchemy/engine/base.py", line 1640, in _execute_clauseelement
    ret = self._execute_context(
          ^^^^^^^^^^^^^^^^^^^^^^
  File "/home/qwamjoow/virtualenv/massenger.reservira.ir/3.11/lib64/python3.11/site-packages/sqlalchemy/engine/base.py", line 1846, in _execute_context
    return self._exec_single_context(
           ^^^^^^^^^^^^^^^^^^^^^^^^^^
  File "/home/qwamjoow/virtualenv/massenger.reservira.ir/3.11/lib64/python3.11/site-packages/sqlalchemy/engine/base.py", line 1986, in _exec_single_context
    self._handle_dbapi_exception(
  File "/home/qwamjoow/virtualenv/massenger.reservira.ir/3.11/lib64/python3.11/site-packages/sqlalchemy/engine/base.py", line 2355, in _handle_dbapi_exception
    raise sqlalchemy_exception.with_traceback(exc_info[2]) from e
  File "/home/qwamjoow/virtualenv/massenger.reservira.ir/3.11/lib64/python3.11/site-packages/sqlalchemy/engine/base.py", line 1967, in _exec_single_context
    self.dialect.do_execute(
  File "/home/qwamjoow/virtualenv/massenger.reservira.ir/3.11/lib64/python3.11/site-packages/sqlalchemy/engine/default.py", line 941, in do_execute
    cursor.execute(statement, parameters)
  File "/home/qwamjoow/virtualenv/massenger.reservira.ir/3.11/lib/python3.11/site-packages/pymysql/cursors.py", line 153, in execute
    result = self._query(query)
             ^^^^^^^^^^^^^^^^^^
  File "/home/qwamjoow/virtualenv/massenger.reservira.ir/3.11/lib/python3.11/site-packages/pymysql/cursors.py", line 322, in _query
    conn.query(q)
  File "/home/qwamjoow/virtualenv/massenger.reservira.ir/3.11/lib/python3.11/site-packages/pymysql/connections.py", line 563, in query
    self._affected_rows = self._read_query_result(unbuffered=unbuffered)
                          ^^^^^^^^^^^^^^^^^^^^^^^^^^^^^^^^^^^^^^^^^^^^^^
  File "/home/qwamjoow/virtualenv/massenger.reservira.ir/3.11/lib/python3.11/site-packages/pymysql/connections.py", line 825, in _read_query_result
    result.read()
  File "/home/qwamjoow/virtualenv/massenger.reservira.ir/3.11/lib/python3.11/site-packages/pymysql/connections.py", line 1199, in read
    first_packet = self.connection._read_packet()
                   ^^^^^^^^^^^^^^^^^^^^^^^^^^^^^^
  File "/home/qwamjoow/virtualenv/massenger.reservira.ir/3.11/lib/python3.11/site-packages/pymysql/connections.py", line 775, in _read_packet
    packet.raise_for_error()
  File "/home/qwamjoow/virtualenv/massenger.reservira.ir/3.11/lib/python3.11/site-packages/pymysql/protocol.py", line 219, in raise_for_error
    err.raise_mysql_exception(self._data)
  File "/home/qwamjoow/virtualenv/massenger.reservira.ir/3.11/lib/python3.11/site-packages/pymysql/err.py", line 150, in raise_mysql_exception
    raise errorclass(errno, errval)
sqlalchemy.exc.IntegrityError: (raised as a result of Query-invoked autoflush; consider using a session.no_autoflush block if this flush is occurring prematurely)
(pymysql.err.IntegrityError) (1062, "Duplicate entry 'eaf162dd-b011-4af6-9bff-d15119b7401c-98cf2828-7dcc-403b-8442-d3d' for key 'message_statuses.uq_message_status'")
[SQL: INSERT INTO message_statuses (id, message_id, user_id, status, delivered_at, read_at, created_at) VALUES (%(id)s, %(message_id)s, %(user_id)s, %(status)s, %(delivered_at)s, %(read_at)s, %(created_at)s)]
[parameters: {'id': '39a2d2ae-5280-4fbc-8791-c31eae6cd823', 'message_id': 'eaf162dd-b011-4af6-9bff-d15119b7401c', 'user_id': '98cf2828-7dcc-403b-8442-d3de625bd636', 'status': 'delivered', 'delivered_at': datetime.datetime(2026, 9, 14, 9, 12, 50, 372201), 'read_at': None, 'created_at': datetime.datetime(2026, 9, 14, 9, 12, 50, 378077)}]
(Background on this error at: https://sqlalche.me/e/20/gkpj)
[2026-09-14 12:43:09,543] ERROR in app: Exception on /api/v1/messages/5a55ce54-bbe9-421d-adab-9528d0ae3ff1 [GET]
Traceback (most recent call last):
  File "/home/qwamjoow/virtualenv/massenger.reservira.ir/3.11/lib64/python3.11/site-packages/sqlalchemy/engine/base.py", line 1967, in _exec_single_context
    self.dialect.do_execute(
  File "/home/qwamjoow/virtualenv/massenger.reservira.ir/3.11/lib64/python3.11/site-packages/sqlalchemy/engine/default.py", line 941, in do_execute
    cursor.execute(statement, parameters)
  File "/home/qwamjoow/virtualenv/massenger.reservira.ir/3.11/lib/python3.11/site-packages/pymysql/cursors.py", line 153, in execute
    result = self._query(query)
             ^^^^^^^^^^^^^^^^^^
  File "/home/qwamjoow/virtualenv/massenger.reservira.ir/3.11/lib/python3.11/site-packages/pymysql/cursors.py", line 322, in _query
    conn.query(q)
  File "/home/qwamjoow/virtualenv/massenger.reservira.ir/3.11/lib/python3.11/site-packages/pymysql/connections.py", line 563, in query
    self._affected_rows = self._read_query_result(unbuffered=unbuffered)
                          ^^^^^^^^^^^^^^^^^^^^^^^^^^^^^^^^^^^^^^^^^^^^^^
  File "/home/qwamjoow/virtualenv/massenger.reservira.ir/3.11/lib/python3.11/site-packages/pymysql/connections.py", line 825, in _read_query_result
    result.read()
  File "/home/qwamjoow/virtualenv/massenger.reservira.ir/3.11/lib/python3.11/site-packages/pymysql/connections.py", line 1199, in read
    first_packet = self.connection._read_packet()
                   ^^^^^^^^^^^^^^^^^^^^^^^^^^^^^^
  File "/home/qwamjoow/virtualenv/massenger.reservira.ir/3.11/lib/python3.11/site-packages/pymysql/connections.py", line 775, in _read_packet
    packet.raise_for_error()
  File "/home/qwamjoow/virtualenv/massenger.reservira.ir/3.11/lib/python3.11/site-packages/pymysql/protocol.py", line 219, in raise_for_error
    err.raise_mysql_exception(self._data)
  File "/home/qwamjoow/virtualenv/massenger.reservira.ir/3.11/lib/python3.11/site-packages/pymysql/err.py", line 150, in raise_mysql_exception
    raise errorclass(errno, errval)
pymysql.err.IntegrityError: (1062, "Duplicate entry 'eaf162dd-b011-4af6-9bff-d15119b7401c-98cf2828-7dcc-403b-8442-d3d' for key 'message_statuses.uq_message_status'")

The above exception was the direct cause of the following exception:

Traceback (most recent call last):
  File "/home/qwamjoow/virtualenv/massenger.reservira.ir/3.11/lib/python3.11/site-packages/flask/app.py", line 1473, in wsgi_app
    response = self.full_dispatch_request()
               ^^^^^^^^^^^^^^^^^^^^^^^^^^^^
  File "/home/qwamjoow/virtualenv/massenger.reservira.ir/3.11/lib/python3.11/site-packages/flask/app.py", line 882, in full_dispatch_request
    rv = self.handle_user_exception(e)
         ^^^^^^^^^^^^^^^^^^^^^^^^^^^^^
  File "/home/qwamjoow/virtualenv/massenger.reservira.ir/3.11/lib/python3.11/site-packages/flask_cors/extension.py", line 178, in wrapped_function
    return cors_after_request(app.make_response(f(*args, **kwargs)))
                                                ^^^^^^^^^^^^^^^^^^
  File "/home/qwamjoow/virtualenv/massenger.reservira.ir/3.11/lib/python3.11/site-packages/flask/app.py", line 880, in full_dispatch_request
    rv = self.dispatch_request()
         ^^^^^^^^^^^^^^^^^^^^^^^
  File "/home/qwamjoow/virtualenv/massenger.reservira.ir/3.11/lib/python3.11/site-packages/flask/app.py", line 865, in dispatch_request
    return self.ensure_sync(self.view_functions[rule.endpoint])(**view_args)  # type: ignore[no-any-return]
           ^^^^^^^^^^^^^^^^^^^^^^^^^^^^^^^^^^^^^^^^^^^^^^^^^^^^^^^^^^^^^^^^^
  File "/home/qwamjoow/virtualenv/massenger.reservira.ir/3.11/lib/python3.11/site-packages/flask_jwt_extended/view_decorators.py", line 170, in decorator
    return current_app.ensure_sync(fn)(*args, **kwargs)
           ^^^^^^^^^^^^^^^^^^^^^^^^^^^^^^^^^^^^^^^^^^^^
  File "/home/qwamjoow/massenger.reservira.ir/app/api/messages.py", line 81, in get_messages
    dispatch_scheduled_messages(chat_id)
  File "/home/qwamjoow/massenger.reservira.ir/app/api/messages.py", line 53, in dispatch_scheduled_messages
    chat = db.session.get(Chat, msg.chat_id)
           ^^^^^^^^^^^^^^^^^^^^^^^^^^^^^^^^^
  File "/home/qwamjoow/virtualenv/massenger.reservira.ir/3.11/lib64/python3.11/site-packages/sqlalchemy/orm/scoping.py", line 1060, in get
    return self._proxied.get(
           ^^^^^^^^^^^^^^^^^^
  File "/home/qwamjoow/virtualenv/massenger.reservira.ir/3.11/lib64/python3.11/site-packages/sqlalchemy/orm/session.py", line 3693, in get
    return self._get_impl(
           ^^^^^^^^^^^^^^^
  File "/home/qwamjoow/virtualenv/massenger.reservira.ir/3.11/lib64/python3.11/site-packages/sqlalchemy/orm/session.py", line 3873, in _get_impl
    return db_load_fn(
           ^^^^^^^^^^^
  File "/home/qwamjoow/virtualenv/massenger.reservira.ir/3.11/lib64/python3.11/site-packages/sqlalchemy/orm/loading.py", line 694, in load_on_pk_identity
    session.execute(
  File "/home/qwamjoow/virtualenv/massenger.reservira.ir/3.11/lib64/python3.11/site-packages/sqlalchemy/orm/session.py", line 2362, in execute
    return self._execute_internal(
           ^^^^^^^^^^^^^^^^^^^^^^^
  File "/home/qwamjoow/virtualenv/massenger.reservira.ir/3.11/lib64/python3.11/site-packages/sqlalchemy/orm/session.py", line 2226, in _execute_internal
    ) = compile_state_cls.orm_pre_session_exec(
        ^^^^^^^^^^^^^^^^^^^^^^^^^^^^^^^^^^^^^^^
  File "/home/qwamjoow/virtualenv/massenger.reservira.ir/3.11/lib64/python3.11/site-packages/sqlalchemy/orm/context.py", line 561, in orm_pre_session_exec
    session._autoflush()
  File "/home/qwamjoow/virtualenv/massenger.reservira.ir/3.11/lib64/python3.11/site-packages/sqlalchemy/orm/session.py", line 3061, in _autoflush
    raise e.with_traceback(sys.exc_info()[2])
  File "/home/qwamjoow/virtualenv/massenger.reservira.ir/3.11/lib64/python3.11/site-packages/sqlalchemy/orm/session.py", line 3050, in _autoflush
    self.flush()
  File "/home/qwamjoow/virtualenv/massenger.reservira.ir/3.11/lib64/python3.11/site-packages/sqlalchemy/orm/session.py", line 4352, in flush
    self._flush(objects)
  File "/home/qwamjoow/virtualenv/massenger.reservira.ir/3.11/lib64/python3.11/site-packages/sqlalchemy/orm/session.py", line 4487, in _flush
    with util.safe_reraise():
  File "/home/qwamjoow/virtualenv/massenger.reservira.ir/3.11/lib64/python3.11/site-packages/sqlalchemy/util/langhelpers.py", line 146, in __exit__
    raise exc_value.with_traceback(exc_tb)
  File "/home/qwamjoow/virtualenv/massenger.reservira.ir/3.11/lib64/python3.11/site-packages/sqlalchemy/orm/session.py", line 4448, in _flush
    flush_context.execute()
  File "/home/qwamjoow/virtualenv/massenger.reservira.ir/3.11/lib64/python3.11/site-packages/sqlalchemy/orm/unitofwork.py", line 466, in execute
    rec.execute(self)
  File "/home/qwamjoow/virtualenv/massenger.reservira.ir/3.11/lib64/python3.11/site-packages/sqlalchemy/orm/unitofwork.py", line 642, in execute
    util.preloaded.orm_persistence.save_obj(
  File "/home/qwamjoow/virtualenv/massenger.reservira.ir/3.11/lib64/python3.11/site-packages/sqlalchemy/orm/persistence.py", line 93, in save_obj
    _emit_insert_statements(
  File "/home/qwamjoow/virtualenv/massenger.reservira.ir/3.11/lib64/python3.11/site-packages/sqlalchemy/orm/persistence.py", line 1233, in _emit_insert_statements
    result = connection.execute(
             ^^^^^^^^^^^^^^^^^^^
  File "/home/qwamjoow/virtualenv/massenger.reservira.ir/3.11/lib64/python3.11/site-packages/sqlalchemy/engine/base.py", line 1418, in execute
    return meth(
           ^^^^^
  File "/home/qwamjoow/virtualenv/massenger.reservira.ir/3.11/lib64/python3.11/site-packages/sqlalchemy/sql/elements.py", line 515, in _execute_on_connection
    return connection._execute_clauseelement(
           ^^^^^^^^^^^^^^^^^^^^^^^^^^^^^^^^^^
  File "/home/qwamjoow/virtualenv/massenger.reservira.ir/3.11/lib64/python3.11/site-packages/sqlalchemy/engine/base.py", line 1640, in _execute_clauseelement
    ret = self._execute_context(
          ^^^^^^^^^^^^^^^^^^^^^^
  File "/home/qwamjoow/virtualenv/massenger.reservira.ir/3.11/lib64/python3.11/site-packages/sqlalchemy/engine/base.py", line 1846, in _execute_context
    return self._exec_single_context(
           ^^^^^^^^^^^^^^^^^^^^^^^^^^
  File "/home/qwamjoow/virtualenv/massenger.reservira.ir/3.11/lib64/python3.11/site-packages/sqlalchemy/engine/base.py", line 1986, in _exec_single_context
    self._handle_dbapi_exception(
  File "/home/qwamjoow/virtualenv/massenger.reservira.ir/3.11/lib64/python3.11/site-packages/sqlalchemy/engine/base.py", line 2355, in _handle_dbapi_exception
    raise sqlalchemy_exception.with_traceback(exc_info[2]) from e
  File "/home/qwamjoow/virtualenv/massenger.reservira.ir/3.11/lib64/python3.11/site-packages/sqlalchemy/engine/base.py", line 1967, in _exec_single_context
    self.dialect.do_execute(
  File "/home/qwamjoow/virtualenv/massenger.reservira.ir/3.11/lib64/python3.11/site-packages/sqlalchemy/engine/default.py", line 941, in do_execute
    cursor.execute(statement, parameters)
  File "/home/qwamjoow/virtualenv/massenger.reservira.ir/3.11/lib/python3.11/site-packages/pymysql/cursors.py", line 153, in execute
    result = self._query(query)
             ^^^^^^^^^^^^^^^^^^
  File "/home/qwamjoow/virtualenv/massenger.reservira.ir/3.11/lib/python3.11/site-packages/pymysql/cursors.py", line 322, in _query
    conn.query(q)
  File "/home/qwamjoow/virtualenv/massenger.reservira.ir/3.11/lib/python3.11/site-packages/pymysql/connections.py", line 563, in query
    self._affected_rows = self._read_query_result(unbuffered=unbuffered)
                          ^^^^^^^^^^^^^^^^^^^^^^^^^^^^^^^^^^^^^^^^^^^^^^
  File "/home/qwamjoow/virtualenv/massenger.reservira.ir/3.11/lib/python3.11/site-packages/pymysql/connections.py", line 825, in _read_query_result
    result.read()
  File "/home/qwamjoow/virtualenv/massenger.reservira.ir/3.11/lib/python3.11/site-packages/pymysql/connections.py", line 1199, in read
    first_packet = self.connection._read_packet()
                   ^^^^^^^^^^^^^^^^^^^^^^^^^^^^^^
  File "/home/qwamjoow/virtualenv/massenger.reservira.ir/3.11/lib/python3.11/site-packages/pymysql/connections.py", line 775, in _read_packet
    packet.raise_for_error()
  File "/home/qwamjoow/virtualenv/massenger.reservira.ir/3.11/lib/python3.11/site-packages/pymysql/protocol.py", line 219, in raise_for_error
    err.raise_mysql_exception(self._data)
  File "/home/qwamjoow/virtualenv/massenger.reservira.ir/3.11/lib/python3.11/site-packages/pymysql/err.py", line 150, in raise_mysql_exception
    raise errorclass(errno, errval)
sqlalchemy.exc.IntegrityError: (raised as a result of Query-invoked autoflush; consider using a session.no_autoflush block if this flush is occurring prematurely)
(pymysql.err.IntegrityError) (1062, "Duplicate entry 'eaf162dd-b011-4af6-9bff-d15119b7401c-98cf2828-7dcc-403b-8442-d3d' for key 'message_statuses.uq_message_status'")
[SQL: INSERT INTO message_statuses (id, message_id, user_id, status, delivered_at, read_at, created_at) VALUES (%(id)s, %(message_id)s, %(user_id)s, %(status)s, %(delivered_at)s, %(read_at)s, %(created_at)s)]
[parameters: {'id': 'bcf96fe4-4d92-4c07-a40a-652b729197b4', 'message_id': 'eaf162dd-b011-4af6-9bff-d15119b7401c', 'user_id': '98cf2828-7dcc-403b-8442-d3de625bd636', 'status': 'delivered', 'delivered_at': datetime.datetime(2026, 9, 14, 9, 13, 9, 488077), 'read_at': None, 'created_at': datetime.datetime(2026, 9, 14, 9, 13, 9, 513731)}]
(Background on this error at: https://sqlalche.me/e/20/gkpj)
[2026-09-14 12:43:16,236] ERROR in app: Exception on /api/v1/messages/5a55ce54-bbe9-421d-adab-9528d0ae3ff1 [GET]
Traceback (most recent call last):
  File "/home/qwamjoow/virtualenv/massenger.reservira.ir/3.11/lib64/python3.11/site-packages/sqlalchemy/engine/base.py", line 1967, in _exec_single_context
    self.dialect.do_execute(
  File "/home/qwamjoow/virtualenv/massenger.reservira.ir/3.11/lib64/python3.11/site-packages/sqlalchemy/engine/default.py", line 941, in do_execute
    cursor.execute(statement, parameters)
  File "/home/qwamjoow/virtualenv/massenger.reservira.ir/3.11/lib/python3.11/site-packages/pymysql/cursors.py", line 153, in execute
    result = self._query(query)
             ^^^^^^^^^^^^^^^^^^
  File "/home/qwamjoow/virtualenv/massenger.reservira.ir/3.11/lib/python3.11/site-packages/pymysql/cursors.py", line 322, in _query
    conn.query(q)
  File "/home/qwamjoow/virtualenv/massenger.reservira.ir/3.11/lib/python3.11/site-packages/pymysql/connections.py", line 563, in query
    self._affected_rows = self._read_query_result(unbuffered=unbuffered)
                          ^^^^^^^^^^^^^^^^^^^^^^^^^^^^^^^^^^^^^^^^^^^^^^
  File "/home/qwamjoow/virtualenv/massenger.reservira.ir/3.11/lib/python3.11/site-packages/pymysql/connections.py", line 825, in _read_query_result
    result.read()
  File "/home/qwamjoow/virtualenv/massenger.reservira.ir/3.11/lib/python3.11/site-packages/pymysql/connections.py", line 1199, in read
    first_packet = self.connection._read_packet()
                   ^^^^^^^^^^^^^^^^^^^^^^^^^^^^^^
  File "/home/qwamjoow/virtualenv/massenger.reservira.ir/3.11/lib/python3.11/site-packages/pymysql/connections.py", line 775, in _read_packet
    packet.raise_for_error()
  File "/home/qwamjoow/virtualenv/massenger.reservira.ir/3.11/lib/python3.11/site-packages/pymysql/protocol.py", line 219, in raise_for_error
    err.raise_mysql_exception(self._data)
  File "/home/qwamjoow/virtualenv/massenger.reservira.ir/3.11/lib/python3.11/site-packages/pymysql/err.py", line 150, in raise_mysql_exception
    raise errorclass(errno, errval)
pymysql.err.IntegrityError: (1062, "Duplicate entry 'eaf162dd-b011-4af6-9bff-d15119b7401c-98cf2828-7dcc-403b-8442-d3d' for key 'message_statuses.uq_message_status'")

The above exception was the direct cause of the following exception:

Traceback (most recent call last):
  File "/home/qwamjoow/virtualenv/massenger.reservira.ir/3.11/lib/python3.11/site-packages/flask/app.py", line 1473, in wsgi_app
    response = self.full_dispatch_request()
               ^^^^^^^^^^^^^^^^^^^^^^^^^^^^
  File "/home/qwamjoow/virtualenv/massenger.reservira.ir/3.11/lib/python3.11/site-packages/flask/app.py", line 882, in full_dispatch_request
    rv = self.handle_user_exception(e)
         ^^^^^^^^^^^^^^^^^^^^^^^^^^^^^
  File "/home/qwamjoow/virtualenv/massenger.reservira.ir/3.11/lib/python3.11/site-packages/flask_cors/extension.py", line 178, in wrapped_function
    return cors_after_request(app.make_response(f(*args, **kwargs)))
                                                ^^^^^^^^^^^^^^^^^^
  File "/home/qwamjoow/virtualenv/massenger.reservira.ir/3.11/lib/python3.11/site-packages/flask/app.py", line 880, in full_dispatch_request
    rv = self.dispatch_request()
         ^^^^^^^^^^^^^^^^^^^^^^^
  File "/home/qwamjoow/virtualenv/massenger.reservira.ir/3.11/lib/python3.11/site-packages/flask/app.py", line 865, in dispatch_request
    return self.ensure_sync(self.view_functions[rule.endpoint])(**view_args)  # type: ignore[no-any-return]
           ^^^^^^^^^^^^^^^^^^^^^^^^^^^^^^^^^^^^^^^^^^^^^^^^^^^^^^^^^^^^^^^^^
  File "/home/qwamjoow/virtualenv/massenger.reservira.ir/3.11/lib/python3.11/site-packages/flask_jwt_extended/view_decorators.py", line 170, in decorator
    return current_app.ensure_sync(fn)(*args, **kwargs)
           ^^^^^^^^^^^^^^^^^^^^^^^^^^^^^^^^^^^^^^^^^^^^
  File "/home/qwamjoow/massenger.reservira.ir/app/api/messages.py", line 81, in get_messages
    dispatch_scheduled_messages(chat_id)
  File "/home/qwamjoow/massenger.reservira.ir/app/api/messages.py", line 53, in dispatch_scheduled_messages
    chat = db.session.get(Chat, msg.chat_id)
           ^^^^^^^^^^^^^^^^^^^^^^^^^^^^^^^^^
  File "/home/qwamjoow/virtualenv/massenger.reservira.ir/3.11/lib64/python3.11/site-packages/sqlalchemy/orm/scoping.py", line 1060, in get
    return self._proxied.get(
           ^^^^^^^^^^^^^^^^^^
  File "/home/qwamjoow/virtualenv/massenger.reservira.ir/3.11/lib64/python3.11/site-packages/sqlalchemy/orm/session.py", line 3693, in get
    return self._get_impl(
           ^^^^^^^^^^^^^^^
  File "/home/qwamjoow/virtualenv/massenger.reservira.ir/3.11/lib64/python3.11/site-packages/sqlalchemy/orm/session.py", line 3873, in _get_impl
    return db_load_fn(
           ^^^^^^^^^^^
  File "/home/qwamjoow/virtualenv/massenger.reservira.ir/3.11/lib64/python3.11/site-packages/sqlalchemy/orm/loading.py", line 694, in load_on_pk_identity
    session.execute(
  File "/home/qwamjoow/virtualenv/massenger.reservira.ir/3.11/lib64/python3.11/site-packages/sqlalchemy/orm/session.py", line 2362, in execute
    return self._execute_internal(
           ^^^^^^^^^^^^^^^^^^^^^^^
  File "/home/qwamjoow/virtualenv/massenger.reservira.ir/3.11/lib64/python3.11/site-packages/sqlalchemy/orm/session.py", line 2226, in _execute_internal
    ) = compile_state_cls.orm_pre_session_exec(
        ^^^^^^^^^^^^^^^^^^^^^^^^^^^^^^^^^^^^^^^
  File "/home/qwamjoow/virtualenv/massenger.reservira.ir/3.11/lib64/python3.11/site-packages/sqlalchemy/orm/context.py", line 561, in orm_pre_session_exec
    session._autoflush()
  File "/home/qwamjoow/virtualenv/massenger.reservira.ir/3.11/lib64/python3.11/site-packages/sqlalchemy/orm/session.py", line 3061, in _autoflush
    raise e.with_traceback(sys.exc_info()[2])
  File "/home/qwamjoow/virtualenv/massenger.reservira.ir/3.11/lib64/python3.11/site-packages/sqlalchemy/orm/session.py", line 3050, in _autoflush
    self.flush()
  File "/home/qwamjoow/virtualenv/massenger.reservira.ir/3.11/lib64/python3.11/site-packages/sqlalchemy/orm/session.py", line 4352, in flush
    self._flush(objects)
  File "/home/qwamjoow/virtualenv/massenger.reservira.ir/3.11/lib64/python3.11/site-packages/sqlalchemy/orm/session.py", line 4487, in _flush
    with util.safe_reraise():
  File "/home/qwamjoow/virtualenv/massenger.reservira.ir/3.11/lib64/python3.11/site-packages/sqlalchemy/util/langhelpers.py", line 146, in __exit__
    raise exc_value.with_traceback(exc_tb)
  File "/home/qwamjoow/virtualenv/massenger.reservira.ir/3.11/lib64/python3.11/site-packages/sqlalchemy/orm/session.py", line 4448, in _flush
    flush_context.execute()
  File "/home/qwamjoow/virtualenv/massenger.reservira.ir/3.11/lib64/python3.11/site-packages/sqlalchemy/orm/unitofwork.py", line 466, in execute
    rec.execute(self)
  File "/home/qwamjoow/virtualenv/massenger.reservira.ir/3.11/lib64/python3.11/site-packages/sqlalchemy/orm/unitofwork.py", line 642, in execute
    util.preloaded.orm_persistence.save_obj(
  File "/home/qwamjoow/virtualenv/massenger.reservira.ir/3.11/lib64/python3.11/site-packages/sqlalchemy/orm/persistence.py", line 93, in save_obj
    _emit_insert_statements(
  File "/home/qwamjoow/virtualenv/massenger.reservira.ir/3.11/lib64/python3.11/site-packages/sqlalchemy/orm/persistence.py", line 1233, in _emit_insert_statements
    result = connection.execute(
             ^^^^^^^^^^^^^^^^^^^
  File "/home/qwamjoow/virtualenv/massenger.reservira.ir/3.11/lib64/python3.11/site-packages/sqlalchemy/engine/base.py", line 1418, in execute
    return meth(
           ^^^^^
  File "/home/qwamjoow/virtualenv/massenger.reservira.ir/3.11/lib64/python3.11/site-packages/sqlalchemy/sql/elements.py", line 515, in _execute_on_connection
    return connection._execute_clauseelement(
           ^^^^^^^^^^^^^^^^^^^^^^^^^^^^^^^^^^
  File "/home/qwamjoow/virtualenv/massenger.reservira.ir/3.11/lib64/python3.11/site-packages/sqlalchemy/engine/base.py", line 1640, in _execute_clauseelement
    ret = self._execute_context(
          ^^^^^^^^^^^^^^^^^^^^^^
  File "/home/qwamjoow/virtualenv/massenger.reservira.ir/3.11/lib64/python3.11/site-packages/sqlalchemy/engine/base.py", line 1846, in _execute_context
    return self._exec_single_context(
           ^^^^^^^^^^^^^^^^^^^^^^^^^^
  File "/home/qwamjoow/virtualenv/massenger.reservira.ir/3.11/lib64/python3.11/site-packages/sqlalchemy/engine/base.py", line 1986, in _exec_single_context
    self._handle_dbapi_exception(
  File "/home/qwamjoow/virtualenv/massenger.reservira.ir/3.11/lib64/python3.11/site-packages/sqlalchemy/engine/base.py", line 2355, in _handle_dbapi_exception
    raise sqlalchemy_exception.with_traceback(exc_info[2]) from e
  File "/home/qwamjoow/virtualenv/massenger.reservira.ir/3.11/lib64/python3.11/site-packages/sqlalchemy/engine/base.py", line 1967, in _exec_single_context
    self.dialect.do_execute(
  File "/home/qwamjoow/virtualenv/massenger.reservira.ir/3.11/lib64/python3.11/site-packages/sqlalchemy/engine/default.py", line 941, in do_execute
    cursor.execute(statement, parameters)
  File "/home/qwamjoow/virtualenv/massenger.reservira.ir/3.11/lib/python3.11/site-packages/pymysql/cursors.py", line 153, in execute
    result = self._query(query)
             ^^^^^^^^^^^^^^^^^^
  File "/home/qwamjoow/virtualenv/massenger.reservira.ir/3.11/lib/python3.11/site-packages/pymysql/cursors.py", line 322, in _query
    conn.query(q)
  File "/home/qwamjoow/virtualenv/massenger.reservira.ir/3.11/lib/python3.11/site-packages/pymysql/connections.py", line 563, in query
    self._affected_rows = self._read_query_result(unbuffered=unbuffered)
                          ^^^^^^^^^^^^^^^^^^^^^^^^^^^^^^^^^^^^^^^^^^^^^^
  File "/home/qwamjoow/virtualenv/massenger.reservira.ir/3.11/lib/python3.11/site-packages/pymysql/connections.py", line 825, in _read_query_result
    result.read()
  File "/home/qwamjoow/virtualenv/massenger.reservira.ir/3.11/lib/python3.11/site-packages/pymysql/connections.py", line 1199, in read
    first_packet = self.connection._read_packet()
                   ^^^^^^^^^^^^^^^^^^^^^^^^^^^^^^
  File "/home/qwamjoow/virtualenv/massenger.reservira.ir/3.11/lib/python3.11/site-packages/pymysql/connections.py", line 775, in _read_packet
    packet.raise_for_error()
  File "/home/qwamjoow/virtualenv/massenger.reservira.ir/3.11/lib/python3.11/site-packages/pymysql/protocol.py", line 219, in raise_for_error
    err.raise_mysql_exception(self._data)
  File "/home/qwamjoow/virtualenv/massenger.reservira.ir/3.11/lib/python3.11/site-packages/pymysql/err.py", line 150, in raise_mysql_exception
    raise errorclass(errno, errval)
sqlalchemy.exc.IntegrityError: (raised as a result of Query-invoked autoflush; consider using a session.no_autoflush block if this flush is occurring prematurely)
(pymysql.err.IntegrityError) (1062, "Duplicate entry 'eaf162dd-b011-4af6-9bff-d15119b7401c-98cf2828-7dcc-403b-8442-d3d' for key 'message_statuses.uq_message_status'")
[SQL: INSERT INTO message_statuses (id, message_id, user_id, status, delivered_at, read_at, created_at) VALUES (%(id)s, %(message_id)s, %(user_id)s, %(status)s, %(delivered_at)s, %(read_at)s, %(created_at)s)]
[parameters: {'id': '02ca2c17-a727-43df-8c03-ed5e271626f1', 'message_id': 'eaf162dd-b011-4af6-9bff-d15119b7401c', 'user_id': '98cf2828-7dcc-403b-8442-d3de625bd636', 'status': 'delivered', 'delivered_at': datetime.datetime(2026, 9, 14, 9, 13, 16, 206854), 'read_at': None, 'created_at': datetime.datetime(2026, 9, 14, 9, 13, 16, 213971)}]
(Background on this error at: https://sqlalche.me/e/20/gkpj)
[2026-09-14 12:43:18,905] ERROR in app: Exception on /api/v1/messages/5a55ce54-bbe9-421d-adab-9528d0ae3ff1 [GET]
Traceback (most recent call last):
  File "/home/qwamjoow/virtualenv/massenger.reservira.ir/3.11/lib64/python3.11/site-packages/sqlalchemy/engine/base.py", line 1967, in _exec_single_context
    self.dialect.do_execute(
  File "/home/qwamjoow/virtualenv/massenger.reservira.ir/3.11/lib64/python3.11/site-packages/sqlalchemy/engine/default.py", line 941, in do_execute
    cursor.execute(statement, parameters)
  File "/home/qwamjoow/virtualenv/massenger.reservira.ir/3.11/lib/python3.11/site-packages/pymysql/cursors.py", line 153, in execute
    result = self._query(query)
             ^^^^^^^^^^^^^^^^^^
  File "/home/qwamjoow/virtualenv/massenger.reservira.ir/3.11/lib/python3.11/site-packages/pymysql/cursors.py", line 322, in _query
    conn.query(q)
  File "/home/qwamjoow/virtualenv/massenger.reservira.ir/3.11/lib/python3.11/site-packages/pymysql/connections.py", line 563, in query
    self._affected_rows = self._read_query_result(unbuffered=unbuffered)
                          ^^^^^^^^^^^^^^^^^^^^^^^^^^^^^^^^^^^^^^^^^^^^^^
  File "/home/qwamjoow/virtualenv/massenger.reservira.ir/3.11/lib/python3.11/site-packages/pymysql/connections.py", line 825, in _read_query_result
    result.read()
  File "/home/qwamjoow/virtualenv/massenger.reservira.ir/3.11/lib/python3.11/site-packages/pymysql/connections.py", line 1199, in read
    first_packet = self.connection._read_packet()
                   ^^^^^^^^^^^^^^^^^^^^^^^^^^^^^^
  File "/home/qwamjoow/virtualenv/massenger.reservira.ir/3.11/lib/python3.11/site-packages/pymysql/connections.py", line 775, in _read_packet
    packet.raise_for_error()
  File "/home/qwamjoow/virtualenv/massenger.reservira.ir/3.11/lib/python3.11/site-packages/pymysql/protocol.py", line 219, in raise_for_error
    err.raise_mysql_exception(self._data)
  File "/home/qwamjoow/virtualenv/massenger.reservira.ir/3.11/lib/python3.11/site-packages/pymysql/err.py", line 150, in raise_mysql_exception
    raise errorclass(errno, errval)
pymysql.err.IntegrityError: (1062, "Duplicate entry 'eaf162dd-b011-4af6-9bff-d15119b7401c-98cf2828-7dcc-403b-8442-d3d' for key 'message_statuses.uq_message_status'")

The above exception was the direct cause of the following exception:

Traceback (most recent call last):
  File "/home/qwamjoow/virtualenv/massenger.reservira.ir/3.11/lib/python3.11/site-packages/flask/app.py", line 1473, in wsgi_app
    response = self.full_dispatch_request()
               ^^^^^^^^^^^^^^^^^^^^^^^^^^^^
  File "/home/qwamjoow/virtualenv/massenger.reservira.ir/3.11/lib/python3.11/site-packages/flask/app.py", line 882, in full_dispatch_request
    rv = self.handle_user_exception(e)
         ^^^^^^^^^^^^^^^^^^^^^^^^^^^^^
  File "/home/qwamjoow/virtualenv/massenger.reservira.ir/3.11/lib/python3.11/site-packages/flask_cors/extension.py", line 178, in wrapped_function
    return cors_after_request(app.make_response(f(*args, **kwargs)))
                                                ^^^^^^^^^^^^^^^^^^
  File "/home/qwamjoow/virtualenv/massenger.reservira.ir/3.11/lib/python3.11/site-packages/flask/app.py", line 880, in full_dispatch_request
    rv = self.dispatch_request()
         ^^^^^^^^^^^^^^^^^^^^^^^
  File "/home/qwamjoow/virtualenv/massenger.reservira.ir/3.11/lib/python3.11/site-packages/flask/app.py", line 865, in dispatch_request
    return self.ensure_sync(self.view_functions[rule.endpoint])(**view_args)  # type: ignore[no-any-return]
           ^^^^^^^^^^^^^^^^^^^^^^^^^^^^^^^^^^^^^^^^^^^^^^^^^^^^^^^^^^^^^^^^^
  File "/home/qwamjoow/virtualenv/massenger.reservira.ir/3.11/lib/python3.11/site-packages/flask_jwt_extended/view_decorators.py", line 170, in decorator
    return current_app.ensure_sync(fn)(*args, **kwargs)
           ^^^^^^^^^^^^^^^^^^^^^^^^^^^^^^^^^^^^^^^^^^^^
  File "/home/qwamjoow/massenger.reservira.ir/app/api/messages.py", line 81, in get_messages
    dispatch_scheduled_messages(chat_id)
  File "/home/qwamjoow/massenger.reservira.ir/app/api/messages.py", line 53, in dispatch_scheduled_messages
    chat = db.session.get(Chat, msg.chat_id)
           ^^^^^^^^^^^^^^^^^^^^^^^^^^^^^^^^^
  File "/home/qwamjoow/virtualenv/massenger.reservira.ir/3.11/lib64/python3.11/site-packages/sqlalchemy/orm/scoping.py", line 1060, in get
    return self._proxied.get(
           ^^^^^^^^^^^^^^^^^^
  File "/home/qwamjoow/virtualenv/massenger.reservira.ir/3.11/lib64/python3.11/site-packages/sqlalchemy/orm/session.py", line 3693, in get
    return self._get_impl(
           ^^^^^^^^^^^^^^^
  File "/home/qwamjoow/virtualenv/massenger.reservira.ir/3.11/lib64/python3.11/site-packages/sqlalchemy/orm/session.py", line 3873, in _get_impl
    return db_load_fn(
           ^^^^^^^^^^^
  File "/home/qwamjoow/virtualenv/massenger.reservira.ir/3.11/lib64/python3.11/site-packages/sqlalchemy/orm/loading.py", line 694, in load_on_pk_identity
    session.execute(
  File "/home/qwamjoow/virtualenv/massenger.reservira.ir/3.11/lib64/python3.11/site-packages/sqlalchemy/orm/session.py", line 2362, in execute
    return self._execute_internal(
           ^^^^^^^^^^^^^^^^^^^^^^^
  File "/home/qwamjoow/virtualenv/massenger.reservira.ir/3.11/lib64/python3.11/site-packages/sqlalchemy/orm/session.py", line 2226, in _execute_internal
    ) = compile_state_cls.orm_pre_session_exec(
        ^^^^^^^^^^^^^^^^^^^^^^^^^^^^^^^^^^^^^^^
  File "/home/qwamjoow/virtualenv/massenger.reservira.ir/3.11/lib64/python3.11/site-packages/sqlalchemy/orm/context.py", line 561, in orm_pre_session_exec
    session._autoflush()
  File "/home/qwamjoow/virtualenv/massenger.reservira.ir/3.11/lib64/python3.11/site-packages/sqlalchemy/orm/session.py", line 3061, in _autoflush
    raise e.with_traceback(sys.exc_info()[2])
  File "/home/qwamjoow/virtualenv/massenger.reservira.ir/3.11/lib64/python3.11/site-packages/sqlalchemy/orm/session.py", line 3050, in _autoflush
    self.flush()
  File "/home/qwamjoow/virtualenv/massenger.reservira.ir/3.11/lib64/python3.11/site-packages/sqlalchemy/orm/session.py", line 4352, in flush
    self._flush(objects)
  File "/home/qwamjoow/virtualenv/massenger.reservira.ir/3.11/lib64/python3.11/site-packages/sqlalchemy/orm/session.py", line 4487, in _flush
    with util.safe_reraise():
  File "/home/qwamjoow/virtualenv/massenger.reservira.ir/3.11/lib64/python3.11/site-packages/sqlalchemy/util/langhelpers.py", line 146, in __exit__
    raise exc_value.with_traceback(exc_tb)
  File "/home/qwamjoow/virtualenv/massenger.reservira.ir/3.11/lib64/python3.11/site-packages/sqlalchemy/orm/session.py", line 4448, in _flush
    flush_context.execute()
  File "/home/qwamjoow/virtualenv/massenger.reservira.ir/3.11/lib64/python3.11/site-packages/sqlalchemy/orm/unitofwork.py", line 466, in execute
    rec.execute(self)
  File "/home/qwamjoow/virtualenv/massenger.reservira.ir/3.11/lib64/python3.11/site-packages/sqlalchemy/orm/unitofwork.py", line 642, in execute
    util.preloaded.orm_persistence.save_obj(
  File "/home/qwamjoow/virtualenv/massenger.reservira.ir/3.11/lib64/python3.11/site-packages/sqlalchemy/orm/persistence.py", line 93, in save_obj
    _emit_insert_statements(
  File "/home/qwamjoow/virtualenv/massenger.reservira.ir/3.11/lib64/python3.11/site-packages/sqlalchemy/orm/persistence.py", line 1233, in _emit_insert_statements
    result = connection.execute(
             ^^^^^^^^^^^^^^^^^^^
  File "/home/qwamjoow/virtualenv/massenger.reservira.ir/3.11/lib64/python3.11/site-packages/sqlalchemy/engine/base.py", line 1418, in execute
    return meth(
           ^^^^^
  File "/home/qwamjoow/virtualenv/massenger.reservira.ir/3.11/lib64/python3.11/site-packages/sqlalchemy/sql/elements.py", line 515, in _execute_on_connection
    return connection._execute_clauseelement(
           ^^^^^^^^^^^^^^^^^^^^^^^^^^^^^^^^^^
  File "/home/qwamjoow/virtualenv/massenger.reservira.ir/3.11/lib64/python3.11/site-packages/sqlalchemy/engine/base.py", line 1640, in _execute_clauseelement
    ret = self._execute_context(
          ^^^^^^^^^^^^^^^^^^^^^^
  File "/home/qwamjoow/virtualenv/massenger.reservira.ir/3.11/lib64/python3.11/site-packages/sqlalchemy/engine/base.py", line 1846, in _execute_context
    return self._exec_single_context(
           ^^^^^^^^^^^^^^^^^^^^^^^^^^
  File "/home/qwamjoow/virtualenv/massenger.reservira.ir/3.11/lib64/python3.11/site-packages/sqlalchemy/engine/base.py", line 1986, in _exec_single_context
    self._handle_dbapi_exception(
  File "/home/qwamjoow/virtualenv/massenger.reservira.ir/3.11/lib64/python3.11/site-packages/sqlalchemy/engine/base.py", line 2355, in _handle_dbapi_exception
    raise sqlalchemy_exception.with_traceback(exc_info[2]) from e
  File "/home/qwamjoow/virtualenv/massenger.reservira.ir/3.11/lib64/python3.11/site-packages/sqlalchemy/engine/base.py", line 1967, in _exec_single_context
    self.dialect.do_execute(
  File "/home/qwamjoow/virtualenv/massenger.reservira.ir/3.11/lib64/python3.11/site-packages/sqlalchemy/engine/default.py", line 941, in do_execute
    cursor.execute(statement, parameters)
  File "/home/qwamjoow/virtualenv/massenger.reservira.ir/3.11/lib/python3.11/site-packages/pymysql/cursors.py", line 153, in execute
    result = self._query(query)
             ^^^^^^^^^^^^^^^^^^
  File "/home/qwamjoow/virtualenv/massenger.reservira.ir/3.11/lib/python3.11/site-packages/pymysql/cursors.py", line 322, in _query
    conn.query(q)
  File "/home/qwamjoow/virtualenv/massenger.reservira.ir/3.11/lib/python3.11/site-packages/pymysql/connections.py", line 563, in query
    self._affected_rows = self._read_query_result(unbuffered=unbuffered)
                          ^^^^^^^^^^^^^^^^^^^^^^^^^^^^^^^^^^^^^^^^^^^^^^
  File "/home/qwamjoow/virtualenv/massenger.reservira.ir/3.11/lib/python3.11/site-packages/pymysql/connections.py", line 825, in _read_query_result
    result.read()
  File "/home/qwamjoow/virtualenv/massenger.reservira.ir/3.11/lib/python3.11/site-packages/pymysql/connections.py", line 1199, in read
    first_packet = self.connection._read_packet()
                   ^^^^^^^^^^^^^^^^^^^^^^^^^^^^^^
  File "/home/qwamjoow/virtualenv/massenger.reservira.ir/3.11/lib/python3.11/site-packages/pymysql/connections.py", line 775, in _read_packet
    packet.raise_for_error()
  File "/home/qwamjoow/virtualenv/massenger.reservira.ir/3.11/lib/python3.11/site-packages/pymysql/protocol.py", line 219, in raise_for_error
    err.raise_mysql_exception(self._data)
  File "/home/qwamjoow/virtualenv/massenger.reservira.ir/3.11/lib/python3.11/site-packages/pymysql/err.py", line 150, in raise_mysql_exception
    raise errorclass(errno, errval)
sqlalchemy.exc.IntegrityError: (raised as a result of Query-invoked autoflush; consider using a session.no_autoflush block if this flush is occurring prematurely)
(pymysql.err.IntegrityError) (1062, "Duplicate entry 'eaf162dd-b011-4af6-9bff-d15119b7401c-98cf2828-7dcc-403b-8442-d3d' for key 'message_statuses.uq_message_status'")
[SQL: INSERT INTO message_statuses (id, message_id, user_id, status, delivered_at, read_at, created_at) VALUES (%(id)s, %(message_id)s, %(user_id)s, %(status)s, %(delivered_at)s, %(read_at)s, %(created_at)s)]
[parameters: {'id': 'da35ab5d-b725-4be9-b2b0-4ecfe78e0b94', 'message_id': 'eaf162dd-b011-4af6-9bff-d15119b7401c', 'user_id': '98cf2828-7dcc-403b-8442-d3de625bd636', 'status': 'delivered', 'delivered_at': datetime.datetime(2026, 9, 14, 9, 13, 18, 864436), 'read_at': None, 'created_at': datetime.datetime(2026, 9, 14, 9, 13, 18, 891415)}]
(Background on this error at: https://sqlalche.me/e/20/gkpj)
[2026-09-14 12:43:21,930] ERROR in app: Exception on /api/v1/messages/5a55ce54-bbe9-421d-adab-9528d0ae3ff1 [GET]
Traceback (most recent call last):
  File "/home/qwamjoow/virtualenv/massenger.reservira.ir/3.11/lib64/python3.11/site-packages/sqlalchemy/engine/base.py", line 1967, in _exec_single_context
    self.dialect.do_execute(
  File "/home/qwamjoow/virtualenv/massenger.reservira.ir/3.11/lib64/python3.11/site-packages/sqlalchemy/engine/default.py", line 941, in do_execute
    cursor.execute(statement, parameters)
  File "/home/qwamjoow/virtualenv/massenger.reservira.ir/3.11/lib/python3.11/site-packages/pymysql/cursors.py", line 153, in execute
    result = self._query(query)
             ^^^^^^^^^^^^^^^^^^
  File "/home/qwamjoow/virtualenv/massenger.reservira.ir/3.11/lib/python3.11/site-packages/pymysql/cursors.py", line 322, in _query
    conn.query(q)
  File "/home/qwamjoow/virtualenv/massenger.reservira.ir/3.11/lib/python3.11/site-packages/pymysql/connections.py", line 563, in query
    self._affected_rows = self._read_query_result(unbuffered=unbuffered)
                          ^^^^^^^^^^^^^^^^^^^^^^^^^^^^^^^^^^^^^^^^^^^^^^
  File "/home/qwamjoow/virtualenv/massenger.reservira.ir/3.11/lib/python3.11/site-packages/pymysql/connections.py", line 825, in _read_query_result
    result.read()
  File "/home/qwamjoow/virtualenv/massenger.reservira.ir/3.11/lib/python3.11/site-packages/pymysql/connections.py", line 1199, in read
    first_packet = self.connection._read_packet()
                   ^^^^^^^^^^^^^^^^^^^^^^^^^^^^^^
  File "/home/qwamjoow/virtualenv/massenger.reservira.ir/3.11/lib/python3.11/site-packages/pymysql/connections.py", line 775, in _read_packet
    packet.raise_for_error()
  File "/home/qwamjoow/virtualenv/massenger.reservira.ir/3.11/lib/python3.11/site-packages/pymysql/protocol.py", line 219, in raise_for_error
    err.raise_mysql_exception(self._data)
  File "/home/qwamjoow/virtualenv/massenger.reservira.ir/3.11/lib/python3.11/site-packages/pymysql/err.py", line 150, in raise_mysql_exception
    raise errorclass(errno, errval)
pymysql.err.IntegrityError: (1062, "Duplicate entry 'eaf162dd-b011-4af6-9bff-d15119b7401c-98cf2828-7dcc-403b-8442-d3d' for key 'message_statuses.uq_message_status'")

The above exception was the direct cause of the following exception:

Traceback (most recent call last):
  File "/home/qwamjoow/virtualenv/massenger.reservira.ir/3.11/lib/python3.11/site-packages/flask/app.py", line 1473, in wsgi_app
    response = self.full_dispatch_request()
               ^^^^^^^^^^^^^^^^^^^^^^^^^^^^
  File "/home/qwamjoow/virtualenv/massenger.reservira.ir/3.11/lib/python3.11/site-packages/flask/app.py", line 882, in full_dispatch_request
    rv = self.handle_user_exception(e)
         ^^^^^^^^^^^^^^^^^^^^^^^^^^^^^
  File "/home/qwamjoow/virtualenv/massenger.reservira.ir/3.11/lib/python3.11/site-packages/flask_cors/extension.py", line 178, in wrapped_function
    return cors_after_request(app.make_response(f(*args, **kwargs)))
                                                ^^^^^^^^^^^^^^^^^^
  File "/home/qwamjoow/virtualenv/massenger.reservira.ir/3.11/lib/python3.11/site-packages/flask/app.py", line 880, in full_dispatch_request
    rv = self.dispatch_request()
         ^^^^^^^^^^^^^^^^^^^^^^^
  File "/home/qwamjoow/virtualenv/massenger.reservira.ir/3.11/lib/python3.11/site-packages/flask/app.py", line 865, in dispatch_request
    return self.ensure_sync(self.view_functions[rule.endpoint])(**view_args)  # type: ignore[no-any-return]
           ^^^^^^^^^^^^^^^^^^^^^^^^^^^^^^^^^^^^^^^^^^^^^^^^^^^^^^^^^^^^^^^^^
  File "/home/qwamjoow/virtualenv/massenger.reservira.ir/3.11/lib/python3.11/site-packages/flask_jwt_extended/view_decorators.py", line 170, in decorator
    return current_app.ensure_sync(fn)(*args, **kwargs)
           ^^^^^^^^^^^^^^^^^^^^^^^^^^^^^^^^^^^^^^^^^^^^
  File "/home/qwamjoow/massenger.reservira.ir/app/api/messages.py", line 81, in get_messages
    dispatch_scheduled_messages(chat_id)
  File "/home/qwamjoow/massenger.reservira.ir/app/api/messages.py", line 53, in dispatch_scheduled_messages
    chat = db.session.get(Chat, msg.chat_id)
           ^^^^^^^^^^^^^^^^^^^^^^^^^^^^^^^^^
  File "/home/qwamjoow/virtualenv/massenger.reservira.ir/3.11/lib64/python3.11/site-packages/sqlalchemy/orm/scoping.py", line 1060, in get
    return self._proxied.get(
           ^^^^^^^^^^^^^^^^^^
  File "/home/qwamjoow/virtualenv/massenger.reservira.ir/3.11/lib64/python3.11/site-packages/sqlalchemy/orm/session.py", line 3693, in get
    return self._get_impl(
           ^^^^^^^^^^^^^^^
  File "/home/qwamjoow/virtualenv/massenger.reservira.ir/3.11/lib64/python3.11/site-packages/sqlalchemy/orm/session.py", line 3873, in _get_impl
    return db_load_fn(
           ^^^^^^^^^^^
  File "/home/qwamjoow/virtualenv/massenger.reservira.ir/3.11/lib64/python3.11/site-packages/sqlalchemy/orm/loading.py", line 694, in load_on_pk_identity
    session.execute(
  File "/home/qwamjoow/virtualenv/massenger.reservira.ir/3.11/lib64/python3.11/site-packages/sqlalchemy/orm/session.py", line 2362, in execute
    return self._execute_internal(
           ^^^^^^^^^^^^^^^^^^^^^^^
  File "/home/qwamjoow/virtualenv/massenger.reservira.ir/3.11/lib64/python3.11/site-packages/sqlalchemy/orm/session.py", line 2226, in _execute_internal
    ) = compile_state_cls.orm_pre_session_exec(
        ^^^^^^^^^^^^^^^^^^^^^^^^^^^^^^^^^^^^^^^
  File "/home/qwamjoow/virtualenv/massenger.reservira.ir/3.11/lib64/python3.11/site-packages/sqlalchemy/orm/context.py", line 561, in orm_pre_session_exec
    session._autoflush()
  File "/home/qwamjoow/virtualenv/massenger.reservira.ir/3.11/lib64/python3.11/site-packages/sqlalchemy/orm/session.py", line 3061, in _autoflush
    raise e.with_traceback(sys.exc_info()[2])
  File "/home/qwamjoow/virtualenv/massenger.reservira.ir/3.11/lib64/python3.11/site-packages/sqlalchemy/orm/session.py", line 3050, in _autoflush
    self.flush()
  File "/home/qwamjoow/virtualenv/massenger.reservira.ir/3.11/lib64/python3.11/site-packages/sqlalchemy/orm/session.py", line 4352, in flush
    self._flush(objects)
  File "/home/qwamjoow/virtualenv/massenger.reservira.ir/3.11/lib64/python3.11/site-packages/sqlalchemy/orm/session.py", line 4487, in _flush
    with util.safe_reraise():
  File "/home/qwamjoow/virtualenv/massenger.reservira.ir/3.11/lib64/python3.11/site-packages/sqlalchemy/util/langhelpers.py", line 146, in __exit__
    raise exc_value.with_traceback(exc_tb)
  File "/home/qwamjoow/virtualenv/massenger.reservira.ir/3.11/lib64/python3.11/site-packages/sqlalchemy/orm/session.py", line 4448, in _flush
    flush_context.execute()
  File "/home/qwamjoow/virtualenv/massenger.reservira.ir/3.11/lib64/python3.11/site-packages/sqlalchemy/orm/unitofwork.py", line 466, in execute
    rec.execute(self)
  File "/home/qwamjoow/virtualenv/massenger.reservira.ir/3.11/lib64/python3.11/site-packages/sqlalchemy/orm/unitofwork.py", line 642, in execute
    util.preloaded.orm_persistence.save_obj(
  File "/home/qwamjoow/virtualenv/massenger.reservira.ir/3.11/lib64/python3.11/site-packages/sqlalchemy/orm/persistence.py", line 93, in save_obj
    _emit_insert_statements(
  File "/home/qwamjoow/virtualenv/massenger.reservira.ir/3.11/lib64/python3.11/site-packages/sqlalchemy/orm/persistence.py", line 1233, in _emit_insert_statements
    result = connection.execute(
             ^^^^^^^^^^^^^^^^^^^
  File "/home/qwamjoow/virtualenv/massenger.reservira.ir/3.11/lib64/python3.11/site-packages/sqlalchemy/engine/base.py", line 1418, in execute
    return meth(
           ^^^^^
  File "/home/qwamjoow/virtualenv/massenger.reservira.ir/3.11/lib64/python3.11/site-packages/sqlalchemy/sql/elements.py", line 515, in _execute_on_connection
    return connection._execute_clauseelement(
           ^^^^^^^^^^^^^^^^^^^^^^^^^^^^^^^^^^
  File "/home/qwamjoow/virtualenv/massenger.reservira.ir/3.11/lib64/python3.11/site-packages/sqlalchemy/engine/base.py", line 1640, in _execute_clauseelement
    ret = self._execute_context(
          ^^^^^^^^^^^^^^^^^^^^^^
  File "/home/qwamjoow/virtualenv/massenger.reservira.ir/3.11/lib64/python3.11/site-packages/sqlalchemy/engine/base.py", line 1846, in _execute_context
    return self._exec_single_context(
           ^^^^^^^^^^^^^^^^^^^^^^^^^^
  File "/home/qwamjoow/virtualenv/massenger.reservira.ir/3.11/lib64/python3.11/site-packages/sqlalchemy/engine/base.py", line 1986, in _exec_single_context
    self._handle_dbapi_exception(
  File "/home/qwamjoow/virtualenv/massenger.reservira.ir/3.11/lib64/python3.11/site-packages/sqlalchemy/engine/base.py", line 2355, in _handle_dbapi_exception
    raise sqlalchemy_exception.with_traceback(exc_info[2]) from e
  File "/home/qwamjoow/virtualenv/massenger.reservira.ir/3.11/lib64/python3.11/site-packages/sqlalchemy/engine/base.py", line 1967, in _exec_single_context
    self.dialect.do_execute(
  File "/home/qwamjoow/virtualenv/massenger.reservira.ir/3.11/lib64/python3.11/site-packages/sqlalchemy/engine/default.py", line 941, in do_execute
    cursor.execute(statement, parameters)
  File "/home/qwamjoow/virtualenv/massenger.reservira.ir/3.11/lib/python3.11/site-packages/pymysql/cursors.py", line 153, in execute
    result = self._query(query)
             ^^^^^^^^^^^^^^^^^^
  File "/home/qwamjoow/virtualenv/massenger.reservira.ir/3.11/lib/python3.11/site-packages/pymysql/cursors.py", line 322, in _query
    conn.query(q)
  File "/home/qwamjoow/virtualenv/massenger.reservira.ir/3.11/lib/python3.11/site-packages/pymysql/connections.py", line 563, in query
    self._affected_rows = self._read_query_result(unbuffered=unbuffered)
                          ^^^^^^^^^^^^^^^^^^^^^^^^^^^^^^^^^^^^^^^^^^^^^^
  File "/home/qwamjoow/virtualenv/massenger.reservira.ir/3.11/lib/python3.11/site-packages/pymysql/connections.py", line 825, in _read_query_result
    result.read()
  File "/home/qwamjoow/virtualenv/massenger.reservira.ir/3.11/lib/python3.11/site-packages/pymysql/connections.py", line 1199, in read
    first_packet = self.connection._read_packet()
                   ^^^^^^^^^^^^^^^^^^^^^^^^^^^^^^
  File "/home/qwamjoow/virtualenv/massenger.reservira.ir/3.11/lib/python3.11/site-packages/pymysql/connections.py", line 775, in _read_packet
    packet.raise_for_error()
  File "/home/qwamjoow/virtualenv/massenger.reservira.ir/3.11/lib/python3.11/site-packages/pymysql/protocol.py", line 219, in raise_for_error
    err.raise_mysql_exception(self._data)
  File "/home/qwamjoow/virtualenv/massenger.reservira.ir/3.11/lib/python3.11/site-packages/pymysql/err.py", line 150, in raise_mysql_exception
    raise errorclass(errno, errval)
sqlalchemy.exc.IntegrityError: (raised as a result of Query-invoked autoflush; consider using a session.no_autoflush block if this flush is occurring prematurely)
(pymysql.err.IntegrityError) (1062, "Duplicate entry 'eaf162dd-b011-4af6-9bff-d15119b7401c-98cf2828-7dcc-403b-8442-d3d' for key 'message_statuses.uq_message_status'")
[SQL: INSERT INTO message_statuses (id, message_id, user_id, status, delivered_at, read_at, created_at) VALUES (%(id)s, %(message_id)s, %(user_id)s, %(status)s, %(delivered_at)s, %(read_at)s, %(created_at)s)]
[parameters: {'id': '8d664083-084c-4746-aa38-d2938a71bae4', 'message_id': 'eaf162dd-b011-4af6-9bff-d15119b7401c', 'user_id': '98cf2828-7dcc-403b-8442-d3de625bd636', 'status': 'delivered', 'delivered_at': datetime.datetime(2026, 9, 14, 9, 13, 21, 883238), 'read_at': None, 'created_at': datetime.datetime(2026, 9, 14, 9, 13, 21, 906846)}]
(Background on this error at: https://sqlalche.me/e/20/gkpj)
[2026-09-14 12:43:24,959] ERROR in app: Exception on /api/v1/messages/5a55ce54-bbe9-421d-adab-9528d0ae3ff1 [GET]
Traceback (most recent call last):
  File "/home/qwamjoow/virtualenv/massenger.reservira.ir/3.11/lib64/python3.11/site-packages/sqlalchemy/engine/base.py", line 1967, in _exec_single_context
    self.dialect.do_execute(
  File "/home/qwamjoow/virtualenv/massenger.reservira.ir/3.11/lib64/python3.11/site-packages/sqlalchemy/engine/default.py", line 941, in do_execute
    cursor.execute(statement, parameters)
  File "/home/qwamjoow/virtualenv/massenger.reservira.ir/3.11/lib/python3.11/site-packages/pymysql/cursors.py", line 153, in execute
    result = self._query(query)
             ^^^^^^^^^^^^^^^^^^
  File "/home/qwamjoow/virtualenv/massenger.reservira.ir/3.11/lib/python3.11/site-packages/pymysql/cursors.py", line 322, in _query
    conn.query(q)
  File "/home/qwamjoow/virtualenv/massenger.reservira.ir/3.11/lib/python3.11/site-packages/pymysql/connections.py", line 563, in query
    self._affected_rows = self._read_query_result(unbuffered=unbuffered)
                          ^^^^^^^^^^^^^^^^^^^^^^^^^^^^^^^^^^^^^^^^^^^^^^
  File "/home/qwamjoow/virtualenv/massenger.reservira.ir/3.11/lib/python3.11/site-packages/pymysql/connections.py", line 825, in _read_query_result
    result.read()
  File "/home/qwamjoow/virtualenv/massenger.reservira.ir/3.11/lib/python3.11/site-packages/pymysql/connections.py", line 1199, in read
    first_packet = self.connection._read_packet()
                   ^^^^^^^^^^^^^^^^^^^^^^^^^^^^^^
  File "/home/qwamjoow/virtualenv/massenger.reservira.ir/3.11/lib/python3.11/site-packages/pymysql/connections.py", line 775, in _read_packet
    packet.raise_for_error()
  File "/home/qwamjoow/virtualenv/massenger.reservira.ir/3.11/lib/python3.11/site-packages/pymysql/protocol.py", line 219, in raise_for_error
    err.raise_mysql_exception(self._data)
  File "/home/qwamjoow/virtualenv/massenger.reservira.ir/3.11/lib/python3.11/site-packages/pymysql/err.py", line 150, in raise_mysql_exception
    raise errorclass(errno, errval)
pymysql.err.IntegrityError: (1062, "Duplicate entry 'eaf162dd-b011-4af6-9bff-d15119b7401c-98cf2828-7dcc-403b-8442-d3d' for key 'message_statuses.uq_message_status'")

The above exception was the direct cause of the following exception:

Traceback (most recent call last):
  File "/home/qwamjoow/virtualenv/massenger.reservira.ir/3.11/lib/python3.11/site-packages/flask/app.py", line 1473, in wsgi_app
    response = self.full_dispatch_request()
               ^^^^^^^^^^^^^^^^^^^^^^^^^^^^
  File "/home/qwamjoow/virtualenv/massenger.reservira.ir/3.11/lib/python3.11/site-packages/flask/app.py", line 882, in full_dispatch_request
    rv = self.handle_user_exception(e)
         ^^^^^^^^^^^^^^^^^^^^^^^^^^^^^
  File "/home/qwamjoow/virtualenv/massenger.reservira.ir/3.11/lib/python3.11/site-packages/flask_cors/extension.py", line 178, in wrapped_function
    return cors_after_request(app.make_response(f(*args, **kwargs)))
                                                ^^^^^^^^^^^^^^^^^^
  File "/home/qwamjoow/virtualenv/massenger.reservira.ir/3.11/lib/python3.11/site-packages/flask/app.py", line 880, in full_dispatch_request
    rv = self.dispatch_request()
         ^^^^^^^^^^^^^^^^^^^^^^^
  File "/home/qwamjoow/virtualenv/massenger.reservira.ir/3.11/lib/python3.11/site-packages/flask/app.py", line 865, in dispatch_request
    return self.ensure_sync(self.view_functions[rule.endpoint])(**view_args)  # type: ignore[no-any-return]
           ^^^^^^^^^^^^^^^^^^^^^^^^^^^^^^^^^^^^^^^^^^^^^^^^^^^^^^^^^^^^^^^^^
  File "/home/qwamjoow/virtualenv/massenger.reservira.ir/3.11/lib/python3.11/site-packages/flask_jwt_extended/view_decorators.py", line 170, in decorator
    return current_app.ensure_sync(fn)(*args, **kwargs)
           ^^^^^^^^^^^^^^^^^^^^^^^^^^^^^^^^^^^^^^^^^^^^
  File "/home/qwamjoow/massenger.reservira.ir/app/api/messages.py", line 81, in get_messages
    dispatch_scheduled_messages(chat_id)
  File "/home/qwamjoow/massenger.reservira.ir/app/api/messages.py", line 53, in dispatch_scheduled_messages
    chat = db.session.get(Chat, msg.chat_id)
           ^^^^^^^^^^^^^^^^^^^^^^^^^^^^^^^^^
  File "/home/qwamjoow/virtualenv/massenger.reservira.ir/3.11/lib64/python3.11/site-packages/sqlalchemy/orm/scoping.py", line 1060, in get
    return self._proxied.get(
           ^^^^^^^^^^^^^^^^^^
  File "/home/qwamjoow/virtualenv/massenger.reservira.ir/3.11/lib64/python3.11/site-packages/sqlalchemy/orm/session.py", line 3693, in get
    return self._get_impl(
           ^^^^^^^^^^^^^^^
  File "/home/qwamjoow/virtualenv/massenger.reservira.ir/3.11/lib64/python3.11/site-packages/sqlalchemy/orm/session.py", line 3873, in _get_impl
    return db_load_fn(
           ^^^^^^^^^^^
  File "/home/qwamjoow/virtualenv/massenger.reservira.ir/3.11/lib64/python3.11/site-packages/sqlalchemy/orm/loading.py", line 694, in load_on_pk_identity
    session.execute(
  File "/home/qwamjoow/virtualenv/massenger.reservira.ir/3.11/lib64/python3.11/site-packages/sqlalchemy/orm/session.py", line 2362, in execute
    return self._execute_internal(
           ^^^^^^^^^^^^^^^^^^^^^^^
  File "/home/qwamjoow/virtualenv/massenger.reservira.ir/3.11/lib64/python3.11/site-packages/sqlalchemy/orm/session.py", line 2226, in _execute_internal
    ) = compile_state_cls.orm_pre_session_exec(
        ^^^^^^^^^^^^^^^^^^^^^^^^^^^^^^^^^^^^^^^
  File "/home/qwamjoow/virtualenv/massenger.reservira.ir/3.11/lib64/python3.11/site-packages/sqlalchemy/orm/context.py", line 561, in orm_pre_session_exec
    session._autoflush()
  File "/home/qwamjoow/virtualenv/massenger.reservira.ir/3.11/lib64/python3.11/site-packages/sqlalchemy/orm/session.py", line 3061, in _autoflush
    raise e.with_traceback(sys.exc_info()[2])
  File "/home/qwamjoow/virtualenv/massenger.reservira.ir/3.11/lib64/python3.11/site-packages/sqlalchemy/orm/session.py", line 3050, in _autoflush
    self.flush()
  File "/home/qwamjoow/virtualenv/massenger.reservira.ir/3.11/lib64/python3.11/site-packages/sqlalchemy/orm/session.py", line 4352, in flush
    self._flush(objects)
  File "/home/qwamjoow/virtualenv/massenger.reservira.ir/3.11/lib64/python3.11/site-packages/sqlalchemy/orm/session.py", line 4487, in _flush
    with util.safe_reraise():
  File "/home/qwamjoow/virtualenv/massenger.reservira.ir/3.11/lib64/python3.11/site-packages/sqlalchemy/util/langhelpers.py", line 146, in __exit__
    raise exc_value.with_traceback(exc_tb)
  File "/home/qwamjoow/virtualenv/massenger.reservira.ir/3.11/lib64/python3.11/site-packages/sqlalchemy/orm/session.py", line 4448, in _flush
    flush_context.execute()
  File "/home/qwamjoow/virtualenv/massenger.reservira.ir/3.11/lib64/python3.11/site-packages/sqlalchemy/orm/unitofwork.py", line 466, in execute
    rec.execute(self)
  File "/home/qwamjoow/virtualenv/massenger.reservira.ir/3.11/lib64/python3.11/site-packages/sqlalchemy/orm/unitofwork.py", line 642, in execute
    util.preloaded.orm_persistence.save_obj(
  File "/home/qwamjoow/virtualenv/massenger.reservira.ir/3.11/lib64/python3.11/site-packages/sqlalchemy/orm/persistence.py", line 93, in save_obj
    _emit_insert_statements(
  File "/home/qwamjoow/virtualenv/massenger.reservira.ir/3.11/lib64/python3.11/site-packages/sqlalchemy/orm/persistence.py", line 1233, in _emit_insert_statements
    result = connection.execute(
             ^^^^^^^^^^^^^^^^^^^
  File "/home/qwamjoow/virtualenv/massenger.reservira.ir/3.11/lib64/python3.11/site-packages/sqlalchemy/engine/base.py", line 1418, in execute
    return meth(
           ^^^^^
  File "/home/qwamjoow/virtualenv/massenger.reservira.ir/3.11/lib64/python3.11/site-packages/sqlalchemy/sql/elements.py", line 515, in _execute_on_connection
    return connection._execute_clauseelement(
           ^^^^^^^^^^^^^^^^^^^^^^^^^^^^^^^^^^
  File "/home/qwamjoow/virtualenv/massenger.reservira.ir/3.11/lib64/python3.11/site-packages/sqlalchemy/engine/base.py", line 1640, in _execute_clauseelement
    ret = self._execute_context(
          ^^^^^^^^^^^^^^^^^^^^^^
  File "/home/qwamjoow/virtualenv/massenger.reservira.ir/3.11/lib64/python3.11/site-packages/sqlalchemy/engine/base.py", line 1846, in _execute_context
    return self._exec_single_context(
           ^^^^^^^^^^^^^^^^^^^^^^^^^^
  File "/home/qwamjoow/virtualenv/massenger.reservira.ir/3.11/lib64/python3.11/site-packages/sqlalchemy/engine/base.py", line 1986, in _exec_single_context
    self._handle_dbapi_exception(
  File "/home/qwamjoow/virtualenv/massenger.reservira.ir/3.11/lib64/python3.11/site-packages/sqlalchemy/engine/base.py", line 2355, in _handle_dbapi_exception
    raise sqlalchemy_exception.with_traceback(exc_info[2]) from e
  File "/home/qwamjoow/virtualenv/massenger.reservira.ir/3.11/lib64/python3.11/site-packages/sqlalchemy/engine/base.py", line 1967, in _exec_single_context
    self.dialect.do_execute(
  File "/home/qwamjoow/virtualenv/massenger.reservira.ir/3.11/lib64/python3.11/site-packages/sqlalchemy/engine/default.py", line 941, in do_execute
    cursor.execute(statement, parameters)
  File "/home/qwamjoow/virtualenv/massenger.reservira.ir/3.11/lib/python3.11/site-packages/pymysql/cursors.py", line 153, in execute
    result = self._query(query)
             ^^^^^^^^^^^^^^^^^^
  File "/home/qwamjoow/virtualenv/massenger.reservira.ir/3.11/lib/python3.11/site-packages/pymysql/cursors.py", line 322, in _query
    conn.query(q)
  File "/home/qwamjoow/virtualenv/massenger.reservira.ir/3.11/lib/python3.11/site-packages/pymysql/connections.py", line 563, in query
    self._affected_rows = self._read_query_result(unbuffered=unbuffered)
                          ^^^^^^^^^^^^^^^^^^^^^^^^^^^^^^^^^^^^^^^^^^^^^^
  File "/home/qwamjoow/virtualenv/massenger.reservira.ir/3.11/lib/python3.11/site-packages/pymysql/connections.py", line 825, in _read_query_result
    result.read()
  File "/home/qwamjoow/virtualenv/massenger.reservira.ir/3.11/lib/python3.11/site-packages/pymysql/connections.py", line 1199, in read
    first_packet = self.connection._read_packet()
                   ^^^^^^^^^^^^^^^^^^^^^^^^^^^^^^
  File "/home/qwamjoow/virtualenv/massenger.reservira.ir/3.11/lib/python3.11/site-packages/pymysql/connections.py", line 775, in _read_packet
    packet.raise_for_error()
  File "/home/qwamjoow/virtualenv/massenger.reservira.ir/3.11/lib/python3.11/site-packages/pymysql/protocol.py", line 219, in raise_for_error
    err.raise_mysql_exception(self._data)
  File "/home/qwamjoow/virtualenv/massenger.reservira.ir/3.11/lib/python3.11/site-packages/pymysql/err.py", line 150, in raise_mysql_exception
    raise errorclass(errno, errval)
sqlalchemy.exc.IntegrityError: (raised as a result of Query-invoked autoflush; consider using a session.no_autoflush block if this flush is occurring prematurely)
(pymysql.err.IntegrityError) (1062, "Duplicate entry 'eaf162dd-b011-4af6-9bff-d15119b7401c-98cf2828-7dcc-403b-8442-d3d' for key 'message_statuses.uq_message_status'")
[SQL: INSERT INTO message_statuses (id, message_id, user_id, status, delivered_at, read_at, created_at) VALUES (%(id)s, %(message_id)s, %(user_id)s, %(status)s, %(delivered_at)s, %(read_at)s, %(created_at)s)]
[parameters: {'id': 'f558d8f3-93c6-4d32-a79e-619ee1ed945e', 'message_id': 'eaf162dd-b011-4af6-9bff-d15119b7401c', 'user_id': '98cf2828-7dcc-403b-8442-d3de625bd636', 'status': 'delivered', 'delivered_at': datetime.datetime(2026, 9, 14, 9, 13, 24, 917727), 'read_at': None, 'created_at': datetime.datetime(2026, 9, 14, 9, 13, 24, 942973)}]
(Background on this error at: https://sqlalche.me/e/20/gkpj)
[2026-09-14 12:46:00,634] ERROR in app: Exception on /api/v1/messages/5a55ce54-bbe9-421d-adab-9528d0ae3ff1 [GET]
Traceback (most recent call last):
  File "/home/qwamjoow/virtualenv/massenger.reservira.ir/3.11/lib64/python3.11/site-packages/sqlalchemy/engine/base.py", line 1967, in _exec_single_context
    self.dialect.do_execute(
  File "/home/qwamjoow/virtualenv/massenger.reservira.ir/3.11/lib64/python3.11/site-packages/sqlalchemy/engine/default.py", line 941, in do_execute
    cursor.execute(statement, parameters)
  File "/home/qwamjoow/virtualenv/massenger.reservira.ir/3.11/lib/python3.11/site-packages/pymysql/cursors.py", line 153, in execute
    result = self._query(query)
             ^^^^^^^^^^^^^^^^^^
  File "/home/qwamjoow/virtualenv/massenger.reservira.ir/3.11/lib/python3.11/site-packages/pymysql/cursors.py", line 322, in _query
    conn.query(q)
  File "/home/qwamjoow/virtualenv/massenger.reservira.ir/3.11/lib/python3.11/site-packages/pymysql/connections.py", line 563, in query
    self._affected_rows = self._read_query_result(unbuffered=unbuffered)
                          ^^^^^^^^^^^^^^^^^^^^^^^^^^^^^^^^^^^^^^^^^^^^^^
  File "/home/qwamjoow/virtualenv/massenger.reservira.ir/3.11/lib/python3.11/site-packages/pymysql/connections.py", line 825, in _read_query_result
    result.read()
  File "/home/qwamjoow/virtualenv/massenger.reservira.ir/3.11/lib/python3.11/site-packages/pymysql/connections.py", line 1199, in read
    first_packet = self.connection._read_packet()
                   ^^^^^^^^^^^^^^^^^^^^^^^^^^^^^^
  File "/home/qwamjoow/virtualenv/massenger.reservira.ir/3.11/lib/python3.11/site-packages/pymysql/connections.py", line 775, in _read_packet
    packet.raise_for_error()
  File "/home/qwamjoow/virtualenv/massenger.reservira.ir/3.11/lib/python3.11/site-packages/pymysql/protocol.py", line 219, in raise_for_error
    err.raise_mysql_exception(self._data)
  File "/home/qwamjoow/virtualenv/massenger.reservira.ir/3.11/lib/python3.11/site-packages/pymysql/err.py", line 150, in raise_mysql_exception
    raise errorclass(errno, errval)
pymysql.err.IntegrityError: (1062, "Duplicate entry 'b81c581d-9ecf-4a6c-be59-7ae2e255f3d3-3c87f76e-4ba0-470b-8849-317' for key 'message_statuses.uq_message_status'")

The above exception was the direct cause of the following exception:

Traceback (most recent call last):
  File "/home/qwamjoow/virtualenv/massenger.reservira.ir/3.11/lib/python3.11/site-packages/flask/app.py", line 1473, in wsgi_app
    response = self.full_dispatch_request()
               ^^^^^^^^^^^^^^^^^^^^^^^^^^^^
  File "/home/qwamjoow/virtualenv/massenger.reservira.ir/3.11/lib/python3.11/site-packages/flask/app.py", line 882, in full_dispatch_request
    rv = self.handle_user_exception(e)
         ^^^^^^^^^^^^^^^^^^^^^^^^^^^^^
  File "/home/qwamjoow/virtualenv/massenger.reservira.ir/3.11/lib/python3.11/site-packages/flask_cors/extension.py", line 178, in wrapped_function
    return cors_after_request(app.make_response(f(*args, **kwargs)))
                                                ^^^^^^^^^^^^^^^^^^
  File "/home/qwamjoow/virtualenv/massenger.reservira.ir/3.11/lib/python3.11/site-packages/flask/app.py", line 880, in full_dispatch_request
    rv = self.dispatch_request()
         ^^^^^^^^^^^^^^^^^^^^^^^
  File "/home/qwamjoow/virtualenv/massenger.reservira.ir/3.11/lib/python3.11/site-packages/flask/app.py", line 865, in dispatch_request
    return self.ensure_sync(self.view_functions[rule.endpoint])(**view_args)  # type: ignore[no-any-return]
           ^^^^^^^^^^^^^^^^^^^^^^^^^^^^^^^^^^^^^^^^^^^^^^^^^^^^^^^^^^^^^^^^^
  File "/home/qwamjoow/virtualenv/massenger.reservira.ir/3.11/lib/python3.11/site-packages/flask_jwt_extended/view_decorators.py", line 170, in decorator
    return current_app.ensure_sync(fn)(*args, **kwargs)
           ^^^^^^^^^^^^^^^^^^^^^^^^^^^^^^^^^^^^^^^^^^^^
  File "/home/qwamjoow/massenger.reservira.ir/app/api/messages.py", line 81, in get_messages
    dispatch_scheduled_messages(chat_id)
  File "/home/qwamjoow/massenger.reservira.ir/app/api/messages.py", line 53, in dispatch_scheduled_messages
    chat = db.session.get(Chat, msg.chat_id)
           ^^^^^^^^^^^^^^^^^^^^^^^^^^^^^^^^^
  File "/home/qwamjoow/virtualenv/massenger.reservira.ir/3.11/lib64/python3.11/site-packages/sqlalchemy/orm/scoping.py", line 1060, in get
    return self._proxied.get(
           ^^^^^^^^^^^^^^^^^^
  File "/home/qwamjoow/virtualenv/massenger.reservira.ir/3.11/lib64/python3.11/site-packages/sqlalchemy/orm/session.py", line 3693, in get
    return self._get_impl(
           ^^^^^^^^^^^^^^^
  File "/home/qwamjoow/virtualenv/massenger.reservira.ir/3.11/lib64/python3.11/site-packages/sqlalchemy/orm/session.py", line 3873, in _get_impl
    return db_load_fn(
           ^^^^^^^^^^^
  File "/home/qwamjoow/virtualenv/massenger.reservira.ir/3.11/lib64/python3.11/site-packages/sqlalchemy/orm/loading.py", line 694, in load_on_pk_identity
    session.execute(
  File "/home/qwamjoow/virtualenv/massenger.reservira.ir/3.11/lib64/python3.11/site-packages/sqlalchemy/orm/session.py", line 2362, in execute
    return self._execute_internal(
           ^^^^^^^^^^^^^^^^^^^^^^^
  File "/home/qwamjoow/virtualenv/massenger.reservira.ir/3.11/lib64/python3.11/site-packages/sqlalchemy/orm/session.py", line 2226, in _execute_internal
    ) = compile_state_cls.orm_pre_session_exec(
        ^^^^^^^^^^^^^^^^^^^^^^^^^^^^^^^^^^^^^^^
  File "/home/qwamjoow/virtualenv/massenger.reservira.ir/3.11/lib64/python3.11/site-packages/sqlalchemy/orm/context.py", line 561, in orm_pre_session_exec
    session._autoflush()
  File "/home/qwamjoow/virtualenv/massenger.reservira.ir/3.11/lib64/python3.11/site-packages/sqlalchemy/orm/session.py", line 3061, in _autoflush
    raise e.with_traceback(sys.exc_info()[2])
  File "/home/qwamjoow/virtualenv/massenger.reservira.ir/3.11/lib64/python3.11/site-packages/sqlalchemy/orm/session.py", line 3050, in _autoflush
    self.flush()
  File "/home/qwamjoow/virtualenv/massenger.reservira.ir/3.11/lib64/python3.11/site-packages/sqlalchemy/orm/session.py", line 4352, in flush
    self._flush(objects)
  File "/home/qwamjoow/virtualenv/massenger.reservira.ir/3.11/lib64/python3.11/site-packages/sqlalchemy/orm/session.py", line 4487, in _flush
    with util.safe_reraise():
  File "/home/qwamjoow/virtualenv/massenger.reservira.ir/3.11/lib64/python3.11/site-packages/sqlalchemy/util/langhelpers.py", line 146, in __exit__
    raise exc_value.with_traceback(exc_tb)
  File "/home/qwamjoow/virtualenv/massenger.reservira.ir/3.11/lib64/python3.11/site-packages/sqlalchemy/orm/session.py", line 4448, in _flush
    flush_context.execute()
  File "/home/qwamjoow/virtualenv/massenger.reservira.ir/3.11/lib64/python3.11/site-packages/sqlalchemy/orm/unitofwork.py", line 466, in execute
    rec.execute(self)
  File "/home/qwamjoow/virtualenv/massenger.reservira.ir/3.11/lib64/python3.11/site-packages/sqlalchemy/orm/unitofwork.py", line 642, in execute
    util.preloaded.orm_persistence.save_obj(
  File "/home/qwamjoow/virtualenv/massenger.reservira.ir/3.11/lib64/python3.11/site-packages/sqlalchemy/orm/persistence.py", line 93, in save_obj
    _emit_insert_statements(
  File "/home/qwamjoow/virtualenv/massenger.reservira.ir/3.11/lib64/python3.11/site-packages/sqlalchemy/orm/persistence.py", line 1233, in _emit_insert_statements
    result = connection.execute(
             ^^^^^^^^^^^^^^^^^^^
  File "/home/qwamjoow/virtualenv/massenger.reservira.ir/3.11/lib64/python3.11/site-packages/sqlalchemy/engine/base.py", line 1418, in execute
    return meth(
           ^^^^^
  File "/home/qwamjoow/virtualenv/massenger.reservira.ir/3.11/lib64/python3.11/site-packages/sqlalchemy/sql/elements.py", line 515, in _execute_on_connection
    return connection._execute_clauseelement(
           ^^^^^^^^^^^^^^^^^^^^^^^^^^^^^^^^^^
  File "/home/qwamjoow/virtualenv/massenger.reservira.ir/3.11/lib64/python3.11/site-packages/sqlalchemy/engine/base.py", line 1640, in _execute_clauseelement
    ret = self._execute_context(
          ^^^^^^^^^^^^^^^^^^^^^^
  File "/home/qwamjoow/virtualenv/massenger.reservira.ir/3.11/lib64/python3.11/site-packages/sqlalchemy/engine/base.py", line 1846, in _execute_context
    return self._exec_single_context(
           ^^^^^^^^^^^^^^^^^^^^^^^^^^
  File "/home/qwamjoow/virtualenv/massenger.reservira.ir/3.11/lib64/python3.11/site-packages/sqlalchemy/engine/base.py", line 1986, in _exec_single_context
    self._handle_dbapi_exception(
  File "/home/qwamjoow/virtualenv/massenger.reservira.ir/3.11/lib64/python3.11/site-packages/sqlalchemy/engine/base.py", line 2355, in _handle_dbapi_exception
    raise sqlalchemy_exception.with_traceback(exc_info[2]) from e
  File "/home/qwamjoow/virtualenv/massenger.reservira.ir/3.11/lib64/python3.11/site-packages/sqlalchemy/engine/base.py", line 1967, in _exec_single_context
    self.dialect.do_execute(
  File "/home/qwamjoow/virtualenv/massenger.reservira.ir/3.11/lib64/python3.11/site-packages/sqlalchemy/engine/default.py", line 941, in do_execute
    cursor.execute(statement, parameters)
  File "/home/qwamjoow/virtualenv/massenger.reservira.ir/3.11/lib/python3.11/site-packages/pymysql/cursors.py", line 153, in execute
    result = self._query(query)
             ^^^^^^^^^^^^^^^^^^
  File "/home/qwamjoow/virtualenv/massenger.reservira.ir/3.11/lib/python3.11/site-packages/pymysql/cursors.py", line 322, in _query
    conn.query(q)
  File "/home/qwamjoow/virtualenv/massenger.reservira.ir/3.11/lib/python3.11/site-packages/pymysql/connections.py", line 563, in query
    self._affected_rows = self._read_query_result(unbuffered=unbuffered)
                          ^^^^^^^^^^^^^^^^^^^^^^^^^^^^^^^^^^^^^^^^^^^^^^
  File "/home/qwamjoow/virtualenv/massenger.reservira.ir/3.11/lib/python3.11/site-packages/pymysql/connections.py", line 825, in _read_query_result
    result.read()
  File "/home/qwamjoow/virtualenv/massenger.reservira.ir/3.11/lib/python3.11/site-packages/pymysql/connections.py", line 1199, in read
    first_packet = self.connection._read_packet()
                   ^^^^^^^^^^^^^^^^^^^^^^^^^^^^^^
  File "/home/qwamjoow/virtualenv/massenger.reservira.ir/3.11/lib/python3.11/site-packages/pymysql/connections.py", line 775, in _read_packet
    packet.raise_for_error()
  File "/home/qwamjoow/virtualenv/massenger.reservira.ir/3.11/lib/python3.11/site-packages/pymysql/protocol.py", line 219, in raise_for_error
    err.raise_mysql_exception(self._data)
  File "/home/qwamjoow/virtualenv/massenger.reservira.ir/3.11/lib/python3.11/site-packages/pymysql/err.py", line 150, in raise_mysql_exception
    raise errorclass(errno, errval)
sqlalchemy.exc.IntegrityError: (raised as a result of Query-invoked autoflush; consider using a session.no_autoflush block if this flush is occurring prematurely)
(pymysql.err.IntegrityError) (1062, "Duplicate entry 'b81c581d-9ecf-4a6c-be59-7ae2e255f3d3-3c87f76e-4ba0-470b-8849-317' for key 'message_statuses.uq_message_status'")
[SQL: INSERT INTO message_statuses (id, message_id, user_id, status, delivered_at, read_at, created_at) VALUES (%(id)s, %(message_id)s, %(user_id)s, %(status)s, %(delivered_at)s, %(read_at)s, %(created_at)s)]
[parameters: {'id': '4fac0f8d-bbb2-4617-b7c3-814072776f79', 'message_id': 'b81c581d-9ecf-4a6c-be59-7ae2e255f3d3', 'user_id': '3c87f76e-4ba0-470b-8849-31739d6280ab', 'status': 'delivered', 'delivered_at': datetime.datetime(2026, 9, 14, 9, 16, 0, 590739), 'read_at': None, 'created_at': datetime.datetime(2026, 9, 14, 9, 16, 0, 613986)}]
(Background on this error at: https://sqlalche.me/e/20/gkpj)
[2026-09-14 12:46:00,889] ERROR in app: Exception on /api/v1/messages/5a55ce54-bbe9-421d-adab-9528d0ae3ff1 [GET]
Traceback (most recent call last):
  File "/home/qwamjoow/virtualenv/massenger.reservira.ir/3.11/lib64/python3.11/site-packages/sqlalchemy/engine/base.py", line 1967, in _exec_single_context
    self.dialect.do_execute(
  File "/home/qwamjoow/virtualenv/massenger.reservira.ir/3.11/lib64/python3.11/site-packages/sqlalchemy/engine/default.py", line 941, in do_execute
    cursor.execute(statement, parameters)
  File "/home/qwamjoow/virtualenv/massenger.reservira.ir/3.11/lib/python3.11/site-packages/pymysql/cursors.py", line 153, in execute
    result = self._query(query)
             ^^^^^^^^^^^^^^^^^^
  File "/home/qwamjoow/virtualenv/massenger.reservira.ir/3.11/lib/python3.11/site-packages/pymysql/cursors.py", line 322, in _query
    conn.query(q)
  File "/home/qwamjoow/virtualenv/massenger.reservira.ir/3.11/lib/python3.11/site-packages/pymysql/connections.py", line 563, in query
    self._affected_rows = self._read_query_result(unbuffered=unbuffered)
                          ^^^^^^^^^^^^^^^^^^^^^^^^^^^^^^^^^^^^^^^^^^^^^^
  File "/home/qwamjoow/virtualenv/massenger.reservira.ir/3.11/lib/python3.11/site-packages/pymysql/connections.py", line 825, in _read_query_result
    result.read()
  File "/home/qwamjoow/virtualenv/massenger.reservira.ir/3.11/lib/python3.11/site-packages/pymysql/connections.py", line 1199, in read
    first_packet = self.connection._read_packet()
                   ^^^^^^^^^^^^^^^^^^^^^^^^^^^^^^
  File "/home/qwamjoow/virtualenv/massenger.reservira.ir/3.11/lib/python3.11/site-packages/pymysql/connections.py", line 775, in _read_packet
    packet.raise_for_error()
  File "/home/qwamjoow/virtualenv/massenger.reservira.ir/3.11/lib/python3.11/site-packages/pymysql/protocol.py", line 219, in raise_for_error
    err.raise_mysql_exception(self._data)
  File "/home/qwamjoow/virtualenv/massenger.reservira.ir/3.11/lib/python3.11/site-packages/pymysql/err.py", line 150, in raise_mysql_exception
    raise errorclass(errno, errval)
pymysql.err.IntegrityError: (1062, "Duplicate entry 'b81c581d-9ecf-4a6c-be59-7ae2e255f3d3-3c87f76e-4ba0-470b-8849-317' for key 'message_statuses.uq_message_status'")

The above exception was the direct cause of the following exception:

Traceback (most recent call last):
  File "/home/qwamjoow/virtualenv/massenger.reservira.ir/3.11/lib/python3.11/site-packages/flask/app.py", line 1473, in wsgi_app
    response = self.full_dispatch_request()
               ^^^^^^^^^^^^^^^^^^^^^^^^^^^^
  File "/home/qwamjoow/virtualenv/massenger.reservira.ir/3.11/lib/python3.11/site-packages/flask/app.py", line 882, in full_dispatch_request
    rv = self.handle_user_exception(e)
         ^^^^^^^^^^^^^^^^^^^^^^^^^^^^^
  File "/home/qwamjoow/virtualenv/massenger.reservira.ir/3.11/lib/python3.11/site-packages/flask_cors/extension.py", line 178, in wrapped_function
    return cors_after_request(app.make_response(f(*args, **kwargs)))
                                                ^^^^^^^^^^^^^^^^^^
  File "/home/qwamjoow/virtualenv/massenger.reservira.ir/3.11/lib/python3.11/site-packages/flask/app.py", line 880, in full_dispatch_request
    rv = self.dispatch_request()
         ^^^^^^^^^^^^^^^^^^^^^^^
  File "/home/qwamjoow/virtualenv/massenger.reservira.ir/3.11/lib/python3.11/site-packages/flask/app.py", line 865, in dispatch_request
    return self.ensure_sync(self.view_functions[rule.endpoint])(**view_args)  # type: ignore[no-any-return]
           ^^^^^^^^^^^^^^^^^^^^^^^^^^^^^^^^^^^^^^^^^^^^^^^^^^^^^^^^^^^^^^^^^
  File "/home/qwamjoow/virtualenv/massenger.reservira.ir/3.11/lib/python3.11/site-packages/flask_jwt_extended/view_decorators.py", line 170, in decorator
    return current_app.ensure_sync(fn)(*args, **kwargs)
           ^^^^^^^^^^^^^^^^^^^^^^^^^^^^^^^^^^^^^^^^^^^^
  File "/home/qwamjoow/massenger.reservira.ir/app/api/messages.py", line 81, in get_messages
    dispatch_scheduled_messages(chat_id)
  File "/home/qwamjoow/massenger.reservira.ir/app/api/messages.py", line 53, in dispatch_scheduled_messages
    chat = db.session.get(Chat, msg.chat_id)
           ^^^^^^^^^^^^^^^^^^^^^^^^^^^^^^^^^
  File "/home/qwamjoow/virtualenv/massenger.reservira.ir/3.11/lib64/python3.11/site-packages/sqlalchemy/orm/scoping.py", line 1060, in get
    return self._proxied.get(
           ^^^^^^^^^^^^^^^^^^
  File "/home/qwamjoow/virtualenv/massenger.reservira.ir/3.11/lib64/python3.11/site-packages/sqlalchemy/orm/session.py", line 3693, in get
    return self._get_impl(
           ^^^^^^^^^^^^^^^
  File "/home/qwamjoow/virtualenv/massenger.reservira.ir/3.11/lib64/python3.11/site-packages/sqlalchemy/orm/session.py", line 3873, in _get_impl
    return db_load_fn(
           ^^^^^^^^^^^
  File "/home/qwamjoow/virtualenv/massenger.reservira.ir/3.11/lib64/python3.11/site-packages/sqlalchemy/orm/loading.py", line 694, in load_on_pk_identity
    session.execute(
  File "/home/qwamjoow/virtualenv/massenger.reservira.ir/3.11/lib64/python3.11/site-packages/sqlalchemy/orm/session.py", line 2362, in execute
    return self._execute_internal(
           ^^^^^^^^^^^^^^^^^^^^^^^
  File "/home/qwamjoow/virtualenv/massenger.reservira.ir/3.11/lib64/python3.11/site-packages/sqlalchemy/orm/session.py", line 2226, in _execute_internal
    ) = compile_state_cls.orm_pre_session_exec(
        ^^^^^^^^^^^^^^^^^^^^^^^^^^^^^^^^^^^^^^^
  File "/home/qwamjoow/virtualenv/massenger.reservira.ir/3.11/lib64/python3.11/site-packages/sqlalchemy/orm/context.py", line 561, in orm_pre_session_exec
    session._autoflush()
  File "/home/qwamjoow/virtualenv/massenger.reservira.ir/3.11/lib64/python3.11/site-packages/sqlalchemy/orm/session.py", line 3061, in _autoflush
    raise e.with_traceback(sys.exc_info()[2])
  File "/home/qwamjoow/virtualenv/massenger.reservira.ir/3.11/lib64/python3.11/site-packages/sqlalchemy/orm/session.py", line 3050, in _autoflush
    self.flush()
  File "/home/qwamjoow/virtualenv/massenger.reservira.ir/3.11/lib64/python3.11/site-packages/sqlalchemy/orm/session.py", line 4352, in flush
    self._flush(objects)
  File "/home/qwamjoow/virtualenv/massenger.reservira.ir/3.11/lib64/python3.11/site-packages/sqlalchemy/orm/session.py", line 4487, in _flush
    with util.safe_reraise():
  File "/home/qwamjoow/virtualenv/massenger.reservira.ir/3.11/lib64/python3.11/site-packages/sqlalchemy/util/langhelpers.py", line 146, in __exit__
    raise exc_value.with_traceback(exc_tb)
  File "/home/qwamjoow/virtualenv/massenger.reservira.ir/3.11/lib64/python3.11/site-packages/sqlalchemy/orm/session.py", line 4448, in _flush
    flush_context.execute()
  File "/home/qwamjoow/virtualenv/massenger.reservira.ir/3.11/lib64/python3.11/site-packages/sqlalchemy/orm/unitofwork.py", line 466, in execute
    rec.execute(self)
  File "/home/qwamjoow/virtualenv/massenger.reservira.ir/3.11/lib64/python3.11/site-packages/sqlalchemy/orm/unitofwork.py", line 642, in execute
    util.preloaded.orm_persistence.save_obj(
  File "/home/qwamjoow/virtualenv/massenger.reservira.ir/3.11/lib64/python3.11/site-packages/sqlalchemy/orm/persistence.py", line 93, in save_obj
    _emit_insert_statements(
  File "/home/qwamjoow/virtualenv/massenger.reservira.ir/3.11/lib64/python3.11/site-packages/sqlalchemy/orm/persistence.py", line 1233, in _emit_insert_statements
    result = connection.execute(
             ^^^^^^^^^^^^^^^^^^^
  File "/home/qwamjoow/virtualenv/massenger.reservira.ir/3.11/lib64/python3.11/site-packages/sqlalchemy/engine/base.py", line 1418, in execute
    return meth(
           ^^^^^
  File "/home/qwamjoow/virtualenv/massenger.reservira.ir/3.11/lib64/python3.11/site-packages/sqlalchemy/sql/elements.py", line 515, in _execute_on_connection
    return connection._execute_clauseelement(
           ^^^^^^^^^^^^^^^^^^^^^^^^^^^^^^^^^^
  File "/home/qwamjoow/virtualenv/massenger.reservira.ir/3.11/lib64/python3.11/site-packages/sqlalchemy/engine/base.py", line 1640, in _execute_clauseelement
    ret = self._execute_context(
          ^^^^^^^^^^^^^^^^^^^^^^
  File "/home/qwamjoow/virtualenv/massenger.reservira.ir/3.11/lib64/python3.11/site-packages/sqlalchemy/engine/base.py", line 1846, in _execute_context
    return self._exec_single_context(
           ^^^^^^^^^^^^^^^^^^^^^^^^^^
  File "/home/qwamjoow/virtualenv/massenger.reservira.ir/3.11/lib64/python3.11/site-packages/sqlalchemy/engine/base.py", line 1986, in _exec_single_context
    self._handle_dbapi_exception(
  File "/home/qwamjoow/virtualenv/massenger.reservira.ir/3.11/lib64/python3.11/site-packages/sqlalchemy/engine/base.py", line 2355, in _handle_dbapi_exception
    raise sqlalchemy_exception.with_traceback(exc_info[2]) from e
  File "/home/qwamjoow/virtualenv/massenger.reservira.ir/3.11/lib64/python3.11/site-packages/sqlalchemy/engine/base.py", line 1967, in _exec_single_context
    self.dialect.do_execute(
  File "/home/qwamjoow/virtualenv/massenger.reservira.ir/3.11/lib64/python3.11/site-packages/sqlalchemy/engine/default.py", line 941, in do_execute
    cursor.execute(statement, parameters)
  File "/home/qwamjoow/virtualenv/massenger.reservira.ir/3.11/lib/python3.11/site-packages/pymysql/cursors.py", line 153, in execute
    result = self._query(query)
             ^^^^^^^^^^^^^^^^^^
  File "/home/qwamjoow/virtualenv/massenger.reservira.ir/3.11/lib/python3.11/site-packages/pymysql/cursors.py", line 322, in _query
    conn.query(q)
  File "/home/qwamjoow/virtualenv/massenger.reservira.ir/3.11/lib/python3.11/site-packages/pymysql/connections.py", line 563, in query
    self._affected_rows = self._read_query_result(unbuffered=unbuffered)
                          ^^^^^^^^^^^^^^^^^^^^^^^^^^^^^^^^^^^^^^^^^^^^^^
  File "/home/qwamjoow/virtualenv/massenger.reservira.ir/3.11/lib/python3.11/site-packages/pymysql/connections.py", line 825, in _read_query_result
    result.read()
  File "/home/qwamjoow/virtualenv/massenger.reservira.ir/3.11/lib/python3.11/site-packages/pymysql/connections.py", line 1199, in read
    first_packet = self.connection._read_packet()
                   ^^^^^^^^^^^^^^^^^^^^^^^^^^^^^^
  File "/home/qwamjoow/virtualenv/massenger.reservira.ir/3.11/lib/python3.11/site-packages/pymysql/connections.py", line 775, in _read_packet
    packet.raise_for_error()
  File "/home/qwamjoow/virtualenv/massenger.reservira.ir/3.11/lib/python3.11/site-packages/pymysql/protocol.py", line 219, in raise_for_error
    err.raise_mysql_exception(self._data)
  File "/home/qwamjoow/virtualenv/massenger.reservira.ir/3.11/lib/python3.11/site-packages/pymysql/err.py", line 150, in raise_mysql_exception
    raise errorclass(errno, errval)
sqlalchemy.exc.IntegrityError: (raised as a result of Query-invoked autoflush; consider using a session.no_autoflush block if this flush is occurring prematurely)
(pymysql.err.IntegrityError) (1062, "Duplicate entry 'b81c581d-9ecf-4a6c-be59-7ae2e255f3d3-3c87f76e-4ba0-470b-8849-317' for key 'message_statuses.uq_message_status'")
[SQL: INSERT INTO message_statuses (id, message_id, user_id, status, delivered_at, read_at, created_at) VALUES (%(id)s, %(message_id)s, %(user_id)s, %(status)s, %(delivered_at)s, %(read_at)s, %(created_at)s)]
[parameters: {'id': '67e85434-c3e7-4633-b72b-56ba3f484e2a', 'message_id': 'b81c581d-9ecf-4a6c-be59-7ae2e255f3d3', 'user_id': '3c87f76e-4ba0-470b-8849-31739d6280ab', 'status': 'delivered', 'delivered_at': datetime.datetime(2026, 9, 14, 9, 16, 0, 862581), 'read_at': None, 'created_at': datetime.datetime(2026, 9, 14, 9, 16, 0, 875827)}]
(Background on this error at: https://sqlalche.me/e/20/gkpj)
[2026-09-14 12:46:01,508] ERROR in app: Exception on /api/v1/messages/5a55ce54-bbe9-421d-adab-9528d0ae3ff1 [GET]
Traceback (most recent call last):
  File "/home/qwamjoow/virtualenv/massenger.reservira.ir/3.11/lib64/python3.11/site-packages/sqlalchemy/engine/base.py", line 1967, in _exec_single_context
    self.dialect.do_execute(
  File "/home/qwamjoow/virtualenv/massenger.reservira.ir/3.11/lib64/python3.11/site-packages/sqlalchemy/engine/default.py", line 941, in do_execute
    cursor.execute(statement, parameters)
  File "/home/qwamjoow/virtualenv/massenger.reservira.ir/3.11/lib/python3.11/site-packages/pymysql/cursors.py", line 153, in execute
    result = self._query(query)
             ^^^^^^^^^^^^^^^^^^
  File "/home/qwamjoow/virtualenv/massenger.reservira.ir/3.11/lib/python3.11/site-packages/pymysql/cursors.py", line 322, in _query
    conn.query(q)
  File "/home/qwamjoow/virtualenv/massenger.reservira.ir/3.11/lib/python3.11/site-packages/pymysql/connections.py", line 563, in query
    self._affected_rows = self._read_query_result(unbuffered=unbuffered)
                          ^^^^^^^^^^^^^^^^^^^^^^^^^^^^^^^^^^^^^^^^^^^^^^
  File "/home/qwamjoow/virtualenv/massenger.reservira.ir/3.11/lib/python3.11/site-packages/pymysql/connections.py", line 825, in _read_query_result
    result.read()
  File "/home/qwamjoow/virtualenv/massenger.reservira.ir/3.11/lib/python3.11/site-packages/pymysql/connections.py", line 1199, in read
    first_packet = self.connection._read_packet()
                   ^^^^^^^^^^^^^^^^^^^^^^^^^^^^^^
  File "/home/qwamjoow/virtualenv/massenger.reservira.ir/3.11/lib/python3.11/site-packages/pymysql/connections.py", line 775, in _read_packet
    packet.raise_for_error()
  File "/home/qwamjoow/virtualenv/massenger.reservira.ir/3.11/lib/python3.11/site-packages/pymysql/protocol.py", line 219, in raise_for_error
    err.raise_mysql_exception(self._data)
  File "/home/qwamjoow/virtualenv/massenger.reservira.ir/3.11/lib/python3.11/site-packages/pymysql/err.py", line 150, in raise_mysql_exception
    raise errorclass(errno, errval)
pymysql.err.IntegrityError: (1062, "Duplicate entry 'b81c581d-9ecf-4a6c-be59-7ae2e255f3d3-3c87f76e-4ba0-470b-8849-317' for key 'message_statuses.uq_message_status'")

The above exception was the direct cause of the following exception:

Traceback (most recent call last):
  File "/home/qwamjoow/virtualenv/massenger.reservira.ir/3.11/lib/python3.11/site-packages/flask/app.py", line 1473, in wsgi_app
    response = self.full_dispatch_request()
               ^^^^^^^^^^^^^^^^^^^^^^^^^^^^
  File "/home/qwamjoow/virtualenv/massenger.reservira.ir/3.11/lib/python3.11/site-packages/flask/app.py", line 882, in full_dispatch_request
    rv = self.handle_user_exception(e)
         ^^^^^^^^^^^^^^^^^^^^^^^^^^^^^
  File "/home/qwamjoow/virtualenv/massenger.reservira.ir/3.11/lib/python3.11/site-packages/flask_cors/extension.py", line 178, in wrapped_function
    return cors_after_request(app.make_response(f(*args, **kwargs)))
                                                ^^^^^^^^^^^^^^^^^^
  File "/home/qwamjoow/virtualenv/massenger.reservira.ir/3.11/lib/python3.11/site-packages/flask/app.py", line 880, in full_dispatch_request
    rv = self.dispatch_request()
         ^^^^^^^^^^^^^^^^^^^^^^^
  File "/home/qwamjoow/virtualenv/massenger.reservira.ir/3.11/lib/python3.11/site-packages/flask/app.py", line 865, in dispatch_request
    return self.ensure_sync(self.view_functions[rule.endpoint])(**view_args)  # type: ignore[no-any-return]
           ^^^^^^^^^^^^^^^^^^^^^^^^^^^^^^^^^^^^^^^^^^^^^^^^^^^^^^^^^^^^^^^^^
  File "/home/qwamjoow/virtualenv/massenger.reservira.ir/3.11/lib/python3.11/site-packages/flask_jwt_extended/view_decorators.py", line 170, in decorator
    return current_app.ensure_sync(fn)(*args, **kwargs)
           ^^^^^^^^^^^^^^^^^^^^^^^^^^^^^^^^^^^^^^^^^^^^
  File "/home/qwamjoow/massenger.reservira.ir/app/api/messages.py", line 81, in get_messages
    dispatch_scheduled_messages(chat_id)
  File "/home/qwamjoow/massenger.reservira.ir/app/api/messages.py", line 53, in dispatch_scheduled_messages
    chat = db.session.get(Chat, msg.chat_id)
           ^^^^^^^^^^^^^^^^^^^^^^^^^^^^^^^^^
  File "/home/qwamjoow/virtualenv/massenger.reservira.ir/3.11/lib64/python3.11/site-packages/sqlalchemy/orm/scoping.py", line 1060, in get
    return self._proxied.get(
           ^^^^^^^^^^^^^^^^^^
  File "/home/qwamjoow/virtualenv/massenger.reservira.ir/3.11/lib64/python3.11/site-packages/sqlalchemy/orm/session.py", line 3693, in get
    return self._get_impl(
           ^^^^^^^^^^^^^^^
  File "/home/qwamjoow/virtualenv/massenger.reservira.ir/3.11/lib64/python3.11/site-packages/sqlalchemy/orm/session.py", line 3873, in _get_impl
    return db_load_fn(
           ^^^^^^^^^^^
  File "/home/qwamjoow/virtualenv/massenger.reservira.ir/3.11/lib64/python3.11/site-packages/sqlalchemy/orm/loading.py", line 694, in load_on_pk_identity
    session.execute(
  File "/home/qwamjoow/virtualenv/massenger.reservira.ir/3.11/lib64/python3.11/site-packages/sqlalchemy/orm/session.py", line 2362, in execute
    return self._execute_internal(
           ^^^^^^^^^^^^^^^^^^^^^^^
  File "/home/qwamjoow/virtualenv/massenger.reservira.ir/3.11/lib64/python3.11/site-packages/sqlalchemy/orm/session.py", line 2226, in _execute_internal
    ) = compile_state_cls.orm_pre_session_exec(
        ^^^^^^^^^^^^^^^^^^^^^^^^^^^^^^^^^^^^^^^
  File "/home/qwamjoow/virtualenv/massenger.reservira.ir/3.11/lib64/python3.11/site-packages/sqlalchemy/orm/context.py", line 561, in orm_pre_session_exec
    session._autoflush()
  File "/home/qwamjoow/virtualenv/massenger.reservira.ir/3.11/lib64/python3.11/site-packages/sqlalchemy/orm/session.py", line 3061, in _autoflush
    raise e.with_traceback(sys.exc_info()[2])
  File "/home/qwamjoow/virtualenv/massenger.reservira.ir/3.11/lib64/python3.11/site-packages/sqlalchemy/orm/session.py", line 3050, in _autoflush
    self.flush()
  File "/home/qwamjoow/virtualenv/massenger.reservira.ir/3.11/lib64/python3.11/site-packages/sqlalchemy/orm/session.py", line 4352, in flush
    self._flush(objects)
  File "/home/qwamjoow/virtualenv/massenger.reservira.ir/3.11/lib64/python3.11/site-packages/sqlalchemy/orm/session.py", line 4487, in _flush
    with util.safe_reraise():
  File "/home/qwamjoow/virtualenv/massenger.reservira.ir/3.11/lib64/python3.11/site-packages/sqlalchemy/util/langhelpers.py", line 146, in __exit__
    raise exc_value.with_traceback(exc_tb)
  File "/home/qwamjoow/virtualenv/massenger.reservira.ir/3.11/lib64/python3.11/site-packages/sqlalchemy/orm/session.py", line 4448, in _flush
    flush_context.execute()
  File "/home/qwamjoow/virtualenv/massenger.reservira.ir/3.11/lib64/python3.11/site-packages/sqlalchemy/orm/unitofwork.py", line 466, in execute
    rec.execute(self)
  File "/home/qwamjoow/virtualenv/massenger.reservira.ir/3.11/lib64/python3.11/site-packages/sqlalchemy/orm/unitofwork.py", line 642, in execute
    util.preloaded.orm_persistence.save_obj(
  File "/home/qwamjoow/virtualenv/massenger.reservira.ir/3.11/lib64/python3.11/site-packages/sqlalchemy/orm/persistence.py", line 93, in save_obj
    _emit_insert_statements(
  File "/home/qwamjoow/virtualenv/massenger.reservira.ir/3.11/lib64/python3.11/site-packages/sqlalchemy/orm/persistence.py", line 1233, in _emit_insert_statements
    result = connection.execute(
             ^^^^^^^^^^^^^^^^^^^
  File "/home/qwamjoow/virtualenv/massenger.reservira.ir/3.11/lib64/python3.11/site-packages/sqlalchemy/engine/base.py", line 1418, in execute
    return meth(
           ^^^^^
  File "/home/qwamjoow/virtualenv/massenger.reservira.ir/3.11/lib64/python3.11/site-packages/sqlalchemy/sql/elements.py", line 515, in _execute_on_connection
    return connection._execute_clauseelement(
           ^^^^^^^^^^^^^^^^^^^^^^^^^^^^^^^^^^
  File "/home/qwamjoow/virtualenv/massenger.reservira.ir/3.11/lib64/python3.11/site-packages/sqlalchemy/engine/base.py", line 1640, in _execute_clauseelement
    ret = self._execute_context(
          ^^^^^^^^^^^^^^^^^^^^^^
  File "/home/qwamjoow/virtualenv/massenger.reservira.ir/3.11/lib64/python3.11/site-packages/sqlalchemy/engine/base.py", line 1846, in _execute_context
    return self._exec_single_context(
           ^^^^^^^^^^^^^^^^^^^^^^^^^^
  File "/home/qwamjoow/virtualenv/massenger.reservira.ir/3.11/lib64/python3.11/site-packages/sqlalchemy/engine/base.py", line 1986, in _exec_single_context
    self._handle_dbapi_exception(
  File "/home/qwamjoow/virtualenv/massenger.reservira.ir/3.11/lib64/python3.11/site-packages/sqlalchemy/engine/base.py", line 2355, in _handle_dbapi_exception
    raise sqlalchemy_exception.with_traceback(exc_info[2]) from e
  File "/home/qwamjoow/virtualenv/massenger.reservira.ir/3.11/lib64/python3.11/site-packages/sqlalchemy/engine/base.py", line 1967, in _exec_single_context
    self.dialect.do_execute(
  File "/home/qwamjoow/virtualenv/massenger.reservira.ir/3.11/lib64/python3.11/site-packages/sqlalchemy/engine/default.py", line 941, in do_execute
    cursor.execute(statement, parameters)
  File "/home/qwamjoow/virtualenv/massenger.reservira.ir/3.11/lib/python3.11/site-packages/pymysql/cursors.py", line 153, in execute
    result = self._query(query)
             ^^^^^^^^^^^^^^^^^^
  File "/home/qwamjoow/virtualenv/massenger.reservira.ir/3.11/lib/python3.11/site-packages/pymysql/cursors.py", line 322, in _query
    conn.query(q)
  File "/home/qwamjoow/virtualenv/massenger.reservira.ir/3.11/lib/python3.11/site-packages/pymysql/connections.py", line 563, in query
    self._affected_rows = self._read_query_result(unbuffered=unbuffered)
                          ^^^^^^^^^^^^^^^^^^^^^^^^^^^^^^^^^^^^^^^^^^^^^^
  File "/home/qwamjoow/virtualenv/massenger.reservira.ir/3.11/lib/python3.11/site-packages/pymysql/connections.py", line 825, in _read_query_result
    result.read()
  File "/home/qwamjoow/virtualenv/massenger.reservira.ir/3.11/lib/python3.11/site-packages/pymysql/connections.py", line 1199, in read
    first_packet = self.connection._read_packet()
                   ^^^^^^^^^^^^^^^^^^^^^^^^^^^^^^
  File "/home/qwamjoow/virtualenv/massenger.reservira.ir/3.11/lib/python3.11/site-packages/pymysql/connections.py", line 775, in _read_packet
    packet.raise_for_error()
  File "/home/qwamjoow/virtualenv/massenger.reservira.ir/3.11/lib/python3.11/site-packages/pymysql/protocol.py", line 219, in raise_for_error
    err.raise_mysql_exception(self._data)
  File "/home/qwamjoow/virtualenv/massenger.reservira.ir/3.11/lib/python3.11/site-packages/pymysql/err.py", line 150, in raise_mysql_exception
    raise errorclass(errno, errval)
sqlalchemy.exc.IntegrityError: (raised as a result of Query-invoked autoflush; consider using a session.no_autoflush block if this flush is occurring prematurely)
(pymysql.err.IntegrityError) (1062, "Duplicate entry 'b81c581d-9ecf-4a6c-be59-7ae2e255f3d3-3c87f76e-4ba0-470b-8849-317' for key 'message_statuses.uq_message_status'")
[SQL: INSERT INTO message_statuses (id, message_id, user_id, status, delivered_at, read_at, created_at) VALUES (%(id)s, %(message_id)s, %(user_id)s, %(status)s, %(delivered_at)s, %(read_at)s, %(created_at)s)]
[parameters: {'id': '226c6128-1162-44cf-a1d7-b95d42f14e37', 'message_id': 'b81c581d-9ecf-4a6c-be59-7ae2e255f3d3', 'user_id': '3c87f76e-4ba0-470b-8849-31739d6280ab', 'status': 'delivered', 'delivered_at': datetime.datetime(2026, 9, 14, 9, 16, 1, 477921), 'read_at': None, 'created_at': datetime.datetime(2026, 9, 14, 9, 16, 1, 486142)}]
(Background on this error at: https://sqlalche.me/e/20/gkpj)
[2026-09-14 12:46:03,859] ERROR in app: Exception on /api/v1/messages/5a55ce54-bbe9-421d-adab-9528d0ae3ff1 [GET]
Traceback (most recent call last):
  File "/home/qwamjoow/virtualenv/massenger.reservira.ir/3.11/lib64/python3.11/site-packages/sqlalchemy/engine/base.py", line 1967, in _exec_single_context
    self.dialect.do_execute(
  File "/home/qwamjoow/virtualenv/massenger.reservira.ir/3.11/lib64/python3.11/site-packages/sqlalchemy/engine/default.py", line 941, in do_execute
    cursor.execute(statement, parameters)
  File "/home/qwamjoow/virtualenv/massenger.reservira.ir/3.11/lib/python3.11/site-packages/pymysql/cursors.py", line 153, in execute
    result = self._query(query)
             ^^^^^^^^^^^^^^^^^^
  File "/home/qwamjoow/virtualenv/massenger.reservira.ir/3.11/lib/python3.11/site-packages/pymysql/cursors.py", line 322, in _query
    conn.query(q)
  File "/home/qwamjoow/virtualenv/massenger.reservira.ir/3.11/lib/python3.11/site-packages/pymysql/connections.py", line 563, in query
    self._affected_rows = self._read_query_result(unbuffered=unbuffered)
                          ^^^^^^^^^^^^^^^^^^^^^^^^^^^^^^^^^^^^^^^^^^^^^^
  File "/home/qwamjoow/virtualenv/massenger.reservira.ir/3.11/lib/python3.11/site-packages/pymysql/connections.py", line 825, in _read_query_result
    result.read()
  File "/home/qwamjoow/virtualenv/massenger.reservira.ir/3.11/lib/python3.11/site-packages/pymysql/connections.py", line 1199, in read
    first_packet = self.connection._read_packet()
                   ^^^^^^^^^^^^^^^^^^^^^^^^^^^^^^
  File "/home/qwamjoow/virtualenv/massenger.reservira.ir/3.11/lib/python3.11/site-packages/pymysql/connections.py", line 775, in _read_packet
    packet.raise_for_error()
  File "/home/qwamjoow/virtualenv/massenger.reservira.ir/3.11/lib/python3.11/site-packages/pymysql/protocol.py", line 219, in raise_for_error
    err.raise_mysql_exception(self._data)
  File "/home/qwamjoow/virtualenv/massenger.reservira.ir/3.11/lib/python3.11/site-packages/pymysql/err.py", line 150, in raise_mysql_exception
    raise errorclass(errno, errval)
pymysql.err.IntegrityError: (1062, "Duplicate entry 'b81c581d-9ecf-4a6c-be59-7ae2e255f3d3-3c87f76e-4ba0-470b-8849-317' for key 'message_statuses.uq_message_status'")

The above exception was the direct cause of the following exception:

Traceback (most recent call last):
  File "/home/qwamjoow/virtualenv/massenger.reservira.ir/3.11/lib/python3.11/site-packages/flask/app.py", line 1473, in wsgi_app
    response = self.full_dispatch_request()
               ^^^^^^^^^^^^^^^^^^^^^^^^^^^^
  File "/home/qwamjoow/virtualenv/massenger.reservira.ir/3.11/lib/python3.11/site-packages/flask/app.py", line 882, in full_dispatch_request
    rv = self.handle_user_exception(e)
         ^^^^^^^^^^^^^^^^^^^^^^^^^^^^^
  File "/home/qwamjoow/virtualenv/massenger.reservira.ir/3.11/lib/python3.11/site-packages/flask_cors/extension.py", line 178, in wrapped_function
    return cors_after_request(app.make_response(f(*args, **kwargs)))
                                                ^^^^^^^^^^^^^^^^^^
  File "/home/qwamjoow/virtualenv/massenger.reservira.ir/3.11/lib/python3.11/site-packages/flask/app.py", line 880, in full_dispatch_request
    rv = self.dispatch_request()
         ^^^^^^^^^^^^^^^^^^^^^^^
  File "/home/qwamjoow/virtualenv/massenger.reservira.ir/3.11/lib/python3.11/site-packages/flask/app.py", line 865, in dispatch_request
    return self.ensure_sync(self.view_functions[rule.endpoint])(**view_args)  # type: ignore[no-any-return]
           ^^^^^^^^^^^^^^^^^^^^^^^^^^^^^^^^^^^^^^^^^^^^^^^^^^^^^^^^^^^^^^^^^
  File "/home/qwamjoow/virtualenv/massenger.reservira.ir/3.11/lib/python3.11/site-packages/flask_jwt_extended/view_decorators.py", line 170, in decorator
    return current_app.ensure_sync(fn)(*args, **kwargs)
           ^^^^^^^^^^^^^^^^^^^^^^^^^^^^^^^^^^^^^^^^^^^^
  File "/home/qwamjoow/massenger.reservira.ir/app/api/messages.py", line 81, in get_messages
    dispatch_scheduled_messages(chat_id)
  File "/home/qwamjoow/massenger.reservira.ir/app/api/messages.py", line 53, in dispatch_scheduled_messages
    chat = db.session.get(Chat, msg.chat_id)
           ^^^^^^^^^^^^^^^^^^^^^^^^^^^^^^^^^
  File "/home/qwamjoow/virtualenv/massenger.reservira.ir/3.11/lib64/python3.11/site-packages/sqlalchemy/orm/scoping.py", line 1060, in get
    return self._proxied.get(
           ^^^^^^^^^^^^^^^^^^
  File "/home/qwamjoow/virtualenv/massenger.reservira.ir/3.11/lib64/python3.11/site-packages/sqlalchemy/orm/session.py", line 3693, in get
    return self._get_impl(
           ^^^^^^^^^^^^^^^
  File "/home/qwamjoow/virtualenv/massenger.reservira.ir/3.11/lib64/python3.11/site-packages/sqlalchemy/orm/session.py", line 3873, in _get_impl
    return db_load_fn(
           ^^^^^^^^^^^
  File "/home/qwamjoow/virtualenv/massenger.reservira.ir/3.11/lib64/python3.11/site-packages/sqlalchemy/orm/loading.py", line 694, in load_on_pk_identity
    session.execute(
  File "/home/qwamjoow/virtualenv/massenger.reservira.ir/3.11/lib64/python3.11/site-packages/sqlalchemy/orm/session.py", line 2362, in execute
    return self._execute_internal(
           ^^^^^^^^^^^^^^^^^^^^^^^
  File "/home/qwamjoow/virtualenv/massenger.reservira.ir/3.11/lib64/python3.11/site-packages/sqlalchemy/orm/session.py", line 2226, in _execute_internal
    ) = compile_state_cls.orm_pre_session_exec(
        ^^^^^^^^^^^^^^^^^^^^^^^^^^^^^^^^^^^^^^^
  File "/home/qwamjoow/virtualenv/massenger.reservira.ir/3.11/lib64/python3.11/site-packages/sqlalchemy/orm/context.py", line 561, in orm_pre_session_exec
    session._autoflush()
  File "/home/qwamjoow/virtualenv/massenger.reservira.ir/3.11/lib64/python3.11/site-packages/sqlalchemy/orm/session.py", line 3061, in _autoflush
    raise e.with_traceback(sys.exc_info()[2])
  File "/home/qwamjoow/virtualenv/massenger.reservira.ir/3.11/lib64/python3.11/site-packages/sqlalchemy/orm/session.py", line 3050, in _autoflush
    self.flush()
  File "/home/qwamjoow/virtualenv/massenger.reservira.ir/3.11/lib64/python3.11/site-packages/sqlalchemy/orm/session.py", line 4352, in flush
    self._flush(objects)
  File "/home/qwamjoow/virtualenv/massenger.reservira.ir/3.11/lib64/python3.11/site-packages/sqlalchemy/orm/session.py", line 4487, in _flush
    with util.safe_reraise():
  File "/home/qwamjoow/virtualenv/massenger.reservira.ir/3.11/lib64/python3.11/site-packages/sqlalchemy/util/langhelpers.py", line 146, in __exit__
    raise exc_value.with_traceback(exc_tb)
  File "/home/qwamjoow/virtualenv/massenger.reservira.ir/3.11/lib64/python3.11/site-packages/sqlalchemy/orm/session.py", line 4448, in _flush
    flush_context.execute()
  File "/home/qwamjoow/virtualenv/massenger.reservira.ir/3.11/lib64/python3.11/site-packages/sqlalchemy/orm/unitofwork.py", line 466, in execute
    rec.execute(self)
  File "/home/qwamjoow/virtualenv/massenger.reservira.ir/3.11/lib64/python3.11/site-packages/sqlalchemy/orm/unitofwork.py", line 642, in execute
    util.preloaded.orm_persistence.save_obj(
  File "/home/qwamjoow/virtualenv/massenger.reservira.ir/3.11/lib64/python3.11/site-packages/sqlalchemy/orm/persistence.py", line 93, in save_obj
    _emit_insert_statements(
  File "/home/qwamjoow/virtualenv/massenger.reservira.ir/3.11/lib64/python3.11/site-packages/sqlalchemy/orm/persistence.py", line 1233, in _emit_insert_statements
    result = connection.execute(
             ^^^^^^^^^^^^^^^^^^^
  File "/home/qwamjoow/virtualenv/massenger.reservira.ir/3.11/lib64/python3.11/site-packages/sqlalchemy/engine/base.py", line 1418, in execute
    return meth(
           ^^^^^
  File "/home/qwamjoow/virtualenv/massenger.reservira.ir/3.11/lib64/python3.11/site-packages/sqlalchemy/sql/elements.py", line 515, in _execute_on_connection
    return connection._execute_clauseelement(
           ^^^^^^^^^^^^^^^^^^^^^^^^^^^^^^^^^^
  File "/home/qwamjoow/virtualenv/massenger.reservira.ir/3.11/lib64/python3.11/site-packages/sqlalchemy/engine/base.py", line 1640, in _execute_clauseelement
    ret = self._execute_context(
          ^^^^^^^^^^^^^^^^^^^^^^
  File "/home/qwamjoow/virtualenv/massenger.reservira.ir/3.11/lib64/python3.11/site-packages/sqlalchemy/engine/base.py", line 1846, in _execute_context
    return self._exec_single_context(
           ^^^^^^^^^^^^^^^^^^^^^^^^^^
  File "/home/qwamjoow/virtualenv/massenger.reservira.ir/3.11/lib64/python3.11/site-packages/sqlalchemy/engine/base.py", line 1986, in _exec_single_context
    self._handle_dbapi_exception(
  File "/home/qwamjoow/virtualenv/massenger.reservira.ir/3.11/lib64/python3.11/site-packages/sqlalchemy/engine/base.py", line 2355, in _handle_dbapi_exception
    raise sqlalchemy_exception.with_traceback(exc_info[2]) from e
  File "/home/qwamjoow/virtualenv/massenger.reservira.ir/3.11/lib64/python3.11/site-packages/sqlalchemy/engine/base.py", line 1967, in _exec_single_context
    self.dialect.do_execute(
  File "/home/qwamjoow/virtualenv/massenger.reservira.ir/3.11/lib64/python3.11/site-packages/sqlalchemy/engine/default.py", line 941, in do_execute
    cursor.execute(statement, parameters)
  File "/home/qwamjoow/virtualenv/massenger.reservira.ir/3.11/lib/python3.11/site-packages/pymysql/cursors.py", line 153, in execute
    result = self._query(query)
             ^^^^^^^^^^^^^^^^^^
  File "/home/qwamjoow/virtualenv/massenger.reservira.ir/3.11/lib/python3.11/site-packages/pymysql/cursors.py", line 322, in _query
    conn.query(q)
  File "/home/qwamjoow/virtualenv/massenger.reservira.ir/3.11/lib/python3.11/site-packages/pymysql/connections.py", line 563, in query
    self._affected_rows = self._read_query_result(unbuffered=unbuffered)
                          ^^^^^^^^^^^^^^^^^^^^^^^^^^^^^^^^^^^^^^^^^^^^^^
  File "/home/qwamjoow/virtualenv/massenger.reservira.ir/3.11/lib/python3.11/site-packages/pymysql/connections.py", line 825, in _read_query_result
    result.read()
  File "/home/qwamjoow/virtualenv/massenger.reservira.ir/3.11/lib/python3.11/site-packages/pymysql/connections.py", line 1199, in read
    first_packet = self.connection._read_packet()
                   ^^^^^^^^^^^^^^^^^^^^^^^^^^^^^^
  File "/home/qwamjoow/virtualenv/massenger.reservira.ir/3.11/lib/python3.11/site-packages/pymysql/connections.py", line 775, in _read_packet
    packet.raise_for_error()
  File "/home/qwamjoow/virtualenv/massenger.reservira.ir/3.11/lib/python3.11/site-packages/pymysql/protocol.py", line 219, in raise_for_error
    err.raise_mysql_exception(self._data)
  File "/home/qwamjoow/virtualenv/massenger.reservira.ir/3.11/lib/python3.11/site-packages/pymysql/err.py", line 150, in raise_mysql_exception
    raise errorclass(errno, errval)
sqlalchemy.exc.IntegrityError: (raised as a result of Query-invoked autoflush; consider using a session.no_autoflush block if this flush is occurring prematurely)
(pymysql.err.IntegrityError) (1062, "Duplicate entry 'b81c581d-9ecf-4a6c-be59-7ae2e255f3d3-3c87f76e-4ba0-470b-8849-317' for key 'message_statuses.uq_message_status'")
[SQL: INSERT INTO message_statuses (id, message_id, user_id, status, delivered_at, read_at, created_at) VALUES (%(id)s, %(message_id)s, %(user_id)s, %(status)s, %(delivered_at)s, %(read_at)s, %(created_at)s)]
[parameters: {'id': '7e2aa7f0-3398-4dde-8f37-75946f9d7e4e', 'message_id': 'b81c581d-9ecf-4a6c-be59-7ae2e255f3d3', 'user_id': '3c87f76e-4ba0-470b-8849-31739d6280ab', 'status': 'delivered', 'delivered_at': datetime.datetime(2026, 9, 14, 9, 16, 3, 841088), 'read_at': None, 'created_at': datetime.datetime(2026, 9, 14, 9, 16, 3, 846511)}]
(Background on this error at: https://sqlalche.me/e/20/gkpj)
[2026-09-14 12:46:04,020] ERROR in app: Exception on /api/v1/messages/5a55ce54-bbe9-421d-adab-9528d0ae3ff1 [GET]
Traceback (most recent call last):
  File "/home/qwamjoow/virtualenv/massenger.reservira.ir/3.11/lib64/python3.11/site-packages/sqlalchemy/engine/base.py", line 1967, in _exec_single_context
    self.dialect.do_execute(
  File "/home/qwamjoow/virtualenv/massenger.reservira.ir/3.11/lib64/python3.11/site-packages/sqlalchemy/engine/default.py", line 941, in do_execute
    cursor.execute(statement, parameters)
  File "/home/qwamjoow/virtualenv/massenger.reservira.ir/3.11/lib/python3.11/site-packages/pymysql/cursors.py", line 153, in execute
    result = self._query(query)
             ^^^^^^^^^^^^^^^^^^
  File "/home/qwamjoow/virtualenv/massenger.reservira.ir/3.11/lib/python3.11/site-packages/pymysql/cursors.py", line 322, in _query
    conn.query(q)
  File "/home/qwamjoow/virtualenv/massenger.reservira.ir/3.11/lib/python3.11/site-packages/pymysql/connections.py", line 563, in query
    self._affected_rows = self._read_query_result(unbuffered=unbuffered)
                          ^^^^^^^^^^^^^^^^^^^^^^^^^^^^^^^^^^^^^^^^^^^^^^
  File "/home/qwamjoow/virtualenv/massenger.reservira.ir/3.11/lib/python3.11/site-packages/pymysql/connections.py", line 825, in _read_query_result
    result.read()
  File "/home/qwamjoow/virtualenv/massenger.reservira.ir/3.11/lib/python3.11/site-packages/pymysql/connections.py", line 1199, in read
    first_packet = self.connection._read_packet()
                   ^^^^^^^^^^^^^^^^^^^^^^^^^^^^^^
  File "/home/qwamjoow/virtualenv/massenger.reservira.ir/3.11/lib/python3.11/site-packages/pymysql/connections.py", line 775, in _read_packet
    packet.raise_for_error()
  File "/home/qwamjoow/virtualenv/massenger.reservira.ir/3.11/lib/python3.11/site-packages/pymysql/protocol.py", line 219, in raise_for_error
    err.raise_mysql_exception(self._data)
  File "/home/qwamjoow/virtualenv/massenger.reservira.ir/3.11/lib/python3.11/site-packages/pymysql/err.py", line 150, in raise_mysql_exception
    raise errorclass(errno, errval)
pymysql.err.IntegrityError: (1062, "Duplicate entry 'b81c581d-9ecf-4a6c-be59-7ae2e255f3d3-3c87f76e-4ba0-470b-8849-317' for key 'message_statuses.uq_message_status'")

The above exception was the direct cause of the following exception:

Traceback (most recent call last):
  File "/home/qwamjoow/virtualenv/massenger.reservira.ir/3.11/lib/python3.11/site-packages/flask/app.py", line 1473, in wsgi_app
    response = self.full_dispatch_request()
               ^^^^^^^^^^^^^^^^^^^^^^^^^^^^
  File "/home/qwamjoow/virtualenv/massenger.reservira.ir/3.11/lib/python3.11/site-packages/flask/app.py", line 882, in full_dispatch_request
    rv = self.handle_user_exception(e)
         ^^^^^^^^^^^^^^^^^^^^^^^^^^^^^
  File "/home/qwamjoow/virtualenv/massenger.reservira.ir/3.11/lib/python3.11/site-packages/flask_cors/extension.py", line 178, in wrapped_function
    return cors_after_request(app.make_response(f(*args, **kwargs)))
                                                ^^^^^^^^^^^^^^^^^^
  File "/home/qwamjoow/virtualenv/massenger.reservira.ir/3.11/lib/python3.11/site-packages/flask/app.py", line 880, in full_dispatch_request
    rv = self.dispatch_request()
         ^^^^^^^^^^^^^^^^^^^^^^^
  File "/home/qwamjoow/virtualenv/massenger.reservira.ir/3.11/lib/python3.11/site-packages/flask/app.py", line 865, in dispatch_request
    return self.ensure_sync(self.view_functions[rule.endpoint])(**view_args)  # type: ignore[no-any-return]
           ^^^^^^^^^^^^^^^^^^^^^^^^^^^^^^^^^^^^^^^^^^^^^^^^^^^^^^^^^^^^^^^^^
  File "/home/qwamjoow/virtualenv/massenger.reservira.ir/3.11/lib/python3.11/site-packages/flask_jwt_extended/view_decorators.py", line 170, in decorator
    return current_app.ensure_sync(fn)(*args, **kwargs)
           ^^^^^^^^^^^^^^^^^^^^^^^^^^^^^^^^^^^^^^^^^^^^
  File "/home/qwamjoow/massenger.reservira.ir/app/api/messages.py", line 81, in get_messages
    dispatch_scheduled_messages(chat_id)
  File "/home/qwamjoow/massenger.reservira.ir/app/api/messages.py", line 53, in dispatch_scheduled_messages
    chat = db.session.get(Chat, msg.chat_id)
           ^^^^^^^^^^^^^^^^^^^^^^^^^^^^^^^^^
  File "/home/qwamjoow/virtualenv/massenger.reservira.ir/3.11/lib64/python3.11/site-packages/sqlalchemy/orm/scoping.py", line 1060, in get
    return self._proxied.get(
           ^^^^^^^^^^^^^^^^^^
  File "/home/qwamjoow/virtualenv/massenger.reservira.ir/3.11/lib64/python3.11/site-packages/sqlalchemy/orm/session.py", line 3693, in get
    return self._get_impl(
           ^^^^^^^^^^^^^^^
  File "/home/qwamjoow/virtualenv/massenger.reservira.ir/3.11/lib64/python3.11/site-packages/sqlalchemy/orm/session.py", line 3873, in _get_impl
    return db_load_fn(
           ^^^^^^^^^^^
  File "/home/qwamjoow/virtualenv/massenger.reservira.ir/3.11/lib64/python3.11/site-packages/sqlalchemy/orm/loading.py", line 694, in load_on_pk_identity
    session.execute(
  File "/home/qwamjoow/virtualenv/massenger.reservira.ir/3.11/lib64/python3.11/site-packages/sqlalchemy/orm/session.py", line 2362, in execute
    return self._execute_internal(
           ^^^^^^^^^^^^^^^^^^^^^^^
  File "/home/qwamjoow/virtualenv/massenger.reservira.ir/3.11/lib64/python3.11/site-packages/sqlalchemy/orm/session.py", line 2226, in _execute_internal
    ) = compile_state_cls.orm_pre_session_exec(
        ^^^^^^^^^^^^^^^^^^^^^^^^^^^^^^^^^^^^^^^
  File "/home/qwamjoow/virtualenv/massenger.reservira.ir/3.11/lib64/python3.11/site-packages/sqlalchemy/orm/context.py", line 561, in orm_pre_session_exec
    session._autoflush()
  File "/home/qwamjoow/virtualenv/massenger.reservira.ir/3.11/lib64/python3.11/site-packages/sqlalchemy/orm/session.py", line 3061, in _autoflush
    raise e.with_traceback(sys.exc_info()[2])
  File "/home/qwamjoow/virtualenv/massenger.reservira.ir/3.11/lib64/python3.11/site-packages/sqlalchemy/orm/session.py", line 3050, in _autoflush
    self.flush()
  File "/home/qwamjoow/virtualenv/massenger.reservira.ir/3.11/lib64/python3.11/site-packages/sqlalchemy/orm/session.py", line 4352, in flush
    self._flush(objects)
  File "/home/qwamjoow/virtualenv/massenger.reservira.ir/3.11/lib64/python3.11/site-packages/sqlalchemy/orm/session.py", line 4487, in _flush
    with util.safe_reraise():
  File "/home/qwamjoow/virtualenv/massenger.reservira.ir/3.11/lib64/python3.11/site-packages/sqlalchemy/util/langhelpers.py", line 146, in __exit__
    raise exc_value.with_traceback(exc_tb)
  File "/home/qwamjoow/virtualenv/massenger.reservira.ir/3.11/lib64/python3.11/site-packages/sqlalchemy/orm/session.py", line 4448, in _flush
    flush_context.execute()
  File "/home/qwamjoow/virtualenv/massenger.reservira.ir/3.11/lib64/python3.11/site-packages/sqlalchemy/orm/unitofwork.py", line 466, in execute
    rec.execute(self)
  File "/home/qwamjoow/virtualenv/massenger.reservira.ir/3.11/lib64/python3.11/site-packages/sqlalchemy/orm/unitofwork.py", line 642, in execute
    util.preloaded.orm_persistence.save_obj(
  File "/home/qwamjoow/virtualenv/massenger.reservira.ir/3.11/lib64/python3.11/site-packages/sqlalchemy/orm/persistence.py", line 93, in save_obj
    _emit_insert_statements(
  File "/home/qwamjoow/virtualenv/massenger.reservira.ir/3.11/lib64/python3.11/site-packages/sqlalchemy/orm/persistence.py", line 1233, in _emit_insert_statements
    result = connection.execute(
             ^^^^^^^^^^^^^^^^^^^
  File "/home/qwamjoow/virtualenv/massenger.reservira.ir/3.11/lib64/python3.11/site-packages/sqlalchemy/engine/base.py", line 1418, in execute
    return meth(
           ^^^^^
  File "/home/qwamjoow/virtualenv/massenger.reservira.ir/3.11/lib64/python3.11/site-packages/sqlalchemy/sql/elements.py", line 515, in _execute_on_connection
    return connection._execute_clauseelement(
           ^^^^^^^^^^^^^^^^^^^^^^^^^^^^^^^^^^
  File "/home/qwamjoow/virtualenv/massenger.reservira.ir/3.11/lib64/python3.11/site-packages/sqlalchemy/engine/base.py", line 1640, in _execute_clauseelement
    ret = self._execute_context(
          ^^^^^^^^^^^^^^^^^^^^^^
  File "/home/qwamjoow/virtualenv/massenger.reservira.ir/3.11/lib64/python3.11/site-packages/sqlalchemy/engine/base.py", line 1846, in _execute_context
    return self._exec_single_context(
           ^^^^^^^^^^^^^^^^^^^^^^^^^^
  File "/home/qwamjoow/virtualenv/massenger.reservira.ir/3.11/lib64/python3.11/site-packages/sqlalchemy/engine/base.py", line 1986, in _exec_single_context
    self._handle_dbapi_exception(
  File "/home/qwamjoow/virtualenv/massenger.reservira.ir/3.11/lib64/python3.11/site-packages/sqlalchemy/engine/base.py", line 2355, in _handle_dbapi_exception
    raise sqlalchemy_exception.with_traceback(exc_info[2]) from e
  File "/home/qwamjoow/virtualenv/massenger.reservira.ir/3.11/lib64/python3.11/site-packages/sqlalchemy/engine/base.py", line 1967, in _exec_single_context
    self.dialect.do_execute(
  File "/home/qwamjoow/virtualenv/massenger.reservira.ir/3.11/lib64/python3.11/site-packages/sqlalchemy/engine/default.py", line 941, in do_execute
    cursor.execute(statement, parameters)
  File "/home/qwamjoow/virtualenv/massenger.reservira.ir/3.11/lib/python3.11/site-packages/pymysql/cursors.py", line 153, in execute
    result = self._query(query)
             ^^^^^^^^^^^^^^^^^^
  File "/home/qwamjoow/virtualenv/massenger.reservira.ir/3.11/lib/python3.11/site-packages/pymysql/cursors.py", line 322, in _query
    conn.query(q)
  File "/home/qwamjoow/virtualenv/massenger.reservira.ir/3.11/lib/python3.11/site-packages/pymysql/connections.py", line 563, in query
    self._affected_rows = self._read_query_result(unbuffered=unbuffered)
                          ^^^^^^^^^^^^^^^^^^^^^^^^^^^^^^^^^^^^^^^^^^^^^^
  File "/home/qwamjoow/virtualenv/massenger.reservira.ir/3.11/lib/python3.11/site-packages/pymysql/connections.py", line 825, in _read_query_result
    result.read()
  File "/home/qwamjoow/virtualenv/massenger.reservira.ir/3.11/lib/python3.11/site-packages/pymysql/connections.py", line 1199, in read
    first_packet = self.connection._read_packet()
                   ^^^^^^^^^^^^^^^^^^^^^^^^^^^^^^
  File "/home/qwamjoow/virtualenv/massenger.reservira.ir/3.11/lib/python3.11/site-packages/pymysql/connections.py", line 775, in _read_packet
    packet.raise_for_error()
  File "/home/qwamjoow/virtualenv/massenger.reservira.ir/3.11/lib/python3.11/site-packages/pymysql/protocol.py", line 219, in raise_for_error
    err.raise_mysql_exception(self._data)
  File "/home/qwamjoow/virtualenv/massenger.reservira.ir/3.11/lib/python3.11/site-packages/pymysql/err.py", line 150, in raise_mysql_exception
    raise errorclass(errno, errval)
sqlalchemy.exc.IntegrityError: (raised as a result of Query-invoked autoflush; consider using a session.no_autoflush block if this flush is occurring prematurely)
(pymysql.err.IntegrityError) (1062, "Duplicate entry 'b81c581d-9ecf-4a6c-be59-7ae2e255f3d3-3c87f76e-4ba0-470b-8849-317' for key 'message_statuses.uq_message_status'")
[SQL: INSERT INTO message_statuses (id, message_id, user_id, status, delivered_at, read_at, created_at) VALUES (%(id)s, %(message_id)s, %(user_id)s, %(status)s, %(delivered_at)s, %(read_at)s, %(created_at)s)]
[parameters: {'id': '171d6f03-4b58-417b-8a4a-5b20d9f216a8', 'message_id': 'b81c581d-9ecf-4a6c-be59-7ae2e255f3d3', 'user_id': '3c87f76e-4ba0-470b-8849-31739d6280ab', 'status': 'delivered', 'delivered_at': datetime.datetime(2026, 9, 14, 9, 16, 4, 2582), 'read_at': None, 'created_at': datetime.datetime(2026, 9, 14, 9, 16, 4, 8207)}]
(Background on this error at: https://sqlalche.me/e/20/gkpj)
[2026-09-14 12:46:07,039] ERROR in app: Exception on /api/v1/messages/5a55ce54-bbe9-421d-adab-9528d0ae3ff1 [GET]
Traceback (most recent call last):
  File "/home/qwamjoow/virtualenv/massenger.reservira.ir/3.11/lib64/python3.11/site-packages/sqlalchemy/engine/base.py", line 1967, in _exec_single_context
    self.dialect.do_execute(
  File "/home/qwamjoow/virtualenv/massenger.reservira.ir/3.11/lib64/python3.11/site-packages/sqlalchemy/engine/default.py", line 941, in do_execute
    cursor.execute(statement, parameters)
  File "/home/qwamjoow/virtualenv/massenger.reservira.ir/3.11/lib/python3.11/site-packages/pymysql/cursors.py", line 153, in execute
    result = self._query(query)
             ^^^^^^^^^^^^^^^^^^
  File "/home/qwamjoow/virtualenv/massenger.reservira.ir/3.11/lib/python3.11/site-packages/pymysql/cursors.py", line 322, in _query
    conn.query(q)
  File "/home/qwamjoow/virtualenv/massenger.reservira.ir/3.11/lib/python3.11/site-packages/pymysql/connections.py", line 563, in query
    self._affected_rows = self._read_query_result(unbuffered=unbuffered)
                          ^^^^^^^^^^^^^^^^^^^^^^^^^^^^^^^^^^^^^^^^^^^^^^
  File "/home/qwamjoow/virtualenv/massenger.reservira.ir/3.11/lib/python3.11/site-packages/pymysql/connections.py", line 825, in _read_query_result
    result.read()
  File "/home/qwamjoow/virtualenv/massenger.reservira.ir/3.11/lib/python3.11/site-packages/pymysql/connections.py", line 1199, in read
    first_packet = self.connection._read_packet()
                   ^^^^^^^^^^^^^^^^^^^^^^^^^^^^^^
  File "/home/qwamjoow/virtualenv/massenger.reservira.ir/3.11/lib/python3.11/site-packages/pymysql/connections.py", line 775, in _read_packet
    packet.raise_for_error()
  File "/home/qwamjoow/virtualenv/massenger.reservira.ir/3.11/lib/python3.11/site-packages/pymysql/protocol.py", line 219, in raise_for_error
    err.raise_mysql_exception(self._data)
  File "/home/qwamjoow/virtualenv/massenger.reservira.ir/3.11/lib/python3.11/site-packages/pymysql/err.py", line 150, in raise_mysql_exception
    raise errorclass(errno, errval)
pymysql.err.IntegrityError: (1062, "Duplicate entry 'b81c581d-9ecf-4a6c-be59-7ae2e255f3d3-3c87f76e-4ba0-470b-8849-317' for key 'message_statuses.uq_message_status'")

The above exception was the direct cause of the following exception:

Traceback (most recent call last):
  File "/home/qwamjoow/virtualenv/massenger.reservira.ir/3.11/lib/python3.11/site-packages/flask/app.py", line 1473, in wsgi_app
    response = self.full_dispatch_request()
               ^^^^^^^^^^^^^^^^^^^^^^^^^^^^
  File "/home/qwamjoow/virtualenv/massenger.reservira.ir/3.11/lib/python3.11/site-packages/flask/app.py", line 882, in full_dispatch_request
    rv = self.handle_user_exception(e)
         ^^^^^^^^^^^^^^^^^^^^^^^^^^^^^
  File "/home/qwamjoow/virtualenv/massenger.reservira.ir/3.11/lib/python3.11/site-packages/flask_cors/extension.py", line 178, in wrapped_function
    return cors_after_request(app.make_response(f(*args, **kwargs)))
                                                ^^^^^^^^^^^^^^^^^^
  File "/home/qwamjoow/virtualenv/massenger.reservira.ir/3.11/lib/python3.11/site-packages/flask/app.py", line 880, in full_dispatch_request
    rv = self.dispatch_request()
         ^^^^^^^^^^^^^^^^^^^^^^^
  File "/home/qwamjoow/virtualenv/massenger.reservira.ir/3.11/lib/python3.11/site-packages/flask/app.py", line 865, in dispatch_request
    return self.ensure_sync(self.view_functions[rule.endpoint])(**view_args)  # type: ignore[no-any-return]
           ^^^^^^^^^^^^^^^^^^^^^^^^^^^^^^^^^^^^^^^^^^^^^^^^^^^^^^^^^^^^^^^^^
  File "/home/qwamjoow/virtualenv/massenger.reservira.ir/3.11/lib/python3.11/site-packages/flask_jwt_extended/view_decorators.py", line 170, in decorator
    return current_app.ensure_sync(fn)(*args, **kwargs)
           ^^^^^^^^^^^^^^^^^^^^^^^^^^^^^^^^^^^^^^^^^^^^
  File "/home/qwamjoow/massenger.reservira.ir/app/api/messages.py", line 81, in get_messages
    dispatch_scheduled_messages(chat_id)
  File "/home/qwamjoow/massenger.reservira.ir/app/api/messages.py", line 53, in dispatch_scheduled_messages
    chat = db.session.get(Chat, msg.chat_id)
           ^^^^^^^^^^^^^^^^^^^^^^^^^^^^^^^^^
  File "/home/qwamjoow/virtualenv/massenger.reservira.ir/3.11/lib64/python3.11/site-packages/sqlalchemy/orm/scoping.py", line 1060, in get
    return self._proxied.get(
           ^^^^^^^^^^^^^^^^^^
  File "/home/qwamjoow/virtualenv/massenger.reservira.ir/3.11/lib64/python3.11/site-packages/sqlalchemy/orm/session.py", line 3693, in get
    return self._get_impl(
           ^^^^^^^^^^^^^^^
  File "/home/qwamjoow/virtualenv/massenger.reservira.ir/3.11/lib64/python3.11/site-packages/sqlalchemy/orm/session.py", line 3873, in _get_impl
    return db_load_fn(
           ^^^^^^^^^^^
  File "/home/qwamjoow/virtualenv/massenger.reservira.ir/3.11/lib64/python3.11/site-packages/sqlalchemy/orm/loading.py", line 694, in load_on_pk_identity
    session.execute(
  File "/home/qwamjoow/virtualenv/massenger.reservira.ir/3.11/lib64/python3.11/site-packages/sqlalchemy/orm/session.py", line 2362, in execute
    return self._execute_internal(
           ^^^^^^^^^^^^^^^^^^^^^^^
  File "/home/qwamjoow/virtualenv/massenger.reservira.ir/3.11/lib64/python3.11/site-packages/sqlalchemy/orm/session.py", line 2226, in _execute_internal
    ) = compile_state_cls.orm_pre_session_exec(
        ^^^^^^^^^^^^^^^^^^^^^^^^^^^^^^^^^^^^^^^
  File "/home/qwamjoow/virtualenv/massenger.reservira.ir/3.11/lib64/python3.11/site-packages/sqlalchemy/orm/context.py", line 561, in orm_pre_session_exec
    session._autoflush()
  File "/home/qwamjoow/virtualenv/massenger.reservira.ir/3.11/lib64/python3.11/site-packages/sqlalchemy/orm/session.py", line 3061, in _autoflush
    raise e.with_traceback(sys.exc_info()[2])
  File "/home/qwamjoow/virtualenv/massenger.reservira.ir/3.11/lib64/python3.11/site-packages/sqlalchemy/orm/session.py", line 3050, in _autoflush
    self.flush()
  File "/home/qwamjoow/virtualenv/massenger.reservira.ir/3.11/lib64/python3.11/site-packages/sqlalchemy/orm/session.py", line 4352, in flush
    self._flush(objects)
  File "/home/qwamjoow/virtualenv/massenger.reservira.ir/3.11/lib64/python3.11/site-packages/sqlalchemy/orm/session.py", line 4487, in _flush
    with util.safe_reraise():
  File "/home/qwamjoow/virtualenv/massenger.reservira.ir/3.11/lib64/python3.11/site-packages/sqlalchemy/util/langhelpers.py", line 146, in __exit__
    raise exc_value.with_traceback(exc_tb)
  File "/home/qwamjoow/virtualenv/massenger.reservira.ir/3.11/lib64/python3.11/site-packages/sqlalchemy/orm/session.py", line 4448, in _flush
    flush_context.execute()
  File "/home/qwamjoow/virtualenv/massenger.reservira.ir/3.11/lib64/python3.11/site-packages/sqlalchemy/orm/unitofwork.py", line 466, in execute
    rec.execute(self)
  File "/home/qwamjoow/virtualenv/massenger.reservira.ir/3.11/lib64/python3.11/site-packages/sqlalchemy/orm/unitofwork.py", line 642, in execute
    util.preloaded.orm_persistence.save_obj(
  File "/home/qwamjoow/virtualenv/massenger.reservira.ir/3.11/lib64/python3.11/site-packages/sqlalchemy/orm/persistence.py", line 93, in save_obj
    _emit_insert_statements(
  File "/home/qwamjoow/virtualenv/massenger.reservira.ir/3.11/lib64/python3.11/site-packages/sqlalchemy/orm/persistence.py", line 1233, in _emit_insert_statements
    result = connection.execute(
             ^^^^^^^^^^^^^^^^^^^
  File "/home/qwamjoow/virtualenv/massenger.reservira.ir/3.11/lib64/python3.11/site-packages/sqlalchemy/engine/base.py", line 1418, in execute
    return meth(
           ^^^^^
  File "/home/qwamjoow/virtualenv/massenger.reservira.ir/3.11/lib64/python3.11/site-packages/sqlalchemy/sql/elements.py", line 515, in _execute_on_connection
    return connection._execute_clauseelement(
           ^^^^^^^^^^^^^^^^^^^^^^^^^^^^^^^^^^
  File "/home/qwamjoow/virtualenv/massenger.reservira.ir/3.11/lib64/python3.11/site-packages/sqlalchemy/engine/base.py", line 1640, in _execute_clauseelement
    ret = self._execute_context(
          ^^^^^^^^^^^^^^^^^^^^^^
  File "/home/qwamjoow/virtualenv/massenger.reservira.ir/3.11/lib64/python3.11/site-packages/sqlalchemy/engine/base.py", line 1846, in _execute_context
    return self._exec_single_context(
           ^^^^^^^^^^^^^^^^^^^^^^^^^^
  File "/home/qwamjoow/virtualenv/massenger.reservira.ir/3.11/lib64/python3.11/site-packages/sqlalchemy/engine/base.py", line 1986, in _exec_single_context
    self._handle_dbapi_exception(
  File "/home/qwamjoow/virtualenv/massenger.reservira.ir/3.11/lib64/python3.11/site-packages/sqlalchemy/engine/base.py", line 2355, in _handle_dbapi_exception
    raise sqlalchemy_exception.with_traceback(exc_info[2]) from e
  File "/home/qwamjoow/virtualenv/massenger.reservira.ir/3.11/lib64/python3.11/site-packages/sqlalchemy/engine/base.py", line 1967, in _exec_single_context
    self.dialect.do_execute(
  File "/home/qwamjoow/virtualenv/massenger.reservira.ir/3.11/lib64/python3.11/site-packages/sqlalchemy/engine/default.py", line 941, in do_execute
    cursor.execute(statement, parameters)
  File "/home/qwamjoow/virtualenv/massenger.reservira.ir/3.11/lib/python3.11/site-packages/pymysql/cursors.py", line 153, in execute
    result = self._query(query)
             ^^^^^^^^^^^^^^^^^^
  File "/home/qwamjoow/virtualenv/massenger.reservira.ir/3.11/lib/python3.11/site-packages/pymysql/cursors.py", line 322, in _query
    conn.query(q)
  File "/home/qwamjoow/virtualenv/massenger.reservira.ir/3.11/lib/python3.11/site-packages/pymysql/connections.py", line 563, in query
    self._affected_rows = self._read_query_result(unbuffered=unbuffered)
                          ^^^^^^^^^^^^^^^^^^^^^^^^^^^^^^^^^^^^^^^^^^^^^^
  File "/home/qwamjoow/virtualenv/massenger.reservira.ir/3.11/lib/python3.11/site-packages/pymysql/connections.py", line 825, in _read_query_result
    result.read()
  File "/home/qwamjoow/virtualenv/massenger.reservira.ir/3.11/lib/python3.11/site-packages/pymysql/connections.py", line 1199, in read
    first_packet = self.connection._read_packet()
                   ^^^^^^^^^^^^^^^^^^^^^^^^^^^^^^
  File "/home/qwamjoow/virtualenv/massenger.reservira.ir/3.11/lib/python3.11/site-packages/pymysql/connections.py", line 775, in _read_packet
    packet.raise_for_error()
  File "/home/qwamjoow/virtualenv/massenger.reservira.ir/3.11/lib/python3.11/site-packages/pymysql/protocol.py", line 219, in raise_for_error
    err.raise_mysql_exception(self._data)
  File "/home/qwamjoow/virtualenv/massenger.reservira.ir/3.11/lib/python3.11/site-packages/pymysql/err.py", line 150, in raise_mysql_exception
    raise errorclass(errno, errval)
sqlalchemy.exc.IntegrityError: (raised as a result of Query-invoked autoflush; consider using a session.no_autoflush block if this flush is occurring prematurely)
(pymysql.err.IntegrityError) (1062, "Duplicate entry 'b81c581d-9ecf-4a6c-be59-7ae2e255f3d3-3c87f76e-4ba0-470b-8849-317' for key 'message_statuses.uq_message_status'")
[SQL: INSERT INTO message_statuses (id, message_id, user_id, status, delivered_at, read_at, created_at) VALUES (%(id)s, %(message_id)s, %(user_id)s, %(status)s, %(delivered_at)s, %(read_at)s, %(created_at)s)]
[parameters: {'id': '54b565e0-e33f-483b-8c92-31bdad187242', 'message_id': 'b81c581d-9ecf-4a6c-be59-7ae2e255f3d3', 'user_id': '3c87f76e-4ba0-470b-8849-31739d6280ab', 'status': 'delivered', 'delivered_at': datetime.datetime(2026, 9, 14, 9, 16, 7, 5690), 'read_at': None, 'created_at': datetime.datetime(2026, 9, 14, 9, 16, 7, 26606)}]
(Background on this error at: https://sqlalche.me/e/20/gkpj)
[2026-09-14 12:46:07,087] ERROR in app: Exception on /api/v1/messages/5a55ce54-bbe9-421d-adab-9528d0ae3ff1 [GET]
Traceback (most recent call last):
  File "/home/qwamjoow/virtualenv/massenger.reservira.ir/3.11/lib64/python3.11/site-packages/sqlalchemy/engine/base.py", line 1967, in _exec_single_context
    self.dialect.do_execute(
  File "/home/qwamjoow/virtualenv/massenger.reservira.ir/3.11/lib64/python3.11/site-packages/sqlalchemy/engine/default.py", line 941, in do_execute
    cursor.execute(statement, parameters)
  File "/home/qwamjoow/virtualenv/massenger.reservira.ir/3.11/lib/python3.11/site-packages/pymysql/cursors.py", line 153, in execute
    result = self._query(query)
             ^^^^^^^^^^^^^^^^^^
  File "/home/qwamjoow/virtualenv/massenger.reservira.ir/3.11/lib/python3.11/site-packages/pymysql/cursors.py", line 322, in _query
    conn.query(q)
  File "/home/qwamjoow/virtualenv/massenger.reservira.ir/3.11/lib/python3.11/site-packages/pymysql/connections.py", line 563, in query
    self._affected_rows = self._read_query_result(unbuffered=unbuffered)
                          ^^^^^^^^^^^^^^^^^^^^^^^^^^^^^^^^^^^^^^^^^^^^^^
  File "/home/qwamjoow/virtualenv/massenger.reservira.ir/3.11/lib/python3.11/site-packages/pymysql/connections.py", line 825, in _read_query_result
    result.read()
  File "/home/qwamjoow/virtualenv/massenger.reservira.ir/3.11/lib/python3.11/site-packages/pymysql/connections.py", line 1199, in read
    first_packet = self.connection._read_packet()
                   ^^^^^^^^^^^^^^^^^^^^^^^^^^^^^^
  File "/home/qwamjoow/virtualenv/massenger.reservira.ir/3.11/lib/python3.11/site-packages/pymysql/connections.py", line 775, in _read_packet
    packet.raise_for_error()
  File "/home/qwamjoow/virtualenv/massenger.reservira.ir/3.11/lib/python3.11/site-packages/pymysql/protocol.py", line 219, in raise_for_error
    err.raise_mysql_exception(self._data)
  File "/home/qwamjoow/virtualenv/massenger.reservira.ir/3.11/lib/python3.11/site-packages/pymysql/err.py", line 150, in raise_mysql_exception
    raise errorclass(errno, errval)
pymysql.err.IntegrityError: (1062, "Duplicate entry 'b81c581d-9ecf-4a6c-be59-7ae2e255f3d3-3c87f76e-4ba0-470b-8849-317' for key 'message_statuses.uq_message_status'")

The above exception was the direct cause of the following exception:

Traceback (most recent call last):
  File "/home/qwamjoow/virtualenv/massenger.reservira.ir/3.11/lib/python3.11/site-packages/flask/app.py", line 1473, in wsgi_app
    response = self.full_dispatch_request()
               ^^^^^^^^^^^^^^^^^^^^^^^^^^^^
  File "/home/qwamjoow/virtualenv/massenger.reservira.ir/3.11/lib/python3.11/site-packages/flask/app.py", line 882, in full_dispatch_request
    rv = self.handle_user_exception(e)
         ^^^^^^^^^^^^^^^^^^^^^^^^^^^^^
  File "/home/qwamjoow/virtualenv/massenger.reservira.ir/3.11/lib/python3.11/site-packages/flask_cors/extension.py", line 178, in wrapped_function
    return cors_after_request(app.make_response(f(*args, **kwargs)))
                                                ^^^^^^^^^^^^^^^^^^
  File "/home/qwamjoow/virtualenv/massenger.reservira.ir/3.11/lib/python3.11/site-packages/flask/app.py", line 880, in full_dispatch_request
    rv = self.dispatch_request()
         ^^^^^^^^^^^^^^^^^^^^^^^
  File "/home/qwamjoow/virtualenv/massenger.reservira.ir/3.11/lib/python3.11/site-packages/flask/app.py", line 865, in dispatch_request
    return self.ensure_sync(self.view_functions[rule.endpoint])(**view_args)  # type: ignore[no-any-return]
           ^^^^^^^^^^^^^^^^^^^^^^^^^^^^^^^^^^^^^^^^^^^^^^^^^^^^^^^^^^^^^^^^^
  File "/home/qwamjoow/virtualenv/massenger.reservira.ir/3.11/lib/python3.11/site-packages/flask_jwt_extended/view_decorators.py", line 170, in decorator
    return current_app.ensure_sync(fn)(*args, **kwargs)
           ^^^^^^^^^^^^^^^^^^^^^^^^^^^^^^^^^^^^^^^^^^^^
  File "/home/qwamjoow/massenger.reservira.ir/app/api/messages.py", line 81, in get_messages
    dispatch_scheduled_messages(chat_id)
  File "/home/qwamjoow/massenger.reservira.ir/app/api/messages.py", line 53, in dispatch_scheduled_messages
    chat = db.session.get(Chat, msg.chat_id)
           ^^^^^^^^^^^^^^^^^^^^^^^^^^^^^^^^^
  File "/home/qwamjoow/virtualenv/massenger.reservira.ir/3.11/lib64/python3.11/site-packages/sqlalchemy/orm/scoping.py", line 1060, in get
    return self._proxied.get(
           ^^^^^^^^^^^^^^^^^^
  File "/home/qwamjoow/virtualenv/massenger.reservira.ir/3.11/lib64/python3.11/site-packages/sqlalchemy/orm/session.py", line 3693, in get
    return self._get_impl(
           ^^^^^^^^^^^^^^^
  File "/home/qwamjoow/virtualenv/massenger.reservira.ir/3.11/lib64/python3.11/site-packages/sqlalchemy/orm/session.py", line 3873, in _get_impl
    return db_load_fn(
           ^^^^^^^^^^^
  File "/home/qwamjoow/virtualenv/massenger.reservira.ir/3.11/lib64/python3.11/site-packages/sqlalchemy/orm/loading.py", line 694, in load_on_pk_identity
    session.execute(
  File "/home/qwamjoow/virtualenv/massenger.reservira.ir/3.11/lib64/python3.11/site-packages/sqlalchemy/orm/session.py", line 2362, in execute
    return self._execute_internal(
           ^^^^^^^^^^^^^^^^^^^^^^^
  File "/home/qwamjoow/virtualenv/massenger.reservira.ir/3.11/lib64/python3.11/site-packages/sqlalchemy/orm/session.py", line 2226, in _execute_internal
    ) = compile_state_cls.orm_pre_session_exec(
        ^^^^^^^^^^^^^^^^^^^^^^^^^^^^^^^^^^^^^^^
  File "/home/qwamjoow/virtualenv/massenger.reservira.ir/3.11/lib64/python3.11/site-packages/sqlalchemy/orm/context.py", line 561, in orm_pre_session_exec
    session._autoflush()
  File "/home/qwamjoow/virtualenv/massenger.reservira.ir/3.11/lib64/python3.11/site-packages/sqlalchemy/orm/session.py", line 3061, in _autoflush
    raise e.with_traceback(sys.exc_info()[2])
  File "/home/qwamjoow/virtualenv/massenger.reservira.ir/3.11/lib64/python3.11/site-packages/sqlalchemy/orm/session.py", line 3050, in _autoflush
    self.flush()
  File "/home/qwamjoow/virtualenv/massenger.reservira.ir/3.11/lib64/python3.11/site-packages/sqlalchemy/orm/session.py", line 4352, in flush
    self._flush(objects)
  File "/home/qwamjoow/virtualenv/massenger.reservira.ir/3.11/lib64/python3.11/site-packages/sqlalchemy/orm/session.py", line 4487, in _flush
    with util.safe_reraise():
  File "/home/qwamjoow/virtualenv/massenger.reservira.ir/3.11/lib64/python3.11/site-packages/sqlalchemy/util/langhelpers.py", line 146, in __exit__
    raise exc_value.with_traceback(exc_tb)
  File "/home/qwamjoow/virtualenv/massenger.reservira.ir/3.11/lib64/python3.11/site-packages/sqlalchemy/orm/session.py", line 4448, in _flush
    flush_context.execute()
  File "/home/qwamjoow/virtualenv/massenger.reservira.ir/3.11/lib64/python3.11/site-packages/sqlalchemy/orm/unitofwork.py", line 466, in execute
    rec.execute(self)
  File "/home/qwamjoow/virtualenv/massenger.reservira.ir/3.11/lib64/python3.11/site-packages/sqlalchemy/orm/unitofwork.py", line 642, in execute
    util.preloaded.orm_persistence.save_obj(
  File "/home/qwamjoow/virtualenv/massenger.reservira.ir/3.11/lib64/python3.11/site-packages/sqlalchemy/orm/persistence.py", line 93, in save_obj
    _emit_insert_statements(
  File "/home/qwamjoow/virtualenv/massenger.reservira.ir/3.11/lib64/python3.11/site-packages/sqlalchemy/orm/persistence.py", line 1233, in _emit_insert_statements
    result = connection.execute(
             ^^^^^^^^^^^^^^^^^^^
  File "/home/qwamjoow/virtualenv/massenger.reservira.ir/3.11/lib64/python3.11/site-packages/sqlalchemy/engine/base.py", line 1418, in execute
    return meth(
           ^^^^^
  File "/home/qwamjoow/virtualenv/massenger.reservira.ir/3.11/lib64/python3.11/site-packages/sqlalchemy/sql/elements.py", line 515, in _execute_on_connection
    return connection._execute_clauseelement(
           ^^^^^^^^^^^^^^^^^^^^^^^^^^^^^^^^^^
  File "/home/qwamjoow/virtualenv/massenger.reservira.ir/3.11/lib64/python3.11/site-packages/sqlalchemy/engine/base.py", line 1640, in _execute_clauseelement
    ret = self._execute_context(
          ^^^^^^^^^^^^^^^^^^^^^^
  File "/home/qwamjoow/virtualenv/massenger.reservira.ir/3.11/lib64/python3.11/site-packages/sqlalchemy/engine/base.py", line 1846, in _execute_context
    return self._exec_single_context(
           ^^^^^^^^^^^^^^^^^^^^^^^^^^
  File "/home/qwamjoow/virtualenv/massenger.reservira.ir/3.11/lib64/python3.11/site-packages/sqlalchemy/engine/base.py", line 1986, in _exec_single_context
    self._handle_dbapi_exception(
  File "/home/qwamjoow/virtualenv/massenger.reservira.ir/3.11/lib64/python3.11/site-packages/sqlalchemy/engine/base.py", line 2355, in _handle_dbapi_exception
    raise sqlalchemy_exception.with_traceback(exc_info[2]) from e
  File "/home/qwamjoow/virtualenv/massenger.reservira.ir/3.11/lib64/python3.11/site-packages/sqlalchemy/engine/base.py", line 1967, in _exec_single_context
    self.dialect.do_execute(
  File "/home/qwamjoow/virtualenv/massenger.reservira.ir/3.11/lib64/python3.11/site-packages/sqlalchemy/engine/default.py", line 941, in do_execute
    cursor.execute(statement, parameters)
  File "/home/qwamjoow/virtualenv/massenger.reservira.ir/3.11/lib/python3.11/site-packages/pymysql/cursors.py", line 153, in execute
    result = self._query(query)
             ^^^^^^^^^^^^^^^^^^
  File "/home/qwamjoow/virtualenv/massenger.reservira.ir/3.11/lib/python3.11/site-packages/pymysql/cursors.py", line 322, in _query
    conn.query(q)
  File "/home/qwamjoow/virtualenv/massenger.reservira.ir/3.11/lib/python3.11/site-packages/pymysql/connections.py", line 563, in query
    self._affected_rows = self._read_query_result(unbuffered=unbuffered)
                          ^^^^^^^^^^^^^^^^^^^^^^^^^^^^^^^^^^^^^^^^^^^^^^
  File "/home/qwamjoow/virtualenv/massenger.reservira.ir/3.11/lib/python3.11/site-packages/pymysql/connections.py", line 825, in _read_query_result
    result.read()
  File "/home/qwamjoow/virtualenv/massenger.reservira.ir/3.11/lib/python3.11/site-packages/pymysql/connections.py", line 1199, in read
    first_packet = self.connection._read_packet()
                   ^^^^^^^^^^^^^^^^^^^^^^^^^^^^^^
  File "/home/qwamjoow/virtualenv/massenger.reservira.ir/3.11/lib/python3.11/site-packages/pymysql/connections.py", line 775, in _read_packet
    packet.raise_for_error()
  File "/home/qwamjoow/virtualenv/massenger.reservira.ir/3.11/lib/python3.11/site-packages/pymysql/protocol.py", line 219, in raise_for_error
    err.raise_mysql_exception(self._data)
  File "/home/qwamjoow/virtualenv/massenger.reservira.ir/3.11/lib/python3.11/site-packages/pymysql/err.py", line 150, in raise_mysql_exception
    raise errorclass(errno, errval)
sqlalchemy.exc.IntegrityError: (raised as a result of Query-invoked autoflush; consider using a session.no_autoflush block if this flush is occurring prematurely)
(pymysql.err.IntegrityError) (1062, "Duplicate entry 'b81c581d-9ecf-4a6c-be59-7ae2e255f3d3-3c87f76e-4ba0-470b-8849-317' for key 'message_statuses.uq_message_status'")
[SQL: INSERT INTO message_statuses (id, message_id, user_id, status, delivered_at, read_at, created_at) VALUES (%(id)s, %(message_id)s, %(user_id)s, %(status)s, %(delivered_at)s, %(read_at)s, %(created_at)s)]
[parameters: {'id': 'c4bb83bc-5228-4302-87bd-5c10875bafe9', 'message_id': 'b81c581d-9ecf-4a6c-be59-7ae2e255f3d3', 'user_id': '3c87f76e-4ba0-470b-8849-31739d6280ab', 'status': 'delivered', 'delivered_at': datetime.datetime(2026, 9, 14, 9, 16, 7, 69296), 'read_at': None, 'created_at': datetime.datetime(2026, 9, 14, 9, 16, 7, 74871)}]
(Background on this error at: https://sqlalche.me/e/20/gkpj)
[2026-09-14 12:46:09,979] ERROR in app: Exception on /api/v1/messages/5a55ce54-bbe9-421d-adab-9528d0ae3ff1 [GET]
Traceback (most recent call last):
  File "/home/qwamjoow/virtualenv/massenger.reservira.ir/3.11/lib64/python3.11/site-packages/sqlalchemy/engine/base.py", line 1967, in _exec_single_context
    self.dialect.do_execute(
  File "/home/qwamjoow/virtualenv/massenger.reservira.ir/3.11/lib64/python3.11/site-packages/sqlalchemy/engine/default.py", line 941, in do_execute
    cursor.execute(statement, parameters)
  File "/home/qwamjoow/virtualenv/massenger.reservira.ir/3.11/lib/python3.11/site-packages/pymysql/cursors.py", line 153, in execute
    result = self._query(query)
             ^^^^^^^^^^^^^^^^^^
  File "/home/qwamjoow/virtualenv/massenger.reservira.ir/3.11/lib/python3.11/site-packages/pymysql/cursors.py", line 322, in _query
    conn.query(q)
  File "/home/qwamjoow/virtualenv/massenger.reservira.ir/3.11/lib/python3.11/site-packages/pymysql/connections.py", line 563, in query
    self._affected_rows = self._read_query_result(unbuffered=unbuffered)
                          ^^^^^^^^^^^^^^^^^^^^^^^^^^^^^^^^^^^^^^^^^^^^^^
  File "/home/qwamjoow/virtualenv/massenger.reservira.ir/3.11/lib/python3.11/site-packages/pymysql/connections.py", line 825, in _read_query_result
    result.read()
  File "/home/qwamjoow/virtualenv/massenger.reservira.ir/3.11/lib/python3.11/site-packages/pymysql/connections.py", line 1199, in read
    first_packet = self.connection._read_packet()
                   ^^^^^^^^^^^^^^^^^^^^^^^^^^^^^^
  File "/home/qwamjoow/virtualenv/massenger.reservira.ir/3.11/lib/python3.11/site-packages/pymysql/connections.py", line 775, in _read_packet
    packet.raise_for_error()
  File "/home/qwamjoow/virtualenv/massenger.reservira.ir/3.11/lib/python3.11/site-packages/pymysql/protocol.py", line 219, in raise_for_error
    err.raise_mysql_exception(self._data)
  File "/home/qwamjoow/virtualenv/massenger.reservira.ir/3.11/lib/python3.11/site-packages/pymysql/err.py", line 150, in raise_mysql_exception
    raise errorclass(errno, errval)
pymysql.err.IntegrityError: (1062, "Duplicate entry 'b81c581d-9ecf-4a6c-be59-7ae2e255f3d3-3c87f76e-4ba0-470b-8849-317' for key 'message_statuses.uq_message_status'")

The above exception was the direct cause of the following exception:

Traceback (most recent call last):
  File "/home/qwamjoow/virtualenv/massenger.reservira.ir/3.11/lib/python3.11/site-packages/flask/app.py", line 1473, in wsgi_app
    response = self.full_dispatch_request()
               ^^^^^^^^^^^^^^^^^^^^^^^^^^^^
  File "/home/qwamjoow/virtualenv/massenger.reservira.ir/3.11/lib/python3.11/site-packages/flask/app.py", line 882, in full_dispatch_request
    rv = self.handle_user_exception(e)
         ^^^^^^^^^^^^^^^^^^^^^^^^^^^^^
  File "/home/qwamjoow/virtualenv/massenger.reservira.ir/3.11/lib/python3.11/site-packages/flask_cors/extension.py", line 178, in wrapped_function
    return cors_after_request(app.make_response(f(*args, **kwargs)))
                                                ^^^^^^^^^^^^^^^^^^
  File "/home/qwamjoow/virtualenv/massenger.reservira.ir/3.11/lib/python3.11/site-packages/flask/app.py", line 880, in full_dispatch_request
    rv = self.dispatch_request()
         ^^^^^^^^^^^^^^^^^^^^^^^
  File "/home/qwamjoow/virtualenv/massenger.reservira.ir/3.11/lib/python3.11/site-packages/flask/app.py", line 865, in dispatch_request
    return self.ensure_sync(self.view_functions[rule.endpoint])(**view_args)  # type: ignore[no-any-return]
           ^^^^^^^^^^^^^^^^^^^^^^^^^^^^^^^^^^^^^^^^^^^^^^^^^^^^^^^^^^^^^^^^^
  File "/home/qwamjoow/virtualenv/massenger.reservira.ir/3.11/lib/python3.11/site-packages/flask_jwt_extended/view_decorators.py", line 170, in decorator
    return current_app.ensure_sync(fn)(*args, **kwargs)
           ^^^^^^^^^^^^^^^^^^^^^^^^^^^^^^^^^^^^^^^^^^^^
  File "/home/qwamjoow/massenger.reservira.ir/app/api/messages.py", line 81, in get_messages
    dispatch_scheduled_messages(chat_id)
  File "/home/qwamjoow/massenger.reservira.ir/app/api/messages.py", line 53, in dispatch_scheduled_messages
    chat = db.session.get(Chat, msg.chat_id)
           ^^^^^^^^^^^^^^^^^^^^^^^^^^^^^^^^^
  File "/home/qwamjoow/virtualenv/massenger.reservira.ir/3.11/lib64/python3.11/site-packages/sqlalchemy/orm/scoping.py", line 1060, in get
    return self._proxied.get(
           ^^^^^^^^^^^^^^^^^^
  File "/home/qwamjoow/virtualenv/massenger.reservira.ir/3.11/lib64/python3.11/site-packages/sqlalchemy/orm/session.py", line 3693, in get
    return self._get_impl(
           ^^^^^^^^^^^^^^^
  File "/home/qwamjoow/virtualenv/massenger.reservira.ir/3.11/lib64/python3.11/site-packages/sqlalchemy/orm/session.py", line 3873, in _get_impl
    return db_load_fn(
           ^^^^^^^^^^^
  File "/home/qwamjoow/virtualenv/massenger.reservira.ir/3.11/lib64/python3.11/site-packages/sqlalchemy/orm/loading.py", line 694, in load_on_pk_identity
    session.execute(
  File "/home/qwamjoow/virtualenv/massenger.reservira.ir/3.11/lib64/python3.11/site-packages/sqlalchemy/orm/session.py", line 2362, in execute
    return self._execute_internal(
           ^^^^^^^^^^^^^^^^^^^^^^^
  File "/home/qwamjoow/virtualenv/massenger.reservira.ir/3.11/lib64/python3.11/site-packages/sqlalchemy/orm/session.py", line 2226, in _execute_internal
    ) = compile_state_cls.orm_pre_session_exec(
        ^^^^^^^^^^^^^^^^^^^^^^^^^^^^^^^^^^^^^^^
  File "/home/qwamjoow/virtualenv/massenger.reservira.ir/3.11/lib64/python3.11/site-packages/sqlalchemy/orm/context.py", line 561, in orm_pre_session_exec
    session._autoflush()
  File "/home/qwamjoow/virtualenv/massenger.reservira.ir/3.11/lib64/python3.11/site-packages/sqlalchemy/orm/session.py", line 3061, in _autoflush
    raise e.with_traceback(sys.exc_info()[2])
  File "/home/qwamjoow/virtualenv/massenger.reservira.ir/3.11/lib64/python3.11/site-packages/sqlalchemy/orm/session.py", line 3050, in _autoflush
    self.flush()
  File "/home/qwamjoow/virtualenv/massenger.reservira.ir/3.11/lib64/python3.11/site-packages/sqlalchemy/orm/session.py", line 4352, in flush
    self._flush(objects)
  File "/home/qwamjoow/virtualenv/massenger.reservira.ir/3.11/lib64/python3.11/site-packages/sqlalchemy/orm/session.py", line 4487, in _flush
    with util.safe_reraise():
  File "/home/qwamjoow/virtualenv/massenger.reservira.ir/3.11/lib64/python3.11/site-packages/sqlalchemy/util/langhelpers.py", line 146, in __exit__
    raise exc_value.with_traceback(exc_tb)
  File "/home/qwamjoow/virtualenv/massenger.reservira.ir/3.11/lib64/python3.11/site-packages/sqlalchemy/orm/session.py", line 4448, in _flush
    flush_context.execute()
  File "/home/qwamjoow/virtualenv/massenger.reservira.ir/3.11/lib64/python3.11/site-packages/sqlalchemy/orm/unitofwork.py", line 466, in execute
    rec.execute(self)
  File "/home/qwamjoow/virtualenv/massenger.reservira.ir/3.11/lib64/python3.11/site-packages/sqlalchemy/orm/unitofwork.py", line 642, in execute
    util.preloaded.orm_persistence.save_obj(
  File "/home/qwamjoow/virtualenv/massenger.reservira.ir/3.11/lib64/python3.11/site-packages/sqlalchemy/orm/persistence.py", line 93, in save_obj
    _emit_insert_statements(
  File "/home/qwamjoow/virtualenv/massenger.reservira.ir/3.11/lib64/python3.11/site-packages/sqlalchemy/orm/persistence.py", line 1233, in _emit_insert_statements
    result = connection.execute(
             ^^^^^^^^^^^^^^^^^^^
  File "/home/qwamjoow/virtualenv/massenger.reservira.ir/3.11/lib64/python3.11/site-packages/sqlalchemy/engine/base.py", line 1418, in execute
    return meth(
           ^^^^^
  File "/home/qwamjoow/virtualenv/massenger.reservira.ir/3.11/lib64/python3.11/site-packages/sqlalchemy/sql/elements.py", line 515, in _execute_on_connection
    return connection._execute_clauseelement(
           ^^^^^^^^^^^^^^^^^^^^^^^^^^^^^^^^^^
  File "/home/qwamjoow/virtualenv/massenger.reservira.ir/3.11/lib64/python3.11/site-packages/sqlalchemy/engine/base.py", line 1640, in _execute_clauseelement
    ret = self._execute_context(
          ^^^^^^^^^^^^^^^^^^^^^^
  File "/home/qwamjoow/virtualenv/massenger.reservira.ir/3.11/lib64/python3.11/site-packages/sqlalchemy/engine/base.py", line 1846, in _execute_context
    return self._exec_single_context(
           ^^^^^^^^^^^^^^^^^^^^^^^^^^
  File "/home/qwamjoow/virtualenv/massenger.reservira.ir/3.11/lib64/python3.11/site-packages/sqlalchemy/engine/base.py", line 1986, in _exec_single_context
    self._handle_dbapi_exception(
  File "/home/qwamjoow/virtualenv/massenger.reservira.ir/3.11/lib64/python3.11/site-packages/sqlalchemy/engine/base.py", line 2355, in _handle_dbapi_exception
    raise sqlalchemy_exception.with_traceback(exc_info[2]) from e
  File "/home/qwamjoow/virtualenv/massenger.reservira.ir/3.11/lib64/python3.11/site-packages/sqlalchemy/engine/base.py", line 1967, in _exec_single_context
    self.dialect.do_execute(
  File "/home/qwamjoow/virtualenv/massenger.reservira.ir/3.11/lib64/python3.11/site-packages/sqlalchemy/engine/default.py", line 941, in do_execute
    cursor.execute(statement, parameters)
  File "/home/qwamjoow/virtualenv/massenger.reservira.ir/3.11/lib/python3.11/site-packages/pymysql/cursors.py", line 153, in execute
    result = self._query(query)
             ^^^^^^^^^^^^^^^^^^
  File "/home/qwamjoow/virtualenv/massenger.reservira.ir/3.11/lib/python3.11/site-packages/pymysql/cursors.py", line 322, in _query
    conn.query(q)
  File "/home/qwamjoow/virtualenv/massenger.reservira.ir/3.11/lib/python3.11/site-packages/pymysql/connections.py", line 563, in query
    self._affected_rows = self._read_query_result(unbuffered=unbuffered)
                          ^^^^^^^^^^^^^^^^^^^^^^^^^^^^^^^^^^^^^^^^^^^^^^
  File "/home/qwamjoow/virtualenv/massenger.reservira.ir/3.11/lib/python3.11/site-packages/pymysql/connections.py", line 825, in _read_query_result
    result.read()
  File "/home/qwamjoow/virtualenv/massenger.reservira.ir/3.11/lib/python3.11/site-packages/pymysql/connections.py", line 1199, in read
    first_packet = self.connection._read_packet()
                   ^^^^^^^^^^^^^^^^^^^^^^^^^^^^^^
  File "/home/qwamjoow/virtualenv/massenger.reservira.ir/3.11/lib/python3.11/site-packages/pymysql/connections.py", line 775, in _read_packet
    packet.raise_for_error()
  File "/home/qwamjoow/virtualenv/massenger.reservira.ir/3.11/lib/python3.11/site-packages/pymysql/protocol.py", line 219, in raise_for_error
    err.raise_mysql_exception(self._data)
  File "/home/qwamjoow/virtualenv/massenger.reservira.ir/3.11/lib/python3.11/site-packages/pymysql/err.py", line 150, in raise_mysql_exception
    raise errorclass(errno, errval)
sqlalchemy.exc.IntegrityError: (raised as a result of Query-invoked autoflush; consider using a session.no_autoflush block if this flush is occurring prematurely)
(pymysql.err.IntegrityError) (1062, "Duplicate entry 'b81c581d-9ecf-4a6c-be59-7ae2e255f3d3-3c87f76e-4ba0-470b-8849-317' for key 'message_statuses.uq_message_status'")
[SQL: INSERT INTO message_statuses (id, message_id, user_id, status, delivered_at, read_at, created_at) VALUES (%(id)s, %(message_id)s, %(user_id)s, %(status)s, %(delivered_at)s, %(read_at)s, %(created_at)s)]
[parameters: {'id': 'cc0d6ab8-d5b8-47d0-b13a-cf283a2f5f58', 'message_id': 'b81c581d-9ecf-4a6c-be59-7ae2e255f3d3', 'user_id': '3c87f76e-4ba0-470b-8849-31739d6280ab', 'status': 'delivered', 'delivered_at': datetime.datetime(2026, 9, 14, 9, 16, 9, 954471), 'read_at': None, 'created_at': datetime.datetime(2026, 9, 14, 9, 16, 9, 966414)}]
(Background on this error at: https://sqlalche.me/e/20/gkpj)
[2026-09-14 12:46:10,047] ERROR in app: Exception on /api/v1/messages/5a55ce54-bbe9-421d-adab-9528d0ae3ff1 [GET]
Traceback (most recent call last):
  File "/home/qwamjoow/virtualenv/massenger.reservira.ir/3.11/lib64/python3.11/site-packages/sqlalchemy/engine/base.py", line 1967, in _exec_single_context
    self.dialect.do_execute(
  File "/home/qwamjoow/virtualenv/massenger.reservira.ir/3.11/lib64/python3.11/site-packages/sqlalchemy/engine/default.py", line 941, in do_execute
    cursor.execute(statement, parameters)
  File "/home/qwamjoow/virtualenv/massenger.reservira.ir/3.11/lib/python3.11/site-packages/pymysql/cursors.py", line 153, in execute
    result = self._query(query)
             ^^^^^^^^^^^^^^^^^^
  File "/home/qwamjoow/virtualenv/massenger.reservira.ir/3.11/lib/python3.11/site-packages/pymysql/cursors.py", line 322, in _query
    conn.query(q)
  File "/home/qwamjoow/virtualenv/massenger.reservira.ir/3.11/lib/python3.11/site-packages/pymysql/connections.py", line 563, in query
    self._affected_rows = self._read_query_result(unbuffered=unbuffered)
                          ^^^^^^^^^^^^^^^^^^^^^^^^^^^^^^^^^^^^^^^^^^^^^^
  File "/home/qwamjoow/virtualenv/massenger.reservira.ir/3.11/lib/python3.11/site-packages/pymysql/connections.py", line 825, in _read_query_result
    result.read()
  File "/home/qwamjoow/virtualenv/massenger.reservira.ir/3.11/lib/python3.11/site-packages/pymysql/connections.py", line 1199, in read
    first_packet = self.connection._read_packet()
                   ^^^^^^^^^^^^^^^^^^^^^^^^^^^^^^
  File "/home/qwamjoow/virtualenv/massenger.reservira.ir/3.11/lib/python3.11/site-packages/pymysql/connections.py", line 775, in _read_packet
    packet.raise_for_error()
  File "/home/qwamjoow/virtualenv/massenger.reservira.ir/3.11/lib/python3.11/site-packages/pymysql/protocol.py", line 219, in raise_for_error
    err.raise_mysql_exception(self._data)
  File "/home/qwamjoow/virtualenv/massenger.reservira.ir/3.11/lib/python3.11/site-packages/pymysql/err.py", line 150, in raise_mysql_exception
    raise errorclass(errno, errval)
pymysql.err.IntegrityError: (1062, "Duplicate entry 'b81c581d-9ecf-4a6c-be59-7ae2e255f3d3-3c87f76e-4ba0-470b-8849-317' for key 'message_statuses.uq_message_status'")

The above exception was the direct cause of the following exception:

Traceback (most recent call last):
  File "/home/qwamjoow/virtualenv/massenger.reservira.ir/3.11/lib/python3.11/site-packages/flask/app.py", line 1473, in wsgi_app
    response = self.full_dispatch_request()
               ^^^^^^^^^^^^^^^^^^^^^^^^^^^^
  File "/home/qwamjoow/virtualenv/massenger.reservira.ir/3.11/lib/python3.11/site-packages/flask/app.py", line 882, in full_dispatch_request
    rv = self.handle_user_exception(e)
         ^^^^^^^^^^^^^^^^^^^^^^^^^^^^^
  File "/home/qwamjoow/virtualenv/massenger.reservira.ir/3.11/lib/python3.11/site-packages/flask_cors/extension.py", line 178, in wrapped_function
    return cors_after_request(app.make_response(f(*args, **kwargs)))
                                                ^^^^^^^^^^^^^^^^^^
  File "/home/qwamjoow/virtualenv/massenger.reservira.ir/3.11/lib/python3.11/site-packages/flask/app.py", line 880, in full_dispatch_request
    rv = self.dispatch_request()
         ^^^^^^^^^^^^^^^^^^^^^^^
  File "/home/qwamjoow/virtualenv/massenger.reservira.ir/3.11/lib/python3.11/site-packages/flask/app.py", line 865, in dispatch_request
    return self.ensure_sync(self.view_functions[rule.endpoint])(**view_args)  # type: ignore[no-any-return]
           ^^^^^^^^^^^^^^^^^^^^^^^^^^^^^^^^^^^^^^^^^^^^^^^^^^^^^^^^^^^^^^^^^
  File "/home/qwamjoow/virtualenv/massenger.reservira.ir/3.11/lib/python3.11/site-packages/flask_jwt_extended/view_decorators.py", line 170, in decorator
    return current_app.ensure_sync(fn)(*args, **kwargs)
           ^^^^^^^^^^^^^^^^^^^^^^^^^^^^^^^^^^^^^^^^^^^^
  File "/home/qwamjoow/massenger.reservira.ir/app/api/messages.py", line 81, in get_messages
    dispatch_scheduled_messages(chat_id)
  File "/home/qwamjoow/massenger.reservira.ir/app/api/messages.py", line 53, in dispatch_scheduled_messages
    chat = db.session.get(Chat, msg.chat_id)
           ^^^^^^^^^^^^^^^^^^^^^^^^^^^^^^^^^
  File "/home/qwamjoow/virtualenv/massenger.reservira.ir/3.11/lib64/python3.11/site-packages/sqlalchemy/orm/scoping.py", line 1060, in get
    return self._proxied.get(
           ^^^^^^^^^^^^^^^^^^
  File "/home/qwamjoow/virtualenv/massenger.reservira.ir/3.11/lib64/python3.11/site-packages/sqlalchemy/orm/session.py", line 3693, in get
    return self._get_impl(
           ^^^^^^^^^^^^^^^
  File "/home/qwamjoow/virtualenv/massenger.reservira.ir/3.11/lib64/python3.11/site-packages/sqlalchemy/orm/session.py", line 3873, in _get_impl
    return db_load_fn(
           ^^^^^^^^^^^
  File "/home/qwamjoow/virtualenv/massenger.reservira.ir/3.11/lib64/python3.11/site-packages/sqlalchemy/orm/loading.py", line 694, in load_on_pk_identity
    session.execute(
  File "/home/qwamjoow/virtualenv/massenger.reservira.ir/3.11/lib64/python3.11/site-packages/sqlalchemy/orm/session.py", line 2362, in execute
    return self._execute_internal(
           ^^^^^^^^^^^^^^^^^^^^^^^
  File "/home/qwamjoow/virtualenv/massenger.reservira.ir/3.11/lib64/python3.11/site-packages/sqlalchemy/orm/session.py", line 2226, in _execute_internal
    ) = compile_state_cls.orm_pre_session_exec(
        ^^^^^^^^^^^^^^^^^^^^^^^^^^^^^^^^^^^^^^^
  File "/home/qwamjoow/virtualenv/massenger.reservira.ir/3.11/lib64/python3.11/site-packages/sqlalchemy/orm/context.py", line 561, in orm_pre_session_exec
    session._autoflush()
  File "/home/qwamjoow/virtualenv/massenger.reservira.ir/3.11/lib64/python3.11/site-packages/sqlalchemy/orm/session.py", line 3061, in _autoflush
    raise e.with_traceback(sys.exc_info()[2])
  File "/home/qwamjoow/virtualenv/massenger.reservira.ir/3.11/lib64/python3.11/site-packages/sqlalchemy/orm/session.py", line 3050, in _autoflush
    self.flush()
  File "/home/qwamjoow/virtualenv/massenger.reservira.ir/3.11/lib64/python3.11/site-packages/sqlalchemy/orm/session.py", line 4352, in flush
    self._flush(objects)
  File "/home/qwamjoow/virtualenv/massenger.reservira.ir/3.11/lib64/python3.11/site-packages/sqlalchemy/orm/session.py", line 4487, in _flush
    with util.safe_reraise():
  File "/home/qwamjoow/virtualenv/massenger.reservira.ir/3.11/lib64/python3.11/site-packages/sqlalchemy/util/langhelpers.py", line 146, in __exit__
    raise exc_value.with_traceback(exc_tb)
  File "/home/qwamjoow/virtualenv/massenger.reservira.ir/3.11/lib64/python3.11/site-packages/sqlalchemy/orm/session.py", line 4448, in _flush
    flush_context.execute()
  File "/home/qwamjoow/virtualenv/massenger.reservira.ir/3.11/lib64/python3.11/site-packages/sqlalchemy/orm/unitofwork.py", line 466, in execute
    rec.execute(self)
  File "/home/qwamjoow/virtualenv/massenger.reservira.ir/3.11/lib64/python3.11/site-packages/sqlalchemy/orm/unitofwork.py", line 642, in execute
    util.preloaded.orm_persistence.save_obj(
  File "/home/qwamjoow/virtualenv/massenger.reservira.ir/3.11/lib64/python3.11/site-packages/sqlalchemy/orm/persistence.py", line 93, in save_obj
    _emit_insert_statements(
  File "/home/qwamjoow/virtualenv/massenger.reservira.ir/3.11/lib64/python3.11/site-packages/sqlalchemy/orm/persistence.py", line 1233, in _emit_insert_statements
    result = connection.execute(
             ^^^^^^^^^^^^^^^^^^^
  File "/home/qwamjoow/virtualenv/massenger.reservira.ir/3.11/lib64/python3.11/site-packages/sqlalchemy/engine/base.py", line 1418, in execute
    return meth(
           ^^^^^
  File "/home/qwamjoow/virtualenv/massenger.reservira.ir/3.11/lib64/python3.11/site-packages/sqlalchemy/sql/elements.py", line 515, in _execute_on_connection
    return connection._execute_clauseelement(
           ^^^^^^^^^^^^^^^^^^^^^^^^^^^^^^^^^^
  File "/home/qwamjoow/virtualenv/massenger.reservira.ir/3.11/lib64/python3.11/site-packages/sqlalchemy/engine/base.py", line 1640, in _execute_clauseelement
    ret = self._execute_context(
          ^^^^^^^^^^^^^^^^^^^^^^
  File "/home/qwamjoow/virtualenv/massenger.reservira.ir/3.11/lib64/python3.11/site-packages/sqlalchemy/engine/base.py", line 1846, in _execute_context
    return self._exec_single_context(
           ^^^^^^^^^^^^^^^^^^^^^^^^^^
  File "/home/qwamjoow/virtualenv/massenger.reservira.ir/3.11/lib64/python3.11/site-packages/sqlalchemy/engine/base.py", line 1986, in _exec_single_context
    self._handle_dbapi_exception(
  File "/home/qwamjoow/virtualenv/massenger.reservira.ir/3.11/lib64/python3.11/site-packages/sqlalchemy/engine/base.py", line 2355, in _handle_dbapi_exception
    raise sqlalchemy_exception.with_traceback(exc_info[2]) from e
  File "/home/qwamjoow/virtualenv/massenger.reservira.ir/3.11/lib64/python3.11/site-packages/sqlalchemy/engine/base.py", line 1967, in _exec_single_context
    self.dialect.do_execute(
  File "/home/qwamjoow/virtualenv/massenger.reservira.ir/3.11/lib64/python3.11/site-packages/sqlalchemy/engine/default.py", line 941, in do_execute
    cursor.execute(statement, parameters)
  File "/home/qwamjoow/virtualenv/massenger.reservira.ir/3.11/lib/python3.11/site-packages/pymysql/cursors.py", line 153, in execute
    result = self._query(query)
             ^^^^^^^^^^^^^^^^^^
  File "/home/qwamjoow/virtualenv/massenger.reservira.ir/3.11/lib/python3.11/site-packages/pymysql/cursors.py", line 322, in _query
    conn.query(q)
  File "/home/qwamjoow/virtualenv/massenger.reservira.ir/3.11/lib/python3.11/site-packages/pymysql/connections.py", line 563, in query
    self._affected_rows = self._read_query_result(unbuffered=unbuffered)
                          ^^^^^^^^^^^^^^^^^^^^^^^^^^^^^^^^^^^^^^^^^^^^^^
  File "/home/qwamjoow/virtualenv/massenger.reservira.ir/3.11/lib/python3.11/site-packages/pymysql/connections.py", line 825, in _read_query_result
    result.read()
  File "/home/qwamjoow/virtualenv/massenger.reservira.ir/3.11/lib/python3.11/site-packages/pymysql/connections.py", line 1199, in read
    first_packet = self.connection._read_packet()
                   ^^^^^^^^^^^^^^^^^^^^^^^^^^^^^^
  File "/home/qwamjoow/virtualenv/massenger.reservira.ir/3.11/lib/python3.11/site-packages/pymysql/connections.py", line 775, in _read_packet
    packet.raise_for_error()
  File "/home/qwamjoow/virtualenv/massenger.reservira.ir/3.11/lib/python3.11/site-packages/pymysql/protocol.py", line 219, in raise_for_error
    err.raise_mysql_exception(self._data)
  File "/home/qwamjoow/virtualenv/massenger.reservira.ir/3.11/lib/python3.11/site-packages/pymysql/err.py", line 150, in raise_mysql_exception
    raise errorclass(errno, errval)
sqlalchemy.exc.IntegrityError: (raised as a result of Query-invoked autoflush; consider using a session.no_autoflush block if this flush is occurring prematurely)
(pymysql.err.IntegrityError) (1062, "Duplicate entry 'b81c581d-9ecf-4a6c-be59-7ae2e255f3d3-3c87f76e-4ba0-470b-8849-317' for key 'message_statuses.uq_message_status'")
[SQL: INSERT INTO message_statuses (id, message_id, user_id, status, delivered_at, read_at, created_at) VALUES (%(id)s, %(message_id)s, %(user_id)s, %(status)s, %(delivered_at)s, %(read_at)s, %(created_at)s)]
[parameters: {'id': '8f2a0742-d233-468a-988b-896a85ca8d6e', 'message_id': 'b81c581d-9ecf-4a6c-be59-7ae2e255f3d3', 'user_id': '3c87f76e-4ba0-470b-8849-31739d6280ab', 'status': 'delivered', 'delivered_at': datetime.datetime(2026, 9, 14, 9, 16, 10, 2746), 'read_at': None, 'created_at': datetime.datetime(2026, 9, 14, 9, 16, 10, 27652)}]
(Background on this error at: https://sqlalche.me/e/20/gkpj)
[2026-09-14 12:46:11,000] ERROR in app: Exception on /api/v1/messages/5a55ce54-bbe9-421d-adab-9528d0ae3ff1 [GET]
Traceback (most recent call last):
  File "/home/qwamjoow/virtualenv/massenger.reservira.ir/3.11/lib64/python3.11/site-packages/sqlalchemy/engine/base.py", line 1967, in _exec_single_context
    self.dialect.do_execute(
  File "/home/qwamjoow/virtualenv/massenger.reservira.ir/3.11/lib64/python3.11/site-packages/sqlalchemy/engine/default.py", line 941, in do_execute
    cursor.execute(statement, parameters)
  File "/home/qwamjoow/virtualenv/massenger.reservira.ir/3.11/lib/python3.11/site-packages/pymysql/cursors.py", line 153, in execute
    result = self._query(query)
             ^^^^^^^^^^^^^^^^^^
  File "/home/qwamjoow/virtualenv/massenger.reservira.ir/3.11/lib/python3.11/site-packages/pymysql/cursors.py", line 322, in _query
    conn.query(q)
  File "/home/qwamjoow/virtualenv/massenger.reservira.ir/3.11/lib/python3.11/site-packages/pymysql/connections.py", line 563, in query
    self._affected_rows = self._read_query_result(unbuffered=unbuffered)
                          ^^^^^^^^^^^^^^^^^^^^^^^^^^^^^^^^^^^^^^^^^^^^^^
  File "/home/qwamjoow/virtualenv/massenger.reservira.ir/3.11/lib/python3.11/site-packages/pymysql/connections.py", line 825, in _read_query_result
    result.read()
  File "/home/qwamjoow/virtualenv/massenger.reservira.ir/3.11/lib/python3.11/site-packages/pymysql/connections.py", line 1199, in read
    first_packet = self.connection._read_packet()
                   ^^^^^^^^^^^^^^^^^^^^^^^^^^^^^^
  File "/home/qwamjoow/virtualenv/massenger.reservira.ir/3.11/lib/python3.11/site-packages/pymysql/connections.py", line 775, in _read_packet
    packet.raise_for_error()
  File "/home/qwamjoow/virtualenv/massenger.reservira.ir/3.11/lib/python3.11/site-packages/pymysql/protocol.py", line 219, in raise_for_error
    err.raise_mysql_exception(self._data)
  File "/home/qwamjoow/virtualenv/massenger.reservira.ir/3.11/lib/python3.11/site-packages/pymysql/err.py", line 150, in raise_mysql_exception
    raise errorclass(errno, errval)
pymysql.err.IntegrityError: (1062, "Duplicate entry 'b81c581d-9ecf-4a6c-be59-7ae2e255f3d3-3c87f76e-4ba0-470b-8849-317' for key 'message_statuses.uq_message_status'")

The above exception was the direct cause of the following exception:

Traceback (most recent call last):
  File "/home/qwamjoow/virtualenv/massenger.reservira.ir/3.11/lib/python3.11/site-packages/flask/app.py", line 1473, in wsgi_app
    response = self.full_dispatch_request()
               ^^^^^^^^^^^^^^^^^^^^^^^^^^^^
  File "/home/qwamjoow/virtualenv/massenger.reservira.ir/3.11/lib/python3.11/site-packages/flask/app.py", line 882, in full_dispatch_request
    rv = self.handle_user_exception(e)
         ^^^^^^^^^^^^^^^^^^^^^^^^^^^^^
  File "/home/qwamjoow/virtualenv/massenger.reservira.ir/3.11/lib/python3.11/site-packages/flask_cors/extension.py", line 178, in wrapped_function
    return cors_after_request(app.make_response(f(*args, **kwargs)))
                                                ^^^^^^^^^^^^^^^^^^
  File "/home/qwamjoow/virtualenv/massenger.reservira.ir/3.11/lib/python3.11/site-packages/flask/app.py", line 880, in full_dispatch_request
    rv = self.dispatch_request()
         ^^^^^^^^^^^^^^^^^^^^^^^
  File "/home/qwamjoow/virtualenv/massenger.reservira.ir/3.11/lib/python3.11/site-packages/flask/app.py", line 865, in dispatch_request
    return self.ensure_sync(self.view_functions[rule.endpoint])(**view_args)  # type: ignore[no-any-return]
           ^^^^^^^^^^^^^^^^^^^^^^^^^^^^^^^^^^^^^^^^^^^^^^^^^^^^^^^^^^^^^^^^^
  File "/home/qwamjoow/virtualenv/massenger.reservira.ir/3.11/lib/python3.11/site-packages/flask_jwt_extended/view_decorators.py", line 170, in decorator
    return current_app.ensure_sync(fn)(*args, **kwargs)
           ^^^^^^^^^^^^^^^^^^^^^^^^^^^^^^^^^^^^^^^^^^^^
  File "/home/qwamjoow/massenger.reservira.ir/app/api/messages.py", line 81, in get_messages
    dispatch_scheduled_messages(chat_id)
  File "/home/qwamjoow/massenger.reservira.ir/app/api/messages.py", line 53, in dispatch_scheduled_messages
    chat = db.session.get(Chat, msg.chat_id)
           ^^^^^^^^^^^^^^^^^^^^^^^^^^^^^^^^^
  File "/home/qwamjoow/virtualenv/massenger.reservira.ir/3.11/lib64/python3.11/site-packages/sqlalchemy/orm/scoping.py", line 1060, in get
    return self._proxied.get(
           ^^^^^^^^^^^^^^^^^^
  File "/home/qwamjoow/virtualenv/massenger.reservira.ir/3.11/lib64/python3.11/site-packages/sqlalchemy/orm/session.py", line 3693, in get
    return self._get_impl(
           ^^^^^^^^^^^^^^^
  File "/home/qwamjoow/virtualenv/massenger.reservira.ir/3.11/lib64/python3.11/site-packages/sqlalchemy/orm/session.py", line 3873, in _get_impl
    return db_load_fn(
           ^^^^^^^^^^^
  File "/home/qwamjoow/virtualenv/massenger.reservira.ir/3.11/lib64/python3.11/site-packages/sqlalchemy/orm/loading.py", line 694, in load_on_pk_identity
    session.execute(
  File "/home/qwamjoow/virtualenv/massenger.reservira.ir/3.11/lib64/python3.11/site-packages/sqlalchemy/orm/session.py", line 2362, in execute
    return self._execute_internal(
           ^^^^^^^^^^^^^^^^^^^^^^^
  File "/home/qwamjoow/virtualenv/massenger.reservira.ir/3.11/lib64/python3.11/site-packages/sqlalchemy/orm/session.py", line 2226, in _execute_internal
    ) = compile_state_cls.orm_pre_session_exec(
        ^^^^^^^^^^^^^^^^^^^^^^^^^^^^^^^^^^^^^^^
  File "/home/qwamjoow/virtualenv/massenger.reservira.ir/3.11/lib64/python3.11/site-packages/sqlalchemy/orm/context.py", line 561, in orm_pre_session_exec
    session._autoflush()
  File "/home/qwamjoow/virtualenv/massenger.reservira.ir/3.11/lib64/python3.11/site-packages/sqlalchemy/orm/session.py", line 3061, in _autoflush
    raise e.with_traceback(sys.exc_info()[2])
  File "/home/qwamjoow/virtualenv/massenger.reservira.ir/3.11/lib64/python3.11/site-packages/sqlalchemy/orm/session.py", line 3050, in _autoflush
    self.flush()
  File "/home/qwamjoow/virtualenv/massenger.reservira.ir/3.11/lib64/python3.11/site-packages/sqlalchemy/orm/session.py", line 4352, in flush
    self._flush(objects)
  File "/home/qwamjoow/virtualenv/massenger.reservira.ir/3.11/lib64/python3.11/site-packages/sqlalchemy/orm/session.py", line 4487, in _flush
    with util.safe_reraise():
  File "/home/qwamjoow/virtualenv/massenger.reservira.ir/3.11/lib64/python3.11/site-packages/sqlalchemy/util/langhelpers.py", line 146, in __exit__
    raise exc_value.with_traceback(exc_tb)
  File "/home/qwamjoow/virtualenv/massenger.reservira.ir/3.11/lib64/python3.11/site-packages/sqlalchemy/orm/session.py", line 4448, in _flush
    flush_context.execute()
  File "/home/qwamjoow/virtualenv/massenger.reservira.ir/3.11/lib64/python3.11/site-packages/sqlalchemy/orm/unitofwork.py", line 466, in execute
    rec.execute(self)
  File "/home/qwamjoow/virtualenv/massenger.reservira.ir/3.11/lib64/python3.11/site-packages/sqlalchemy/orm/unitofwork.py", line 642, in execute
    util.preloaded.orm_persistence.save_obj(
  File "/home/qwamjoow/virtualenv/massenger.reservira.ir/3.11/lib64/python3.11/site-packages/sqlalchemy/orm/persistence.py", line 93, in save_obj
    _emit_insert_statements(
  File "/home/qwamjoow/virtualenv/massenger.reservira.ir/3.11/lib64/python3.11/site-packages/sqlalchemy/orm/persistence.py", line 1233, in _emit_insert_statements
    result = connection.execute(
             ^^^^^^^^^^^^^^^^^^^
  File "/home/qwamjoow/virtualenv/massenger.reservira.ir/3.11/lib64/python3.11/site-packages/sqlalchemy/engine/base.py", line 1418, in execute
    return meth(
           ^^^^^
  File "/home/qwamjoow/virtualenv/massenger.reservira.ir/3.11/lib64/python3.11/site-packages/sqlalchemy/sql/elements.py", line 515, in _execute_on_connection
    return connection._execute_clauseelement(
           ^^^^^^^^^^^^^^^^^^^^^^^^^^^^^^^^^^
  File "/home/qwamjoow/virtualenv/massenger.reservira.ir/3.11/lib64/python3.11/site-packages/sqlalchemy/engine/base.py", line 1640, in _execute_clauseelement
    ret = self._execute_context(
          ^^^^^^^^^^^^^^^^^^^^^^
  File "/home/qwamjoow/virtualenv/massenger.reservira.ir/3.11/lib64/python3.11/site-packages/sqlalchemy/engine/base.py", line 1846, in _execute_context
    return self._exec_single_context(
           ^^^^^^^^^^^^^^^^^^^^^^^^^^
  File "/home/qwamjoow/virtualenv/massenger.reservira.ir/3.11/lib64/python3.11/site-packages/sqlalchemy/engine/base.py", line 1986, in _exec_single_context
    self._handle_dbapi_exception(
  File "/home/qwamjoow/virtualenv/massenger.reservira.ir/3.11/lib64/python3.11/site-packages/sqlalchemy/engine/base.py", line 2355, in _handle_dbapi_exception
    raise sqlalchemy_exception.with_traceback(exc_info[2]) from e
  File "/home/qwamjoow/virtualenv/massenger.reservira.ir/3.11/lib64/python3.11/site-packages/sqlalchemy/engine/base.py", line 1967, in _exec_single_context
    self.dialect.do_execute(
  File "/home/qwamjoow/virtualenv/massenger.reservira.ir/3.11/lib64/python3.11/site-packages/sqlalchemy/engine/default.py", line 941, in do_execute
    cursor.execute(statement, parameters)
  File "/home/qwamjoow/virtualenv/massenger.reservira.ir/3.11/lib/python3.11/site-packages/pymysql/cursors.py", line 153, in execute
    result = self._query(query)
             ^^^^^^^^^^^^^^^^^^
  File "/home/qwamjoow/virtualenv/massenger.reservira.ir/3.11/lib/python3.11/site-packages/pymysql/cursors.py", line 322, in _query
    conn.query(q)
  File "/home/qwamjoow/virtualenv/massenger.reservira.ir/3.11/lib/python3.11/site-packages/pymysql/connections.py", line 563, in query
    self._affected_rows = self._read_query_result(unbuffered=unbuffered)
                          ^^^^^^^^^^^^^^^^^^^^^^^^^^^^^^^^^^^^^^^^^^^^^^
  File "/home/qwamjoow/virtualenv/massenger.reservira.ir/3.11/lib/python3.11/site-packages/pymysql/connections.py", line 825, in _read_query_result
    result.read()
  File "/home/qwamjoow/virtualenv/massenger.reservira.ir/3.11/lib/python3.11/site-packages/pymysql/connections.py", line 1199, in read
    first_packet = self.connection._read_packet()
                   ^^^^^^^^^^^^^^^^^^^^^^^^^^^^^^
  File "/home/qwamjoow/virtualenv/massenger.reservira.ir/3.11/lib/python3.11/site-packages/pymysql/connections.py", line 775, in _read_packet
    packet.raise_for_error()
  File "/home/qwamjoow/virtualenv/massenger.reservira.ir/3.11/lib/python3.11/site-packages/pymysql/protocol.py", line 219, in raise_for_error
    err.raise_mysql_exception(self._data)
  File "/home/qwamjoow/virtualenv/massenger.reservira.ir/3.11/lib/python3.11/site-packages/pymysql/err.py", line 150, in raise_mysql_exception
    raise errorclass(errno, errval)
sqlalchemy.exc.IntegrityError: (raised as a result of Query-invoked autoflush; consider using a session.no_autoflush block if this flush is occurring prematurely)
(pymysql.err.IntegrityError) (1062, "Duplicate entry 'b81c581d-9ecf-4a6c-be59-7ae2e255f3d3-3c87f76e-4ba0-470b-8849-317' for key 'message_statuses.uq_message_status'")
[SQL: INSERT INTO message_statuses (id, message_id, user_id, status, delivered_at, read_at, created_at) VALUES (%(id)s, %(message_id)s, %(user_id)s, %(status)s, %(delivered_at)s, %(read_at)s, %(created_at)s)]
[parameters: {'id': '0ba92f05-c02f-4a6b-9bb8-9a0116bf8aae', 'message_id': 'b81c581d-9ecf-4a6c-be59-7ae2e255f3d3', 'user_id': '3c87f76e-4ba0-470b-8849-31739d6280ab', 'status': 'delivered', 'delivered_at': datetime.datetime(2026, 9, 14, 9, 16, 10, 981340), 'read_at': None, 'created_at': datetime.datetime(2026, 9, 14, 9, 16, 10, 986981)}]
(Background on this error at: https://sqlalche.me/e/20/gkpj)
[2026-09-14 12:46:11,749] ERROR in app: Exception on /api/v1/messages/5a55ce54-bbe9-421d-adab-9528d0ae3ff1 [GET]
Traceback (most recent call last):
  File "/home/qwamjoow/virtualenv/massenger.reservira.ir/3.11/lib64/python3.11/site-packages/sqlalchemy/engine/base.py", line 1967, in _exec_single_context
    self.dialect.do_execute(
  File "/home/qwamjoow/virtualenv/massenger.reservira.ir/3.11/lib64/python3.11/site-packages/sqlalchemy/engine/default.py", line 941, in do_execute
    cursor.execute(statement, parameters)
  File "/home/qwamjoow/virtualenv/massenger.reservira.ir/3.11/lib/python3.11/site-packages/pymysql/cursors.py", line 153, in execute
    result = self._query(query)
             ^^^^^^^^^^^^^^^^^^
  File "/home/qwamjoow/virtualenv/massenger.reservira.ir/3.11/lib/python3.11/site-packages/pymysql/cursors.py", line 322, in _query
    conn.query(q)
  File "/home/qwamjoow/virtualenv/massenger.reservira.ir/3.11/lib/python3.11/site-packages/pymysql/connections.py", line 563, in query
    self._affected_rows = self._read_query_result(unbuffered=unbuffered)
                          ^^^^^^^^^^^^^^^^^^^^^^^^^^^^^^^^^^^^^^^^^^^^^^
  File "/home/qwamjoow/virtualenv/massenger.reservira.ir/3.11/lib/python3.11/site-packages/pymysql/connections.py", line 825, in _read_query_result
    result.read()
  File "/home/qwamjoow/virtualenv/massenger.reservira.ir/3.11/lib/python3.11/site-packages/pymysql/connections.py", line 1199, in read
    first_packet = self.connection._read_packet()
                   ^^^^^^^^^^^^^^^^^^^^^^^^^^^^^^
  File "/home/qwamjoow/virtualenv/massenger.reservira.ir/3.11/lib/python3.11/site-packages/pymysql/connections.py", line 775, in _read_packet
    packet.raise_for_error()
  File "/home/qwamjoow/virtualenv/massenger.reservira.ir/3.11/lib/python3.11/site-packages/pymysql/protocol.py", line 219, in raise_for_error
    err.raise_mysql_exception(self._data)
  File "/home/qwamjoow/virtualenv/massenger.reservira.ir/3.11/lib/python3.11/site-packages/pymysql/err.py", line 150, in raise_mysql_exception
    raise errorclass(errno, errval)
pymysql.err.IntegrityError: (1062, "Duplicate entry 'b81c581d-9ecf-4a6c-be59-7ae2e255f3d3-3c87f76e-4ba0-470b-8849-317' for key 'message_statuses.uq_message_status'")

The above exception was the direct cause of the following exception:

Traceback (most recent call last):
  File "/home/qwamjoow/virtualenv/massenger.reservira.ir/3.11/lib/python3.11/site-packages/flask/app.py", line 1473, in wsgi_app
    response = self.full_dispatch_request()
               ^^^^^^^^^^^^^^^^^^^^^^^^^^^^
  File "/home/qwamjoow/virtualenv/massenger.reservira.ir/3.11/lib/python3.11/site-packages/flask/app.py", line 882, in full_dispatch_request
    rv = self.handle_user_exception(e)
         ^^^^^^^^^^^^^^^^^^^^^^^^^^^^^
  File "/home/qwamjoow/virtualenv/massenger.reservira.ir/3.11/lib/python3.11/site-packages/flask_cors/extension.py", line 178, in wrapped_function
    return cors_after_request(app.make_response(f(*args, **kwargs)))
                                                ^^^^^^^^^^^^^^^^^^
  File "/home/qwamjoow/virtualenv/massenger.reservira.ir/3.11/lib/python3.11/site-packages/flask/app.py", line 880, in full_dispatch_request
    rv = self.dispatch_request()
         ^^^^^^^^^^^^^^^^^^^^^^^
  File "/home/qwamjoow/virtualenv/massenger.reservira.ir/3.11/lib/python3.11/site-packages/flask/app.py", line 865, in dispatch_request
    return self.ensure_sync(self.view_functions[rule.endpoint])(**view_args)  # type: ignore[no-any-return]
           ^^^^^^^^^^^^^^^^^^^^^^^^^^^^^^^^^^^^^^^^^^^^^^^^^^^^^^^^^^^^^^^^^
  File "/home/qwamjoow/virtualenv/massenger.reservira.ir/3.11/lib/python3.11/site-packages/flask_jwt_extended/view_decorators.py", line 170, in decorator
    return current_app.ensure_sync(fn)(*args, **kwargs)
           ^^^^^^^^^^^^^^^^^^^^^^^^^^^^^^^^^^^^^^^^^^^^
  File "/home/qwamjoow/massenger.reservira.ir/app/api/messages.py", line 81, in get_messages
    dispatch_scheduled_messages(chat_id)
  File "/home/qwamjoow/massenger.reservira.ir/app/api/messages.py", line 53, in dispatch_scheduled_messages
    chat = db.session.get(Chat, msg.chat_id)
           ^^^^^^^^^^^^^^^^^^^^^^^^^^^^^^^^^
  File "/home/qwamjoow/virtualenv/massenger.reservira.ir/3.11/lib64/python3.11/site-packages/sqlalchemy/orm/scoping.py", line 1060, in get
    return self._proxied.get(
           ^^^^^^^^^^^^^^^^^^
  File "/home/qwamjoow/virtualenv/massenger.reservira.ir/3.11/lib64/python3.11/site-packages/sqlalchemy/orm/session.py", line 3693, in get
    return self._get_impl(
           ^^^^^^^^^^^^^^^
  File "/home/qwamjoow/virtualenv/massenger.reservira.ir/3.11/lib64/python3.11/site-packages/sqlalchemy/orm/session.py", line 3873, in _get_impl
    return db_load_fn(
           ^^^^^^^^^^^
  File "/home/qwamjoow/virtualenv/massenger.reservira.ir/3.11/lib64/python3.11/site-packages/sqlalchemy/orm/loading.py", line 694, in load_on_pk_identity
    session.execute(
  File "/home/qwamjoow/virtualenv/massenger.reservira.ir/3.11/lib64/python3.11/site-packages/sqlalchemy/orm/session.py", line 2362, in execute
    return self._execute_internal(
           ^^^^^^^^^^^^^^^^^^^^^^^
  File "/home/qwamjoow/virtualenv/massenger.reservira.ir/3.11/lib64/python3.11/site-packages/sqlalchemy/orm/session.py", line 2226, in _execute_internal
    ) = compile_state_cls.orm_pre_session_exec(
        ^^^^^^^^^^^^^^^^^^^^^^^^^^^^^^^^^^^^^^^
  File "/home/qwamjoow/virtualenv/massenger.reservira.ir/3.11/lib64/python3.11/site-packages/sqlalchemy/orm/context.py", line 561, in orm_pre_session_exec
    session._autoflush()
  File "/home/qwamjoow/virtualenv/massenger.reservira.ir/3.11/lib64/python3.11/site-packages/sqlalchemy/orm/session.py", line 3061, in _autoflush
    raise e.with_traceback(sys.exc_info()[2])
  File "/home/qwamjoow/virtualenv/massenger.reservira.ir/3.11/lib64/python3.11/site-packages/sqlalchemy/orm/session.py", line 3050, in _autoflush
    self.flush()
  File "/home/qwamjoow/virtualenv/massenger.reservira.ir/3.11/lib64/python3.11/site-packages/sqlalchemy/orm/session.py", line 4352, in flush
    self._flush(objects)
  File "/home/qwamjoow/virtualenv/massenger.reservira.ir/3.11/lib64/python3.11/site-packages/sqlalchemy/orm/session.py", line 4487, in _flush
    with util.safe_reraise():
  File "/home/qwamjoow/virtualenv/massenger.reservira.ir/3.11/lib64/python3.11/site-packages/sqlalchemy/util/langhelpers.py", line 146, in __exit__
    raise exc_value.with_traceback(exc_tb)
  File "/home/qwamjoow/virtualenv/massenger.reservira.ir/3.11/lib64/python3.11/site-packages/sqlalchemy/orm/session.py", line 4448, in _flush
    flush_context.execute()
  File "/home/qwamjoow/virtualenv/massenger.reservira.ir/3.11/lib64/python3.11/site-packages/sqlalchemy/orm/unitofwork.py", line 466, in execute
    rec.execute(self)
  File "/home/qwamjoow/virtualenv/massenger.reservira.ir/3.11/lib64/python3.11/site-packages/sqlalchemy/orm/unitofwork.py", line 642, in execute
    util.preloaded.orm_persistence.save_obj(
  File "/home/qwamjoow/virtualenv/massenger.reservira.ir/3.11/lib64/python3.11/site-packages/sqlalchemy/orm/persistence.py", line 93, in save_obj
    _emit_insert_statements(
  File "/home/qwamjoow/virtualenv/massenger.reservira.ir/3.11/lib64/python3.11/site-packages/sqlalchemy/orm/persistence.py", line 1233, in _emit_insert_statements
    result = connection.execute(
             ^^^^^^^^^^^^^^^^^^^
  File "/home/qwamjoow/virtualenv/massenger.reservira.ir/3.11/lib64/python3.11/site-packages/sqlalchemy/engine/base.py", line 1418, in execute
    return meth(
           ^^^^^
  File "/home/qwamjoow/virtualenv/massenger.reservira.ir/3.11/lib64/python3.11/site-packages/sqlalchemy/sql/elements.py", line 515, in _execute_on_connection
    return connection._execute_clauseelement(
           ^^^^^^^^^^^^^^^^^^^^^^^^^^^^^^^^^^
  File "/home/qwamjoow/virtualenv/massenger.reservira.ir/3.11/lib64/python3.11/site-packages/sqlalchemy/engine/base.py", line 1640, in _execute_clauseelement
    ret = self._execute_context(
          ^^^^^^^^^^^^^^^^^^^^^^
  File "/home/qwamjoow/virtualenv/massenger.reservira.ir/3.11/lib64/python3.11/site-packages/sqlalchemy/engine/base.py", line 1846, in _execute_context
    return self._exec_single_context(
           ^^^^^^^^^^^^^^^^^^^^^^^^^^
  File "/home/qwamjoow/virtualenv/massenger.reservira.ir/3.11/lib64/python3.11/site-packages/sqlalchemy/engine/base.py", line 1986, in _exec_single_context
    self._handle_dbapi_exception(
  File "/home/qwamjoow/virtualenv/massenger.reservira.ir/3.11/lib64/python3.11/site-packages/sqlalchemy/engine/base.py", line 2355, in _handle_dbapi_exception
    raise sqlalchemy_exception.with_traceback(exc_info[2]) from e
  File "/home/qwamjoow/virtualenv/massenger.reservira.ir/3.11/lib64/python3.11/site-packages/sqlalchemy/engine/base.py", line 1967, in _exec_single_context
    self.dialect.do_execute(
  File "/home/qwamjoow/virtualenv/massenger.reservira.ir/3.11/lib64/python3.11/site-packages/sqlalchemy/engine/default.py", line 941, in do_execute
    cursor.execute(statement, parameters)
  File "/home/qwamjoow/virtualenv/massenger.reservira.ir/3.11/lib/python3.11/site-packages/pymysql/cursors.py", line 153, in execute
    result = self._query(query)
             ^^^^^^^^^^^^^^^^^^
  File "/home/qwamjoow/virtualenv/massenger.reservira.ir/3.11/lib/python3.11/site-packages/pymysql/cursors.py", line 322, in _query
    conn.query(q)
  File "/home/qwamjoow/virtualenv/massenger.reservira.ir/3.11/lib/python3.11/site-packages/pymysql/connections.py", line 563, in query
    self._affected_rows = self._read_query_result(unbuffered=unbuffered)
                          ^^^^^^^^^^^^^^^^^^^^^^^^^^^^^^^^^^^^^^^^^^^^^^
  File "/home/qwamjoow/virtualenv/massenger.reservira.ir/3.11/lib/python3.11/site-packages/pymysql/connections.py", line 825, in _read_query_result
    result.read()
  File "/home/qwamjoow/virtualenv/massenger.reservira.ir/3.11/lib/python3.11/site-packages/pymysql/connections.py", line 1199, in read
    first_packet = self.connection._read_packet()
                   ^^^^^^^^^^^^^^^^^^^^^^^^^^^^^^
  File "/home/qwamjoow/virtualenv/massenger.reservira.ir/3.11/lib/python3.11/site-packages/pymysql/connections.py", line 775, in _read_packet
    packet.raise_for_error()
  File "/home/qwamjoow/virtualenv/massenger.reservira.ir/3.11/lib/python3.11/site-packages/pymysql/protocol.py", line 219, in raise_for_error
    err.raise_mysql_exception(self._data)
  File "/home/qwamjoow/virtualenv/massenger.reservira.ir/3.11/lib/python3.11/site-packages/pymysql/err.py", line 150, in raise_mysql_exception
    raise errorclass(errno, errval)
sqlalchemy.exc.IntegrityError: (raised as a result of Query-invoked autoflush; consider using a session.no_autoflush block if this flush is occurring prematurely)
(pymysql.err.IntegrityError) (1062, "Duplicate entry 'b81c581d-9ecf-4a6c-be59-7ae2e255f3d3-3c87f76e-4ba0-470b-8849-317' for key 'message_statuses.uq_message_status'")
[SQL: INSERT INTO message_statuses (id, message_id, user_id, status, delivered_at, read_at, created_at) VALUES (%(id)s, %(message_id)s, %(user_id)s, %(status)s, %(delivered_at)s, %(read_at)s, %(created_at)s)]
[parameters: {'id': 'b8cb0a82-b12e-4eb4-917d-07f72da36bd8', 'message_id': 'b81c581d-9ecf-4a6c-be59-7ae2e255f3d3', 'user_id': '3c87f76e-4ba0-470b-8849-31739d6280ab', 'status': 'delivered', 'delivered_at': datetime.datetime(2026, 9, 14, 9, 16, 11, 717445), 'read_at': None, 'created_at': datetime.datetime(2026, 9, 14, 9, 16, 11, 726082)}]
(Background on this error at: https://sqlalche.me/e/20/gkpj)
[2026-09-14 12:46:13,024] ERROR in app: Exception on /api/v1/messages/5a55ce54-bbe9-421d-adab-9528d0ae3ff1 [GET]
Traceback (most recent call last):
  File "/home/qwamjoow/virtualenv/massenger.reservira.ir/3.11/lib64/python3.11/site-packages/sqlalchemy/engine/base.py", line 1967, in _exec_single_context
    self.dialect.do_execute(
  File "/home/qwamjoow/virtualenv/massenger.reservira.ir/3.11/lib64/python3.11/site-packages/sqlalchemy/engine/default.py", line 941, in do_execute
    cursor.execute(statement, parameters)
  File "/home/qwamjoow/virtualenv/massenger.reservira.ir/3.11/lib/python3.11/site-packages/pymysql/cursors.py", line 153, in execute
    result = self._query(query)
             ^^^^^^^^^^^^^^^^^^
  File "/home/qwamjoow/virtualenv/massenger.reservira.ir/3.11/lib/python3.11/site-packages/pymysql/cursors.py", line 322, in _query
    conn.query(q)
  File "/home/qwamjoow/virtualenv/massenger.reservira.ir/3.11/lib/python3.11/site-packages/pymysql/connections.py", line 563, in query
    self._affected_rows = self._read_query_result(unbuffered=unbuffered)
                          ^^^^^^^^^^^^^^^^^^^^^^^^^^^^^^^^^^^^^^^^^^^^^^
  File "/home/qwamjoow/virtualenv/massenger.reservira.ir/3.11/lib/python3.11/site-packages/pymysql/connections.py", line 825, in _read_query_result
    result.read()
  File "/home/qwamjoow/virtualenv/massenger.reservira.ir/3.11/lib/python3.11/site-packages/pymysql/connections.py", line 1199, in read
    first_packet = self.connection._read_packet()
                   ^^^^^^^^^^^^^^^^^^^^^^^^^^^^^^
  File "/home/qwamjoow/virtualenv/massenger.reservira.ir/3.11/lib/python3.11/site-packages/pymysql/connections.py", line 775, in _read_packet
    packet.raise_for_error()
  File "/home/qwamjoow/virtualenv/massenger.reservira.ir/3.11/lib/python3.11/site-packages/pymysql/protocol.py", line 219, in raise_for_error
    err.raise_mysql_exception(self._data)
  File "/home/qwamjoow/virtualenv/massenger.reservira.ir/3.11/lib/python3.11/site-packages/pymysql/err.py", line 150, in raise_mysql_exception
    raise errorclass(errno, errval)
pymysql.err.IntegrityError: (1062, "Duplicate entry 'b81c581d-9ecf-4a6c-be59-7ae2e255f3d3-3c87f76e-4ba0-470b-8849-317' for key 'message_statuses.uq_message_status'")

The above exception was the direct cause of the following exception:

Traceback (most recent call last):
  File "/home/qwamjoow/virtualenv/massenger.reservira.ir/3.11/lib/python3.11/site-packages/flask/app.py", line 1473, in wsgi_app
    response = self.full_dispatch_request()
               ^^^^^^^^^^^^^^^^^^^^^^^^^^^^
  File "/home/qwamjoow/virtualenv/massenger.reservira.ir/3.11/lib/python3.11/site-packages/flask/app.py", line 882, in full_dispatch_request
    rv = self.handle_user_exception(e)
         ^^^^^^^^^^^^^^^^^^^^^^^^^^^^^
  File "/home/qwamjoow/virtualenv/massenger.reservira.ir/3.11/lib/python3.11/site-packages/flask_cors/extension.py", line 178, in wrapped_function
    return cors_after_request(app.make_response(f(*args, **kwargs)))
                                                ^^^^^^^^^^^^^^^^^^
  File "/home/qwamjoow/virtualenv/massenger.reservira.ir/3.11/lib/python3.11/site-packages/flask/app.py", line 880, in full_dispatch_request
    rv = self.dispatch_request()
         ^^^^^^^^^^^^^^^^^^^^^^^
  File "/home/qwamjoow/virtualenv/massenger.reservira.ir/3.11/lib/python3.11/site-packages/flask/app.py", line 865, in dispatch_request
    return self.ensure_sync(self.view_functions[rule.endpoint])(**view_args)  # type: ignore[no-any-return]
           ^^^^^^^^^^^^^^^^^^^^^^^^^^^^^^^^^^^^^^^^^^^^^^^^^^^^^^^^^^^^^^^^^
  File "/home/qwamjoow/virtualenv/massenger.reservira.ir/3.11/lib/python3.11/site-packages/flask_jwt_extended/view_decorators.py", line 170, in decorator
    return current_app.ensure_sync(fn)(*args, **kwargs)
           ^^^^^^^^^^^^^^^^^^^^^^^^^^^^^^^^^^^^^^^^^^^^
  File "/home/qwamjoow/massenger.reservira.ir/app/api/messages.py", line 81, in get_messages
    dispatch_scheduled_messages(chat_id)
  File "/home/qwamjoow/massenger.reservira.ir/app/api/messages.py", line 53, in dispatch_scheduled_messages
    chat = db.session.get(Chat, msg.chat_id)
           ^^^^^^^^^^^^^^^^^^^^^^^^^^^^^^^^^
  File "/home/qwamjoow/virtualenv/massenger.reservira.ir/3.11/lib64/python3.11/site-packages/sqlalchemy/orm/scoping.py", line 1060, in get
    return self._proxied.get(
           ^^^^^^^^^^^^^^^^^^
  File "/home/qwamjoow/virtualenv/massenger.reservira.ir/3.11/lib64/python3.11/site-packages/sqlalchemy/orm/session.py", line 3693, in get
    return self._get_impl(
           ^^^^^^^^^^^^^^^
  File "/home/qwamjoow/virtualenv/massenger.reservira.ir/3.11/lib64/python3.11/site-packages/sqlalchemy/orm/session.py", line 3873, in _get_impl
    return db_load_fn(
           ^^^^^^^^^^^
  File "/home/qwamjoow/virtualenv/massenger.reservira.ir/3.11/lib64/python3.11/site-packages/sqlalchemy/orm/loading.py", line 694, in load_on_pk_identity
    session.execute(
  File "/home/qwamjoow/virtualenv/massenger.reservira.ir/3.11/lib64/python3.11/site-packages/sqlalchemy/orm/session.py", line 2362, in execute
    return self._execute_internal(
           ^^^^^^^^^^^^^^^^^^^^^^^
  File "/home/qwamjoow/virtualenv/massenger.reservira.ir/3.11/lib64/python3.11/site-packages/sqlalchemy/orm/session.py", line 2226, in _execute_internal
    ) = compile_state_cls.orm_pre_session_exec(
        ^^^^^^^^^^^^^^^^^^^^^^^^^^^^^^^^^^^^^^^
  File "/home/qwamjoow/virtualenv/massenger.reservira.ir/3.11/lib64/python3.11/site-packages/sqlalchemy/orm/context.py", line 561, in orm_pre_session_exec
    session._autoflush()
  File "/home/qwamjoow/virtualenv/massenger.reservira.ir/3.11/lib64/python3.11/site-packages/sqlalchemy/orm/session.py", line 3061, in _autoflush
    raise e.with_traceback(sys.exc_info()[2])
  File "/home/qwamjoow/virtualenv/massenger.reservira.ir/3.11/lib64/python3.11/site-packages/sqlalchemy/orm/session.py", line 3050, in _autoflush
    self.flush()
  File "/home/qwamjoow/virtualenv/massenger.reservira.ir/3.11/lib64/python3.11/site-packages/sqlalchemy/orm/session.py", line 4352, in flush
    self._flush(objects)
  File "/home/qwamjoow/virtualenv/massenger.reservira.ir/3.11/lib64/python3.11/site-packages/sqlalchemy/orm/session.py", line 4487, in _flush
    with util.safe_reraise():
  File "/home/qwamjoow/virtualenv/massenger.reservira.ir/3.11/lib64/python3.11/site-packages/sqlalchemy/util/langhelpers.py", line 146, in __exit__
    raise exc_value.with_traceback(exc_tb)
  File "/home/qwamjoow/virtualenv/massenger.reservira.ir/3.11/lib64/python3.11/site-packages/sqlalchemy/orm/session.py", line 4448, in _flush
    flush_context.execute()
  File "/home/qwamjoow/virtualenv/massenger.reservira.ir/3.11/lib64/python3.11/site-packages/sqlalchemy/orm/unitofwork.py", line 466, in execute
    rec.execute(self)
  File "/home/qwamjoow/virtualenv/massenger.reservira.ir/3.11/lib64/python3.11/site-packages/sqlalchemy/orm/unitofwork.py", line 642, in execute
    util.preloaded.orm_persistence.save_obj(
  File "/home/qwamjoow/virtualenv/massenger.reservira.ir/3.11/lib64/python3.11/site-packages/sqlalchemy/orm/persistence.py", line 93, in save_obj
    _emit_insert_statements(
  File "/home/qwamjoow/virtualenv/massenger.reservira.ir/3.11/lib64/python3.11/site-packages/sqlalchemy/orm/persistence.py", line 1233, in _emit_insert_statements
    result = connection.execute(
             ^^^^^^^^^^^^^^^^^^^
  File "/home/qwamjoow/virtualenv/massenger.reservira.ir/3.11/lib64/python3.11/site-packages/sqlalchemy/engine/base.py", line 1418, in execute
    return meth(
           ^^^^^
  File "/home/qwamjoow/virtualenv/massenger.reservira.ir/3.11/lib64/python3.11/site-packages/sqlalchemy/sql/elements.py", line 515, in _execute_on_connection
    return connection._execute_clauseelement(
           ^^^^^^^^^^^^^^^^^^^^^^^^^^^^^^^^^^
  File "/home/qwamjoow/virtualenv/massenger.reservira.ir/3.11/lib64/python3.11/site-packages/sqlalchemy/engine/base.py", line 1640, in _execute_clauseelement
    ret = self._execute_context(
          ^^^^^^^^^^^^^^^^^^^^^^
  File "/home/qwamjoow/virtualenv/massenger.reservira.ir/3.11/lib64/python3.11/site-packages/sqlalchemy/engine/base.py", line 1846, in _execute_context
    return self._exec_single_context(
           ^^^^^^^^^^^^^^^^^^^^^^^^^^
  File "/home/qwamjoow/virtualenv/massenger.reservira.ir/3.11/lib64/python3.11/site-packages/sqlalchemy/engine/base.py", line 1986, in _exec_single_context
    self._handle_dbapi_exception(
  File "/home/qwamjoow/virtualenv/massenger.reservira.ir/3.11/lib64/python3.11/site-packages/sqlalchemy/engine/base.py", line 2355, in _handle_dbapi_exception
    raise sqlalchemy_exception.with_traceback(exc_info[2]) from e
  File "/home/qwamjoow/virtualenv/massenger.reservira.ir/3.11/lib64/python3.11/site-packages/sqlalchemy/engine/base.py", line 1967, in _exec_single_context
    self.dialect.do_execute(
  File "/home/qwamjoow/virtualenv/massenger.reservira.ir/3.11/lib64/python3.11/site-packages/sqlalchemy/engine/default.py", line 941, in do_execute
    cursor.execute(statement, parameters)
  File "/home/qwamjoow/virtualenv/massenger.reservira.ir/3.11/lib/python3.11/site-packages/pymysql/cursors.py", line 153, in execute
    result = self._query(query)
             ^^^^^^^^^^^^^^^^^^
  File "/home/qwamjoow/virtualenv/massenger.reservira.ir/3.11/lib/python3.11/site-packages/pymysql/cursors.py", line 322, in _query
    conn.query(q)
  File "/home/qwamjoow/virtualenv/massenger.reservira.ir/3.11/lib/python3.11/site-packages/pymysql/connections.py", line 563, in query
    self._affected_rows = self._read_query_result(unbuffered=unbuffered)
                          ^^^^^^^^^^^^^^^^^^^^^^^^^^^^^^^^^^^^^^^^^^^^^^
  File "/home/qwamjoow/virtualenv/massenger.reservira.ir/3.11/lib/python3.11/site-packages/pymysql/connections.py", line 825, in _read_query_result
    result.read()
  File "/home/qwamjoow/virtualenv/massenger.reservira.ir/3.11/lib/python3.11/site-packages/pymysql/connections.py", line 1199, in read
    first_packet = self.connection._read_packet()
                   ^^^^^^^^^^^^^^^^^^^^^^^^^^^^^^
  File "/home/qwamjoow/virtualenv/massenger.reservira.ir/3.11/lib/python3.11/site-packages/pymysql/connections.py", line 775, in _read_packet
    packet.raise_for_error()
  File "/home/qwamjoow/virtualenv/massenger.reservira.ir/3.11/lib/python3.11/site-packages/pymysql/protocol.py", line 219, in raise_for_error
    err.raise_mysql_exception(self._data)
  File "/home/qwamjoow/virtualenv/massenger.reservira.ir/3.11/lib/python3.11/site-packages/pymysql/err.py", line 150, in raise_mysql_exception
    raise errorclass(errno, errval)
sqlalchemy.exc.IntegrityError: (raised as a result of Query-invoked autoflush; consider using a session.no_autoflush block if this flush is occurring prematurely)
(pymysql.err.IntegrityError) (1062, "Duplicate entry 'b81c581d-9ecf-4a6c-be59-7ae2e255f3d3-3c87f76e-4ba0-470b-8849-317' for key 'message_statuses.uq_message_status'")
[SQL: INSERT INTO message_statuses (id, message_id, user_id, status, delivered_at, read_at, created_at) VALUES (%(id)s, %(message_id)s, %(user_id)s, %(status)s, %(delivered_at)s, %(read_at)s, %(created_at)s)]
[parameters: {'id': '0359f528-9810-424f-90fa-8f208992ef01', 'message_id': 'b81c581d-9ecf-4a6c-be59-7ae2e255f3d3', 'user_id': '3c87f76e-4ba0-470b-8849-31739d6280ab', 'status': 'delivered', 'delivered_at': datetime.datetime(2026, 9, 14, 9, 16, 13, 1656), 'read_at': None, 'created_at': datetime.datetime(2026, 9, 14, 9, 16, 13, 10026)}]
(Background on this error at: https://sqlalche.me/e/20/gkpj)
[2026-09-14 12:46:13,024] ERROR in app: Exception on /api/v1/messages/5a55ce54-bbe9-421d-adab-9528d0ae3ff1 [GET]
Traceback (most recent call last):
  File "/home/qwamjoow/virtualenv/massenger.reservira.ir/3.11/lib64/python3.11/site-packages/sqlalchemy/engine/base.py", line 1967, in _exec_single_context
    self.dialect.do_execute(
  File "/home/qwamjoow/virtualenv/massenger.reservira.ir/3.11/lib64/python3.11/site-packages/sqlalchemy/engine/default.py", line 941, in do_execute
    cursor.execute(statement, parameters)
  File "/home/qwamjoow/virtualenv/massenger.reservira.ir/3.11/lib/python3.11/site-packages/pymysql/cursors.py", line 153, in execute
    result = self._query(query)
             ^^^^^^^^^^^^^^^^^^
  File "/home/qwamjoow/virtualenv/massenger.reservira.ir/3.11/lib/python3.11/site-packages/pymysql/cursors.py", line 322, in _query
    conn.query(q)
  File "/home/qwamjoow/virtualenv/massenger.reservira.ir/3.11/lib/python3.11/site-packages/pymysql/connections.py", line 563, in query
    self._affected_rows = self._read_query_result(unbuffered=unbuffered)
                          ^^^^^^^^^^^^^^^^^^^^^^^^^^^^^^^^^^^^^^^^^^^^^^
  File "/home/qwamjoow/virtualenv/massenger.reservira.ir/3.11/lib/python3.11/site-packages/pymysql/connections.py", line 825, in _read_query_result
    result.read()
  File "/home/qwamjoow/virtualenv/massenger.reservira.ir/3.11/lib/python3.11/site-packages/pymysql/connections.py", line 1199, in read
    first_packet = self.connection._read_packet()
                   ^^^^^^^^^^^^^^^^^^^^^^^^^^^^^^
  File "/home/qwamjoow/virtualenv/massenger.reservira.ir/3.11/lib/python3.11/site-packages/pymysql/connections.py", line 775, in _read_packet
    packet.raise_for_error()
  File "/home/qwamjoow/virtualenv/massenger.reservira.ir/3.11/lib/python3.11/site-packages/pymysql/protocol.py", line 219, in raise_for_error
    err.raise_mysql_exception(self._data)
  File "/home/qwamjoow/virtualenv/massenger.reservira.ir/3.11/lib/python3.11/site-packages/pymysql/err.py", line 150, in raise_mysql_exception
    raise errorclass(errno, errval)
pymysql.err.IntegrityError: (1062, "Duplicate entry 'b81c581d-9ecf-4a6c-be59-7ae2e255f3d3-3c87f76e-4ba0-470b-8849-317' for key 'message_statuses.uq_message_status'")

The above exception was the direct cause of the following exception:

Traceback (most recent call last):
  File "/home/qwamjoow/virtualenv/massenger.reservira.ir/3.11/lib/python3.11/site-packages/flask/app.py", line 1473, in wsgi_app
    response = self.full_dispatch_request()
               ^^^^^^^^^^^^^^^^^^^^^^^^^^^^
  File "/home/qwamjoow/virtualenv/massenger.reservira.ir/3.11/lib/python3.11/site-packages/flask/app.py", line 882, in full_dispatch_request
    rv = self.handle_user_exception(e)
         ^^^^^^^^^^^^^^^^^^^^^^^^^^^^^
  File "/home/qwamjoow/virtualenv/massenger.reservira.ir/3.11/lib/python3.11/site-packages/flask_cors/extension.py", line 178, in wrapped_function
    return cors_after_request(app.make_response(f(*args, **kwargs)))
                                                ^^^^^^^^^^^^^^^^^^
  File "/home/qwamjoow/virtualenv/massenger.reservira.ir/3.11/lib/python3.11/site-packages/flask/app.py", line 880, in full_dispatch_request
    rv = self.dispatch_request()
         ^^^^^^^^^^^^^^^^^^^^^^^
  File "/home/qwamjoow/virtualenv/massenger.reservira.ir/3.11/lib/python3.11/site-packages/flask/app.py", line 865, in dispatch_request
    return self.ensure_sync(self.view_functions[rule.endpoint])(**view_args)  # type: ignore[no-any-return]
           ^^^^^^^^^^^^^^^^^^^^^^^^^^^^^^^^^^^^^^^^^^^^^^^^^^^^^^^^^^^^^^^^^
  File "/home/qwamjoow/virtualenv/massenger.reservira.ir/3.11/lib/python3.11/site-packages/flask_jwt_extended/view_decorators.py", line 170, in decorator
    return current_app.ensure_sync(fn)(*args, **kwargs)
           ^^^^^^^^^^^^^^^^^^^^^^^^^^^^^^^^^^^^^^^^^^^^
  File "/home/qwamjoow/massenger.reservira.ir/app/api/messages.py", line 81, in get_messages
    dispatch_scheduled_messages(chat_id)
  File "/home/qwamjoow/massenger.reservira.ir/app/api/messages.py", line 53, in dispatch_scheduled_messages
    chat = db.session.get(Chat, msg.chat_id)
           ^^^^^^^^^^^^^^^^^^^^^^^^^^^^^^^^^
  File "/home/qwamjoow/virtualenv/massenger.reservira.ir/3.11/lib64/python3.11/site-packages/sqlalchemy/orm/scoping.py", line 1060, in get
    return self._proxied.get(
           ^^^^^^^^^^^^^^^^^^
  File "/home/qwamjoow/virtualenv/massenger.reservira.ir/3.11/lib64/python3.11/site-packages/sqlalchemy/orm/session.py", line 3693, in get
    return self._get_impl(
           ^^^^^^^^^^^^^^^
  File "/home/qwamjoow/virtualenv/massenger.reservira.ir/3.11/lib64/python3.11/site-packages/sqlalchemy/orm/session.py", line 3873, in _get_impl
    return db_load_fn(
           ^^^^^^^^^^^
  File "/home/qwamjoow/virtualenv/massenger.reservira.ir/3.11/lib64/python3.11/site-packages/sqlalchemy/orm/loading.py", line 694, in load_on_pk_identity
    session.execute(
  File "/home/qwamjoow/virtualenv/massenger.reservira.ir/3.11/lib64/python3.11/site-packages/sqlalchemy/orm/session.py", line 2362, in execute
    return self._execute_internal(
           ^^^^^^^^^^^^^^^^^^^^^^^
  File "/home/qwamjoow/virtualenv/massenger.reservira.ir/3.11/lib64/python3.11/site-packages/sqlalchemy/orm/session.py", line 2226, in _execute_internal
    ) = compile_state_cls.orm_pre_session_exec(
        ^^^^^^^^^^^^^^^^^^^^^^^^^^^^^^^^^^^^^^^
  File "/home/qwamjoow/virtualenv/massenger.reservira.ir/3.11/lib64/python3.11/site-packages/sqlalchemy/orm/context.py", line 561, in orm_pre_session_exec
    session._autoflush()
  File "/home/qwamjoow/virtualenv/massenger.reservira.ir/3.11/lib64/python3.11/site-packages/sqlalchemy/orm/session.py", line 3061, in _autoflush
    raise e.with_traceback(sys.exc_info()[2])
  File "/home/qwamjoow/virtualenv/massenger.reservira.ir/3.11/lib64/python3.11/site-packages/sqlalchemy/orm/session.py", line 3050, in _autoflush
    self.flush()
  File "/home/qwamjoow/virtualenv/massenger.reservira.ir/3.11/lib64/python3.11/site-packages/sqlalchemy/orm/session.py", line 4352, in flush
    self._flush(objects)
  File "/home/qwamjoow/virtualenv/massenger.reservira.ir/3.11/lib64/python3.11/site-packages/sqlalchemy/orm/session.py", line 4487, in _flush
    with util.safe_reraise():
  File "/home/qwamjoow/virtualenv/massenger.reservira.ir/3.11/lib64/python3.11/site-packages/sqlalchemy/util/langhelpers.py", line 146, in __exit__
    raise exc_value.with_traceback(exc_tb)
  File "/home/qwamjoow/virtualenv/massenger.reservira.ir/3.11/lib64/python3.11/site-packages/sqlalchemy/orm/session.py", line 4448, in _flush
    flush_context.execute()
  File "/home/qwamjoow/virtualenv/massenger.reservira.ir/3.11/lib64/python3.11/site-packages/sqlalchemy/orm/unitofwork.py", line 466, in execute
    rec.execute(self)
  File "/home/qwamjoow/virtualenv/massenger.reservira.ir/3.11/lib64/python3.11/site-packages/sqlalchemy/orm/unitofwork.py", line 642, in execute
    util.preloaded.orm_persistence.save_obj(
  File "/home/qwamjoow/virtualenv/massenger.reservira.ir/3.11/lib64/python3.11/site-packages/sqlalchemy/orm/persistence.py", line 93, in save_obj
    _emit_insert_statements(
  File "/home/qwamjoow/virtualenv/massenger.reservira.ir/3.11/lib64/python3.11/site-packages/sqlalchemy/orm/persistence.py", line 1233, in _emit_insert_statements
    result = connection.execute(
             ^^^^^^^^^^^^^^^^^^^
  File "/home/qwamjoow/virtualenv/massenger.reservira.ir/3.11/lib64/python3.11/site-packages/sqlalchemy/engine/base.py", line 1418, in execute
    return meth(
           ^^^^^
  File "/home/qwamjoow/virtualenv/massenger.reservira.ir/3.11/lib64/python3.11/site-packages/sqlalchemy/sql/elements.py", line 515, in _execute_on_connection
    return connection._execute_clauseelement(
           ^^^^^^^^^^^^^^^^^^^^^^^^^^^^^^^^^^
  File "/home/qwamjoow/virtualenv/massenger.reservira.ir/3.11/lib64/python3.11/site-packages/sqlalchemy/engine/base.py", line 1640, in _execute_clauseelement
    ret = self._execute_context(
          ^^^^^^^^^^^^^^^^^^^^^^
  File "/home/qwamjoow/virtualenv/massenger.reservira.ir/3.11/lib64/python3.11/site-packages/sqlalchemy/engine/base.py", line 1846, in _execute_context
    return self._exec_single_context(
           ^^^^^^^^^^^^^^^^^^^^^^^^^^
  File "/home/qwamjoow/virtualenv/massenger.reservira.ir/3.11/lib64/python3.11/site-packages/sqlalchemy/engine/base.py", line 1986, in _exec_single_context
    self._handle_dbapi_exception(
  File "/home/qwamjoow/virtualenv/massenger.reservira.ir/3.11/lib64/python3.11/site-packages/sqlalchemy/engine/base.py", line 2355, in _handle_dbapi_exception
    raise sqlalchemy_exception.with_traceback(exc_info[2]) from e
  File "/home/qwamjoow/virtualenv/massenger.reservira.ir/3.11/lib64/python3.11/site-packages/sqlalchemy/engine/base.py", line 1967, in _exec_single_context
    self.dialect.do_execute(
  File "/home/qwamjoow/virtualenv/massenger.reservira.ir/3.11/lib64/python3.11/site-packages/sqlalchemy/engine/default.py", line 941, in do_execute
    cursor.execute(statement, parameters)
  File "/home/qwamjoow/virtualenv/massenger.reservira.ir/3.11/lib/python3.11/site-packages/pymysql/cursors.py", line 153, in execute
    result = self._query(query)
             ^^^^^^^^^^^^^^^^^^
  File "/home/qwamjoow/virtualenv/massenger.reservira.ir/3.11/lib/python3.11/site-packages/pymysql/cursors.py", line 322, in _query
    conn.query(q)
  File "/home/qwamjoow/virtualenv/massenger.reservira.ir/3.11/lib/python3.11/site-packages/pymysql/connections.py", line 563, in query
    self._affected_rows = self._read_query_result(unbuffered=unbuffered)
                          ^^^^^^^^^^^^^^^^^^^^^^^^^^^^^^^^^^^^^^^^^^^^^^
  File "/home/qwamjoow/virtualenv/massenger.reservira.ir/3.11/lib/python3.11/site-packages/pymysql/connections.py", line 825, in _read_query_result
    result.read()
  File "/home/qwamjoow/virtualenv/massenger.reservira.ir/3.11/lib/python3.11/site-packages/pymysql/connections.py", line 1199, in read
    first_packet = self.connection._read_packet()
                   ^^^^^^^^^^^^^^^^^^^^^^^^^^^^^^
  File "/home/qwamjoow/virtualenv/massenger.reservira.ir/3.11/lib/python3.11/site-packages/pymysql/connections.py", line 775, in _read_packet
    packet.raise_for_error()
  File "/home/qwamjoow/virtualenv/massenger.reservira.ir/3.11/lib/python3.11/site-packages/pymysql/protocol.py", line 219, in raise_for_error
    err.raise_mysql_exception(self._data)
  File "/home/qwamjoow/virtualenv/massenger.reservira.ir/3.11/lib/python3.11/site-packages/pymysql/err.py", line 150, in raise_mysql_exception
    raise errorclass(errno, errval)
sqlalchemy.exc.IntegrityError: (raised as a result of Query-invoked autoflush; consider using a session.no_autoflush block if this flush is occurring prematurely)
(pymysql.err.IntegrityError) (1062, "Duplicate entry 'b81c581d-9ecf-4a6c-be59-7ae2e255f3d3-3c87f76e-4ba0-470b-8849-317' for key 'message_statuses.uq_message_status'")
[SQL: INSERT INTO message_statuses (id, message_id, user_id, status, delivered_at, read_at, created_at) VALUES (%(id)s, %(message_id)s, %(user_id)s, %(status)s, %(delivered_at)s, %(read_at)s, %(created_at)s)]
[parameters: {'id': '9554e690-8b8c-488e-b1e1-4305d11a7c1b', 'message_id': 'b81c581d-9ecf-4a6c-be59-7ae2e255f3d3', 'user_id': '3c87f76e-4ba0-470b-8849-31739d6280ab', 'status': 'delivered', 'delivered_at': datetime.datetime(2026, 9, 14, 9, 16, 12, 916178), 'read_at': None, 'created_at': datetime.datetime(2026, 9, 14, 9, 16, 13, 5529)}]
(Background on this error at: https://sqlalche.me/e/20/gkpj)
[2026-09-14 12:46:13,713] ERROR in app: Exception on /api/v1/messages/chat/5a55ce54-bbe9-421d-adab-9528d0ae3ff1/scheduled [GET]
Traceback (most recent call last):
  File "/home/qwamjoow/virtualenv/massenger.reservira.ir/3.11/lib64/python3.11/site-packages/sqlalchemy/engine/base.py", line 1967, in _exec_single_context
    self.dialect.do_execute(
  File "/home/qwamjoow/virtualenv/massenger.reservira.ir/3.11/lib64/python3.11/site-packages/sqlalchemy/engine/default.py", line 941, in do_execute
    cursor.execute(statement, parameters)
  File "/home/qwamjoow/virtualenv/massenger.reservira.ir/3.11/lib/python3.11/site-packages/pymysql/cursors.py", line 153, in execute
    result = self._query(query)
             ^^^^^^^^^^^^^^^^^^
  File "/home/qwamjoow/virtualenv/massenger.reservira.ir/3.11/lib/python3.11/site-packages/pymysql/cursors.py", line 322, in _query
    conn.query(q)
  File "/home/qwamjoow/virtualenv/massenger.reservira.ir/3.11/lib/python3.11/site-packages/pymysql/connections.py", line 563, in query
    self._affected_rows = self._read_query_result(unbuffered=unbuffered)
                          ^^^^^^^^^^^^^^^^^^^^^^^^^^^^^^^^^^^^^^^^^^^^^^
  File "/home/qwamjoow/virtualenv/massenger.reservira.ir/3.11/lib/python3.11/site-packages/pymysql/connections.py", line 825, in _read_query_result
    result.read()
  File "/home/qwamjoow/virtualenv/massenger.reservira.ir/3.11/lib/python3.11/site-packages/pymysql/connections.py", line 1199, in read
    first_packet = self.connection._read_packet()
                   ^^^^^^^^^^^^^^^^^^^^^^^^^^^^^^
  File "/home/qwamjoow/virtualenv/massenger.reservira.ir/3.11/lib/python3.11/site-packages/pymysql/connections.py", line 775, in _read_packet
    packet.raise_for_error()
  File "/home/qwamjoow/virtualenv/massenger.reservira.ir/3.11/lib/python3.11/site-packages/pymysql/protocol.py", line 219, in raise_for_error
    err.raise_mysql_exception(self._data)
  File "/home/qwamjoow/virtualenv/massenger.reservira.ir/3.11/lib/python3.11/site-packages/pymysql/err.py", line 150, in raise_mysql_exception
    raise errorclass(errno, errval)
pymysql.err.IntegrityError: (1062, "Duplicate entry 'b81c581d-9ecf-4a6c-be59-7ae2e255f3d3-3c87f76e-4ba0-470b-8849-317' for key 'message_statuses.uq_message_status'")

The above exception was the direct cause of the following exception:

Traceback (most recent call last):
  File "/home/qwamjoow/virtualenv/massenger.reservira.ir/3.11/lib/python3.11/site-packages/flask/app.py", line 1473, in wsgi_app
    response = self.full_dispatch_request()
               ^^^^^^^^^^^^^^^^^^^^^^^^^^^^
  File "/home/qwamjoow/virtualenv/massenger.reservira.ir/3.11/lib/python3.11/site-packages/flask/app.py", line 882, in full_dispatch_request
    rv = self.handle_user_exception(e)
         ^^^^^^^^^^^^^^^^^^^^^^^^^^^^^
  File "/home/qwamjoow/virtualenv/massenger.reservira.ir/3.11/lib/python3.11/site-packages/flask_cors/extension.py", line 178, in wrapped_function
    return cors_after_request(app.make_response(f(*args, **kwargs)))
                                                ^^^^^^^^^^^^^^^^^^
  File "/home/qwamjoow/virtualenv/massenger.reservira.ir/3.11/lib/python3.11/site-packages/flask/app.py", line 880, in full_dispatch_request
    rv = self.dispatch_request()
         ^^^^^^^^^^^^^^^^^^^^^^^
  File "/home/qwamjoow/virtualenv/massenger.reservira.ir/3.11/lib/python3.11/site-packages/flask/app.py", line 865, in dispatch_request
    return self.ensure_sync(self.view_functions[rule.endpoint])(**view_args)  # type: ignore[no-any-return]
           ^^^^^^^^^^^^^^^^^^^^^^^^^^^^^^^^^^^^^^^^^^^^^^^^^^^^^^^^^^^^^^^^^
  File "/home/qwamjoow/virtualenv/massenger.reservira.ir/3.11/lib/python3.11/site-packages/flask_jwt_extended/view_decorators.py", line 170, in decorator
    return current_app.ensure_sync(fn)(*args, **kwargs)
           ^^^^^^^^^^^^^^^^^^^^^^^^^^^^^^^^^^^^^^^^^^^^
  File "/home/qwamjoow/massenger.reservira.ir/app/api/messages.py", line 955, in get_scheduled_messages
    dispatch_scheduled_messages(chat_id)
  File "/home/qwamjoow/massenger.reservira.ir/app/api/messages.py", line 53, in dispatch_scheduled_messages
    chat = db.session.get(Chat, msg.chat_id)
           ^^^^^^^^^^^^^^^^^^^^^^^^^^^^^^^^^
  File "/home/qwamjoow/virtualenv/massenger.reservira.ir/3.11/lib64/python3.11/site-packages/sqlalchemy/orm/scoping.py", line 1060, in get
    return self._proxied.get(
           ^^^^^^^^^^^^^^^^^^
  File "/home/qwamjoow/virtualenv/massenger.reservira.ir/3.11/lib64/python3.11/site-packages/sqlalchemy/orm/session.py", line 3693, in get
    return self._get_impl(
           ^^^^^^^^^^^^^^^
  File "/home/qwamjoow/virtualenv/massenger.reservira.ir/3.11/lib64/python3.11/site-packages/sqlalchemy/orm/session.py", line 3873, in _get_impl
    return db_load_fn(
           ^^^^^^^^^^^
  File "/home/qwamjoow/virtualenv/massenger.reservira.ir/3.11/lib64/python3.11/site-packages/sqlalchemy/orm/loading.py", line 694, in load_on_pk_identity
    session.execute(
  File "/home/qwamjoow/virtualenv/massenger.reservira.ir/3.11/lib64/python3.11/site-packages/sqlalchemy/orm/session.py", line 2362, in execute
    return self._execute_internal(
           ^^^^^^^^^^^^^^^^^^^^^^^
  File "/home/qwamjoow/virtualenv/massenger.reservira.ir/3.11/lib64/python3.11/site-packages/sqlalchemy/orm/session.py", line 2226, in _execute_internal
    ) = compile_state_cls.orm_pre_session_exec(
        ^^^^^^^^^^^^^^^^^^^^^^^^^^^^^^^^^^^^^^^
  File "/home/qwamjoow/virtualenv/massenger.reservira.ir/3.11/lib64/python3.11/site-packages/sqlalchemy/orm/context.py", line 561, in orm_pre_session_exec
    session._autoflush()
  File "/home/qwamjoow/virtualenv/massenger.reservira.ir/3.11/lib64/python3.11/site-packages/sqlalchemy/orm/session.py", line 3061, in _autoflush
    raise e.with_traceback(sys.exc_info()[2])
  File "/home/qwamjoow/virtualenv/massenger.reservira.ir/3.11/lib64/python3.11/site-packages/sqlalchemy/orm/session.py", line 3050, in _autoflush
    self.flush()
  File "/home/qwamjoow/virtualenv/massenger.reservira.ir/3.11/lib64/python3.11/site-packages/sqlalchemy/orm/session.py", line 4352, in flush
    self._flush(objects)
  File "/home/qwamjoow/virtualenv/massenger.reservira.ir/3.11/lib64/python3.11/site-packages/sqlalchemy/orm/session.py", line 4487, in _flush
    with util.safe_reraise():
  File "/home/qwamjoow/virtualenv/massenger.reservira.ir/3.11/lib64/python3.11/site-packages/sqlalchemy/util/langhelpers.py", line 146, in __exit__
    raise exc_value.with_traceback(exc_tb)
  File "/home/qwamjoow/virtualenv/massenger.reservira.ir/3.11/lib64/python3.11/site-packages/sqlalchemy/orm/session.py", line 4448, in _flush
    flush_context.execute()
  File "/home/qwamjoow/virtualenv/massenger.reservira.ir/3.11/lib64/python3.11/site-packages/sqlalchemy/orm/unitofwork.py", line 466, in execute
    rec.execute(self)
  File "/home/qwamjoow/virtualenv/massenger.reservira.ir/3.11/lib64/python3.11/site-packages/sqlalchemy/orm/unitofwork.py", line 642, in execute
    util.preloaded.orm_persistence.save_obj(
  File "/home/qwamjoow/virtualenv/massenger.reservira.ir/3.11/lib64/python3.11/site-packages/sqlalchemy/orm/persistence.py", line 93, in save_obj
    _emit_insert_statements(
  File "/home/qwamjoow/virtualenv/massenger.reservira.ir/3.11/lib64/python3.11/site-packages/sqlalchemy/orm/persistence.py", line 1233, in _emit_insert_statements
    result = connection.execute(
             ^^^^^^^^^^^^^^^^^^^
  File "/home/qwamjoow/virtualenv/massenger.reservira.ir/3.11/lib64/python3.11/site-packages/sqlalchemy/engine/base.py", line 1418, in execute
    return meth(
           ^^^^^
  File "/home/qwamjoow/virtualenv/massenger.reservira.ir/3.11/lib64/python3.11/site-packages/sqlalchemy/sql/elements.py", line 515, in _execute_on_connection
    return connection._execute_clauseelement(
           ^^^^^^^^^^^^^^^^^^^^^^^^^^^^^^^^^^
  File "/home/qwamjoow/virtualenv/massenger.reservira.ir/3.11/lib64/python3.11/site-packages/sqlalchemy/engine/base.py", line 1640, in _execute_clauseelement
    ret = self._execute_context(
          ^^^^^^^^^^^^^^^^^^^^^^
  File "/home/qwamjoow/virtualenv/massenger.reservira.ir/3.11/lib64/python3.11/site-packages/sqlalchemy/engine/base.py", line 1846, in _execute_context
    return self._exec_single_context(
           ^^^^^^^^^^^^^^^^^^^^^^^^^^
  File "/home/qwamjoow/virtualenv/massenger.reservira.ir/3.11/lib64/python3.11/site-packages/sqlalchemy/engine/base.py", line 1986, in _exec_single_context
    self._handle_dbapi_exception(
  File "/home/qwamjoow/virtualenv/massenger.reservira.ir/3.11/lib64/python3.11/site-packages/sqlalchemy/engine/base.py", line 2355, in _handle_dbapi_exception
    raise sqlalchemy_exception.with_traceback(exc_info[2]) from e
  File "/home/qwamjoow/virtualenv/massenger.reservira.ir/3.11/lib64/python3.11/site-packages/sqlalchemy/engine/base.py", line 1967, in _exec_single_context
    self.dialect.do_execute(
  File "/home/qwamjoow/virtualenv/massenger.reservira.ir/3.11/lib64/python3.11/site-packages/sqlalchemy/engine/default.py", line 941, in do_execute
    cursor.execute(statement, parameters)
  File "/home/qwamjoow/virtualenv/massenger.reservira.ir/3.11/lib/python3.11/site-packages/pymysql/cursors.py", line 153, in execute
    result = self._query(query)
             ^^^^^^^^^^^^^^^^^^
  File "/home/qwamjoow/virtualenv/massenger.reservira.ir/3.11/lib/python3.11/site-packages/pymysql/cursors.py", line 322, in _query
    conn.query(q)
  File "/home/qwamjoow/virtualenv/massenger.reservira.ir/3.11/lib/python3.11/site-packages/pymysql/connections.py", line 563, in query
    self._affected_rows = self._read_query_result(unbuffered=unbuffered)
                          ^^^^^^^^^^^^^^^^^^^^^^^^^^^^^^^^^^^^^^^^^^^^^^
  File "/home/qwamjoow/virtualenv/massenger.reservira.ir/3.11/lib/python3.11/site-packages/pymysql/connections.py", line 825, in _read_query_result
    result.read()
  File "/home/qwamjoow/virtualenv/massenger.reservira.ir/3.11/lib/python3.11/site-packages/pymysql/connections.py", line 1199, in read
    first_packet = self.connection._read_packet()
                   ^^^^^^^^^^^^^^^^^^^^^^^^^^^^^^
  File "/home/qwamjoow/virtualenv/massenger.reservira.ir/3.11/lib/python3.11/site-packages/pymysql/connections.py", line 775, in _read_packet
    packet.raise_for_error()
  File "/home/qwamjoow/virtualenv/massenger.reservira.ir/3.11/lib/python3.11/site-packages/pymysql/protocol.py", line 219, in raise_for_error
    err.raise_mysql_exception(self._data)
  File "/home/qwamjoow/virtualenv/massenger.reservira.ir/3.11/lib/python3.11/site-packages/pymysql/err.py", line 150, in raise_mysql_exception
    raise errorclass(errno, errval)
sqlalchemy.exc.IntegrityError: (raised as a result of Query-invoked autoflush; consider using a session.no_autoflush block if this flush is occurring prematurely)
(pymysql.err.IntegrityError) (1062, "Duplicate entry 'b81c581d-9ecf-4a6c-be59-7ae2e255f3d3-3c87f76e-4ba0-470b-8849-317' for key 'message_statuses.uq_message_status'")
[SQL: INSERT INTO message_statuses (id, message_id, user_id, status, delivered_at, read_at, created_at) VALUES (%(id)s, %(message_id)s, %(user_id)s, %(status)s, %(delivered_at)s, %(read_at)s, %(created_at)s)]
[parameters: {'id': '1b61ac56-72cd-479d-b947-ef3c1b186c8a', 'message_id': 'b81c581d-9ecf-4a6c-be59-7ae2e255f3d3', 'user_id': '3c87f76e-4ba0-470b-8849-31739d6280ab', 'status': 'delivered', 'delivered_at': datetime.datetime(2026, 9, 14, 9, 16, 13, 674402), 'read_at': None, 'created_at': datetime.datetime(2026, 9, 14, 9, 16, 13, 680119)}]
(Background on this error at: https://sqlalche.me/e/20/gkpj)
[2026-09-14 12:46:14,720] ERROR in app: Exception on /api/v1/messages/5a55ce54-bbe9-421d-adab-9528d0ae3ff1 [GET]
Traceback (most recent call last):
  File "/home/qwamjoow/virtualenv/massenger.reservira.ir/3.11/lib64/python3.11/site-packages/sqlalchemy/engine/base.py", line 1967, in _exec_single_context
    self.dialect.do_execute(
  File "/home/qwamjoow/virtualenv/massenger.reservira.ir/3.11/lib64/python3.11/site-packages/sqlalchemy/engine/default.py", line 941, in do_execute
    cursor.execute(statement, parameters)
  File "/home/qwamjoow/virtualenv/massenger.reservira.ir/3.11/lib/python3.11/site-packages/pymysql/cursors.py", line 153, in execute
    result = self._query(query)
             ^^^^^^^^^^^^^^^^^^
  File "/home/qwamjoow/virtualenv/massenger.reservira.ir/3.11/lib/python3.11/site-packages/pymysql/cursors.py", line 322, in _query
    conn.query(q)
  File "/home/qwamjoow/virtualenv/massenger.reservira.ir/3.11/lib/python3.11/site-packages/pymysql/connections.py", line 563, in query
    self._affected_rows = self._read_query_result(unbuffered=unbuffered)
                          ^^^^^^^^^^^^^^^^^^^^^^^^^^^^^^^^^^^^^^^^^^^^^^
  File "/home/qwamjoow/virtualenv/massenger.reservira.ir/3.11/lib/python3.11/site-packages/pymysql/connections.py", line 825, in _read_query_result
    result.read()
  File "/home/qwamjoow/virtualenv/massenger.reservira.ir/3.11/lib/python3.11/site-packages/pymysql/connections.py", line 1199, in read
    first_packet = self.connection._read_packet()
                   ^^^^^^^^^^^^^^^^^^^^^^^^^^^^^^
  File "/home/qwamjoow/virtualenv/massenger.reservira.ir/3.11/lib/python3.11/site-packages/pymysql/connections.py", line 775, in _read_packet
    packet.raise_for_error()
  File "/home/qwamjoow/virtualenv/massenger.reservira.ir/3.11/lib/python3.11/site-packages/pymysql/protocol.py", line 219, in raise_for_error
    err.raise_mysql_exception(self._data)
  File "/home/qwamjoow/virtualenv/massenger.reservira.ir/3.11/lib/python3.11/site-packages/pymysql/err.py", line 150, in raise_mysql_exception
    raise errorclass(errno, errval)
pymysql.err.IntegrityError: (1062, "Duplicate entry 'b81c581d-9ecf-4a6c-be59-7ae2e255f3d3-3c87f76e-4ba0-470b-8849-317' for key 'message_statuses.uq_message_status'")

The above exception was the direct cause of the following exception:

Traceback (most recent call last):
  File "/home/qwamjoow/virtualenv/massenger.reservira.ir/3.11/lib/python3.11/site-packages/flask/app.py", line 1473, in wsgi_app
    response = self.full_dispatch_request()
               ^^^^^^^^^^^^^^^^^^^^^^^^^^^^
  File "/home/qwamjoow/virtualenv/massenger.reservira.ir/3.11/lib/python3.11/site-packages/flask/app.py", line 882, in full_dispatch_request
    rv = self.handle_user_exception(e)
         ^^^^^^^^^^^^^^^^^^^^^^^^^^^^^
  File "/home/qwamjoow/virtualenv/massenger.reservira.ir/3.11/lib/python3.11/site-packages/flask_cors/extension.py", line 178, in wrapped_function
    return cors_after_request(app.make_response(f(*args, **kwargs)))
                                                ^^^^^^^^^^^^^^^^^^
  File "/home/qwamjoow/virtualenv/massenger.reservira.ir/3.11/lib/python3.11/site-packages/flask/app.py", line 880, in full_dispatch_request
    rv = self.dispatch_request()
         ^^^^^^^^^^^^^^^^^^^^^^^
  File "/home/qwamjoow/virtualenv/massenger.reservira.ir/3.11/lib/python3.11/site-packages/flask/app.py", line 865, in dispatch_request
    return self.ensure_sync(self.view_functions[rule.endpoint])(**view_args)  # type: ignore[no-any-return]
           ^^^^^^^^^^^^^^^^^^^^^^^^^^^^^^^^^^^^^^^^^^^^^^^^^^^^^^^^^^^^^^^^^
  File "/home/qwamjoow/virtualenv/massenger.reservira.ir/3.11/lib/python3.11/site-packages/flask_jwt_extended/view_decorators.py", line 170, in decorator
    return current_app.ensure_sync(fn)(*args, **kwargs)
           ^^^^^^^^^^^^^^^^^^^^^^^^^^^^^^^^^^^^^^^^^^^^
  File "/home/qwamjoow/massenger.reservira.ir/app/api/messages.py", line 81, in get_messages
    dispatch_scheduled_messages(chat_id)
  File "/home/qwamjoow/massenger.reservira.ir/app/api/messages.py", line 53, in dispatch_scheduled_messages
    chat = db.session.get(Chat, msg.chat_id)
           ^^^^^^^^^^^^^^^^^^^^^^^^^^^^^^^^^
  File "/home/qwamjoow/virtualenv/massenger.reservira.ir/3.11/lib64/python3.11/site-packages/sqlalchemy/orm/scoping.py", line 1060, in get
    return self._proxied.get(
           ^^^^^^^^^^^^^^^^^^
  File "/home/qwamjoow/virtualenv/massenger.reservira.ir/3.11/lib64/python3.11/site-packages/sqlalchemy/orm/session.py", line 3693, in get
    return self._get_impl(
           ^^^^^^^^^^^^^^^
  File "/home/qwamjoow/virtualenv/massenger.reservira.ir/3.11/lib64/python3.11/site-packages/sqlalchemy/orm/session.py", line 3873, in _get_impl
    return db_load_fn(
           ^^^^^^^^^^^
  File "/home/qwamjoow/virtualenv/massenger.reservira.ir/3.11/lib64/python3.11/site-packages/sqlalchemy/orm/loading.py", line 694, in load_on_pk_identity
    session.execute(
  File "/home/qwamjoow/virtualenv/massenger.reservira.ir/3.11/lib64/python3.11/site-packages/sqlalchemy/orm/session.py", line 2362, in execute
    return self._execute_internal(
           ^^^^^^^^^^^^^^^^^^^^^^^
  File "/home/qwamjoow/virtualenv/massenger.reservira.ir/3.11/lib64/python3.11/site-packages/sqlalchemy/orm/session.py", line 2226, in _execute_internal
    ) = compile_state_cls.orm_pre_session_exec(
        ^^^^^^^^^^^^^^^^^^^^^^^^^^^^^^^^^^^^^^^
  File "/home/qwamjoow/virtualenv/massenger.reservira.ir/3.11/lib64/python3.11/site-packages/sqlalchemy/orm/context.py", line 561, in orm_pre_session_exec
    session._autoflush()
  File "/home/qwamjoow/virtualenv/massenger.reservira.ir/3.11/lib64/python3.11/site-packages/sqlalchemy/orm/session.py", line 3061, in _autoflush
    raise e.with_traceback(sys.exc_info()[2])
  File "/home/qwamjoow/virtualenv/massenger.reservira.ir/3.11/lib64/python3.11/site-packages/sqlalchemy/orm/session.py", line 3050, in _autoflush
    self.flush()
  File "/home/qwamjoow/virtualenv/massenger.reservira.ir/3.11/lib64/python3.11/site-packages/sqlalchemy/orm/session.py", line 4352, in flush
    self._flush(objects)
  File "/home/qwamjoow/virtualenv/massenger.reservira.ir/3.11/lib64/python3.11/site-packages/sqlalchemy/orm/session.py", line 4487, in _flush
    with util.safe_reraise():
  File "/home/qwamjoow/virtualenv/massenger.reservira.ir/3.11/lib64/python3.11/site-packages/sqlalchemy/util/langhelpers.py", line 146, in __exit__
    raise exc_value.with_traceback(exc_tb)
  File "/home/qwamjoow/virtualenv/massenger.reservira.ir/3.11/lib64/python3.11/site-packages/sqlalchemy/orm/session.py", line 4448, in _flush
    flush_context.execute()
  File "/home/qwamjoow/virtualenv/massenger.reservira.ir/3.11/lib64/python3.11/site-packages/sqlalchemy/orm/unitofwork.py", line 466, in execute
    rec.execute(self)
  File "/home/qwamjoow/virtualenv/massenger.reservira.ir/3.11/lib64/python3.11/site-packages/sqlalchemy/orm/unitofwork.py", line 642, in execute
    util.preloaded.orm_persistence.save_obj(
  File "/home/qwamjoow/virtualenv/massenger.reservira.ir/3.11/lib64/python3.11/site-packages/sqlalchemy/orm/persistence.py", line 93, in save_obj
    _emit_insert_statements(
  File "/home/qwamjoow/virtualenv/massenger.reservira.ir/3.11/lib64/python3.11/site-packages/sqlalchemy/orm/persistence.py", line 1233, in _emit_insert_statements
    result = connection.execute(
             ^^^^^^^^^^^^^^^^^^^
  File "/home/qwamjoow/virtualenv/massenger.reservira.ir/3.11/lib64/python3.11/site-packages/sqlalchemy/engine/base.py", line 1418, in execute
    return meth(
           ^^^^^
  File "/home/qwamjoow/virtualenv/massenger.reservira.ir/3.11/lib64/python3.11/site-packages/sqlalchemy/sql/elements.py", line 515, in _execute_on_connection
    return connection._execute_clauseelement(
           ^^^^^^^^^^^^^^^^^^^^^^^^^^^^^^^^^^
  File "/home/qwamjoow/virtualenv/massenger.reservira.ir/3.11/lib64/python3.11/site-packages/sqlalchemy/engine/base.py", line 1640, in _execute_clauseelement
    ret = self._execute_context(
          ^^^^^^^^^^^^^^^^^^^^^^
  File "/home/qwamjoow/virtualenv/massenger.reservira.ir/3.11/lib64/python3.11/site-packages/sqlalchemy/engine/base.py", line 1846, in _execute_context
    return self._exec_single_context(
           ^^^^^^^^^^^^^^^^^^^^^^^^^^
  File "/home/qwamjoow/virtualenv/massenger.reservira.ir/3.11/lib64/python3.11/site-packages/sqlalchemy/engine/base.py", line 1986, in _exec_single_context
    self._handle_dbapi_exception(
  File "/home/qwamjoow/virtualenv/massenger.reservira.ir/3.11/lib64/python3.11/site-packages/sqlalchemy/engine/base.py", line 2355, in _handle_dbapi_exception
    raise sqlalchemy_exception.with_traceback(exc_info[2]) from e
  File "/home/qwamjoow/virtualenv/massenger.reservira.ir/3.11/lib64/python3.11/site-packages/sqlalchemy/engine/base.py", line 1967, in _exec_single_context
    self.dialect.do_execute(
  File "/home/qwamjoow/virtualenv/massenger.reservira.ir/3.11/lib64/python3.11/site-packages/sqlalchemy/engine/default.py", line 941, in do_execute
    cursor.execute(statement, parameters)
  File "/home/qwamjoow/virtualenv/massenger.reservira.ir/3.11/lib/python3.11/site-packages/pymysql/cursors.py", line 153, in execute
    result = self._query(query)
             ^^^^^^^^^^^^^^^^^^
  File "/home/qwamjoow/virtualenv/massenger.reservira.ir/3.11/lib/python3.11/site-packages/pymysql/cursors.py", line 322, in _query
    conn.query(q)
  File "/home/qwamjoow/virtualenv/massenger.reservira.ir/3.11/lib/python3.11/site-packages/pymysql/connections.py", line 563, in query
    self._affected_rows = self._read_query_result(unbuffered=unbuffered)
                          ^^^^^^^^^^^^^^^^^^^^^^^^^^^^^^^^^^^^^^^^^^^^^^
  File "/home/qwamjoow/virtualenv/massenger.reservira.ir/3.11/lib/python3.11/site-packages/pymysql/connections.py", line 825, in _read_query_result
    result.read()
  File "/home/qwamjoow/virtualenv/massenger.reservira.ir/3.11/lib/python3.11/site-packages/pymysql/connections.py", line 1199, in read
    first_packet = self.connection._read_packet()
                   ^^^^^^^^^^^^^^^^^^^^^^^^^^^^^^
  File "/home/qwamjoow/virtualenv/massenger.reservira.ir/3.11/lib/python3.11/site-packages/pymysql/connections.py", line 775, in _read_packet
    packet.raise_for_error()
  File "/home/qwamjoow/virtualenv/massenger.reservira.ir/3.11/lib/python3.11/site-packages/pymysql/protocol.py", line 219, in raise_for_error
    err.raise_mysql_exception(self._data)
  File "/home/qwamjoow/virtualenv/massenger.reservira.ir/3.11/lib/python3.11/site-packages/pymysql/err.py", line 150, in raise_mysql_exception
    raise errorclass(errno, errval)
sqlalchemy.exc.IntegrityError: (raised as a result of Query-invoked autoflush; consider using a session.no_autoflush block if this flush is occurring prematurely)
(pymysql.err.IntegrityError) (1062, "Duplicate entry 'b81c581d-9ecf-4a6c-be59-7ae2e255f3d3-3c87f76e-4ba0-470b-8849-317' for key 'message_statuses.uq_message_status'")
[SQL: INSERT INTO message_statuses (id, message_id, user_id, status, delivered_at, read_at, created_at) VALUES (%(id)s, %(message_id)s, %(user_id)s, %(status)s, %(delivered_at)s, %(read_at)s, %(created_at)s)]
[parameters: {'id': 'db27a07e-ae21-475c-b052-a7a700ca8721', 'message_id': 'b81c581d-9ecf-4a6c-be59-7ae2e255f3d3', 'user_id': '3c87f76e-4ba0-470b-8849-31739d6280ab', 'status': 'delivered', 'delivered_at': datetime.datetime(2026, 9, 14, 9, 16, 14, 684927), 'read_at': None, 'created_at': datetime.datetime(2026, 9, 14, 9, 16, 14, 704614)}]
(Background on this error at: https://sqlalche.me/e/20/gkpj)
[2026-09-14 12:46:15,412] ERROR in app: Exception on /api/v1/messages/chat/5a55ce54-bbe9-421d-adab-9528d0ae3ff1/scheduled [GET]
Traceback (most recent call last):
  File "/home/qwamjoow/virtualenv/massenger.reservira.ir/3.11/lib64/python3.11/site-packages/sqlalchemy/engine/base.py", line 1967, in _exec_single_context
    self.dialect.do_execute(
  File "/home/qwamjoow/virtualenv/massenger.reservira.ir/3.11/lib64/python3.11/site-packages/sqlalchemy/engine/default.py", line 941, in do_execute
    cursor.execute(statement, parameters)
  File "/home/qwamjoow/virtualenv/massenger.reservira.ir/3.11/lib/python3.11/site-packages/pymysql/cursors.py", line 153, in execute
    result = self._query(query)
             ^^^^^^^^^^^^^^^^^^
  File "/home/qwamjoow/virtualenv/massenger.reservira.ir/3.11/lib/python3.11/site-packages/pymysql/cursors.py", line 322, in _query
    conn.query(q)
  File "/home/qwamjoow/virtualenv/massenger.reservira.ir/3.11/lib/python3.11/site-packages/pymysql/connections.py", line 563, in query
    self._affected_rows = self._read_query_result(unbuffered=unbuffered)
                          ^^^^^^^^^^^^^^^^^^^^^^^^^^^^^^^^^^^^^^^^^^^^^^
  File "/home/qwamjoow/virtualenv/massenger.reservira.ir/3.11/lib/python3.11/site-packages/pymysql/connections.py", line 825, in _read_query_result
    result.read()
  File "/home/qwamjoow/virtualenv/massenger.reservira.ir/3.11/lib/python3.11/site-packages/pymysql/connections.py", line 1199, in read
    first_packet = self.connection._read_packet()
                   ^^^^^^^^^^^^^^^^^^^^^^^^^^^^^^
  File "/home/qwamjoow/virtualenv/massenger.reservira.ir/3.11/lib/python3.11/site-packages/pymysql/connections.py", line 775, in _read_packet
    packet.raise_for_error()
  File "/home/qwamjoow/virtualenv/massenger.reservira.ir/3.11/lib/python3.11/site-packages/pymysql/protocol.py", line 219, in raise_for_error
    err.raise_mysql_exception(self._data)
  File "/home/qwamjoow/virtualenv/massenger.reservira.ir/3.11/lib/python3.11/site-packages/pymysql/err.py", line 150, in raise_mysql_exception
    raise errorclass(errno, errval)
pymysql.err.IntegrityError: (1062, "Duplicate entry 'b81c581d-9ecf-4a6c-be59-7ae2e255f3d3-3c87f76e-4ba0-470b-8849-317' for key 'message_statuses.uq_message_status'")

The above exception was the direct cause of the following exception:

Traceback (most recent call last):
  File "/home/qwamjoow/virtualenv/massenger.reservira.ir/3.11/lib/python3.11/site-packages/flask/app.py", line 1473, in wsgi_app
    response = self.full_dispatch_request()
               ^^^^^^^^^^^^^^^^^^^^^^^^^^^^
  File "/home/qwamjoow/virtualenv/massenger.reservira.ir/3.11/lib/python3.11/site-packages/flask/app.py", line 882, in full_dispatch_request
    rv = self.handle_user_exception(e)
         ^^^^^^^^^^^^^^^^^^^^^^^^^^^^^
  File "/home/qwamjoow/virtualenv/massenger.reservira.ir/3.11/lib/python3.11/site-packages/flask_cors/extension.py", line 178, in wrapped_function
    return cors_after_request(app.make_response(f(*args, **kwargs)))
                                                ^^^^^^^^^^^^^^^^^^
  File "/home/qwamjoow/virtualenv/massenger.reservira.ir/3.11/lib/python3.11/site-packages/flask/app.py", line 880, in full_dispatch_request
    rv = self.dispatch_request()
         ^^^^^^^^^^^^^^^^^^^^^^^
  File "/home/qwamjoow/virtualenv/massenger.reservira.ir/3.11/lib/python3.11/site-packages/flask/app.py", line 865, in dispatch_request
    return self.ensure_sync(self.view_functions[rule.endpoint])(**view_args)  # type: ignore[no-any-return]
           ^^^^^^^^^^^^^^^^^^^^^^^^^^^^^^^^^^^^^^^^^^^^^^^^^^^^^^^^^^^^^^^^^
  File "/home/qwamjoow/virtualenv/massenger.reservira.ir/3.11/lib/python3.11/site-packages/flask_jwt_extended/view_decorators.py", line 170, in decorator
    return current_app.ensure_sync(fn)(*args, **kwargs)
           ^^^^^^^^^^^^^^^^^^^^^^^^^^^^^^^^^^^^^^^^^^^^
  File "/home/qwamjoow/massenger.reservira.ir/app/api/messages.py", line 955, in get_scheduled_messages
    dispatch_scheduled_messages(chat_id)
  File "/home/qwamjoow/massenger.reservira.ir/app/api/messages.py", line 53, in dispatch_scheduled_messages
    chat = db.session.get(Chat, msg.chat_id)
           ^^^^^^^^^^^^^^^^^^^^^^^^^^^^^^^^^
  File "/home/qwamjoow/virtualenv/massenger.reservira.ir/3.11/lib64/python3.11/site-packages/sqlalchemy/orm/scoping.py", line 1060, in get
    return self._proxied.get(
           ^^^^^^^^^^^^^^^^^^
  File "/home/qwamjoow/virtualenv/massenger.reservira.ir/3.11/lib64/python3.11/site-packages/sqlalchemy/orm/session.py", line 3693, in get
    return self._get_impl(
           ^^^^^^^^^^^^^^^
  File "/home/qwamjoow/virtualenv/massenger.reservira.ir/3.11/lib64/python3.11/site-packages/sqlalchemy/orm/session.py", line 3873, in _get_impl
    return db_load_fn(
           ^^^^^^^^^^^
  File "/home/qwamjoow/virtualenv/massenger.reservira.ir/3.11/lib64/python3.11/site-packages/sqlalchemy/orm/loading.py", line 694, in load_on_pk_identity
    session.execute(
  File "/home/qwamjoow/virtualenv/massenger.reservira.ir/3.11/lib64/python3.11/site-packages/sqlalchemy/orm/session.py", line 2362, in execute
    return self._execute_internal(
           ^^^^^^^^^^^^^^^^^^^^^^^
  File "/home/qwamjoow/virtualenv/massenger.reservira.ir/3.11/lib64/python3.11/site-packages/sqlalchemy/orm/session.py", line 2226, in _execute_internal
    ) = compile_state_cls.orm_pre_session_exec(
        ^^^^^^^^^^^^^^^^^^^^^^^^^^^^^^^^^^^^^^^
  File "/home/qwamjoow/virtualenv/massenger.reservira.ir/3.11/lib64/python3.11/site-packages/sqlalchemy/orm/context.py", line 561, in orm_pre_session_exec
    session._autoflush()
  File "/home/qwamjoow/virtualenv/massenger.reservira.ir/3.11/lib64/python3.11/site-packages/sqlalchemy/orm/session.py", line 3061, in _autoflush
    raise e.with_traceback(sys.exc_info()[2])
  File "/home/qwamjoow/virtualenv/massenger.reservira.ir/3.11/lib64/python3.11/site-packages/sqlalchemy/orm/session.py", line 3050, in _autoflush
    self.flush()
  File "/home/qwamjoow/virtualenv/massenger.reservira.ir/3.11/lib64/python3.11/site-packages/sqlalchemy/orm/session.py", line 4352, in flush
    self._flush(objects)
  File "/home/qwamjoow/virtualenv/massenger.reservira.ir/3.11/lib64/python3.11/site-packages/sqlalchemy/orm/session.py", line 4487, in _flush
    with util.safe_reraise():
  File "/home/qwamjoow/virtualenv/massenger.reservira.ir/3.11/lib64/python3.11/site-packages/sqlalchemy/util/langhelpers.py", line 146, in __exit__
    raise exc_value.with_traceback(exc_tb)
  File "/home/qwamjoow/virtualenv/massenger.reservira.ir/3.11/lib64/python3.11/site-packages/sqlalchemy/orm/session.py", line 4448, in _flush
    flush_context.execute()
  File "/home/qwamjoow/virtualenv/massenger.reservira.ir/3.11/lib64/python3.11/site-packages/sqlalchemy/orm/unitofwork.py", line 466, in execute
    rec.execute(self)
  File "/home/qwamjoow/virtualenv/massenger.reservira.ir/3.11/lib64/python3.11/site-packages/sqlalchemy/orm/unitofwork.py", line 642, in execute
    util.preloaded.orm_persistence.save_obj(
  File "/home/qwamjoow/virtualenv/massenger.reservira.ir/3.11/lib64/python3.11/site-packages/sqlalchemy/orm/persistence.py", line 93, in save_obj
    _emit_insert_statements(
  File "/home/qwamjoow/virtualenv/massenger.reservira.ir/3.11/lib64/python3.11/site-packages/sqlalchemy/orm/persistence.py", line 1233, in _emit_insert_statements
    result = connection.execute(
             ^^^^^^^^^^^^^^^^^^^
  File "/home/qwamjoow/virtualenv/massenger.reservira.ir/3.11/lib64/python3.11/site-packages/sqlalchemy/engine/base.py", line 1418, in execute
    return meth(
           ^^^^^
  File "/home/qwamjoow/virtualenv/massenger.reservira.ir/3.11/lib64/python3.11/site-packages/sqlalchemy/sql/elements.py", line 515, in _execute_on_connection
    return connection._execute_clauseelement(
           ^^^^^^^^^^^^^^^^^^^^^^^^^^^^^^^^^^
  File "/home/qwamjoow/virtualenv/massenger.reservira.ir/3.11/lib64/python3.11/site-packages/sqlalchemy/engine/base.py", line 1640, in _execute_clauseelement
    ret = self._execute_context(
          ^^^^^^^^^^^^^^^^^^^^^^
  File "/home/qwamjoow/virtualenv/massenger.reservira.ir/3.11/lib64/python3.11/site-packages/sqlalchemy/engine/base.py", line 1846, in _execute_context
    return self._exec_single_context(
           ^^^^^^^^^^^^^^^^^^^^^^^^^^
  File "/home/qwamjoow/virtualenv/massenger.reservira.ir/3.11/lib64/python3.11/site-packages/sqlalchemy/engine/base.py", line 1986, in _exec_single_context
    self._handle_dbapi_exception(
  File "/home/qwamjoow/virtualenv/massenger.reservira.ir/3.11/lib64/python3.11/site-packages/sqlalchemy/engine/base.py", line 2355, in _handle_dbapi_exception
    raise sqlalchemy_exception.with_traceback(exc_info[2]) from e
  File "/home/qwamjoow/virtualenv/massenger.reservira.ir/3.11/lib64/python3.11/site-packages/sqlalchemy/engine/base.py", line 1967, in _exec_single_context
    self.dialect.do_execute(
  File "/home/qwamjoow/virtualenv/massenger.reservira.ir/3.11/lib64/python3.11/site-packages/sqlalchemy/engine/default.py", line 941, in do_execute
    cursor.execute(statement, parameters)
  File "/home/qwamjoow/virtualenv/massenger.reservira.ir/3.11/lib/python3.11/site-packages/pymysql/cursors.py", line 153, in execute
    result = self._query(query)
             ^^^^^^^^^^^^^^^^^^
  File "/home/qwamjoow/virtualenv/massenger.reservira.ir/3.11/lib/python3.11/site-packages/pymysql/cursors.py", line 322, in _query
    conn.query(q)
  File "/home/qwamjoow/virtualenv/massenger.reservira.ir/3.11/lib/python3.11/site-packages/pymysql/connections.py", line 563, in query
    self._affected_rows = self._read_query_result(unbuffered=unbuffered)
                          ^^^^^^^^^^^^^^^^^^^^^^^^^^^^^^^^^^^^^^^^^^^^^^
  File "/home/qwamjoow/virtualenv/massenger.reservira.ir/3.11/lib/python3.11/site-packages/pymysql/connections.py", line 825, in _read_query_result
    result.read()
  File "/home/qwamjoow/virtualenv/massenger.reservira.ir/3.11/lib/python3.11/site-packages/pymysql/connections.py", line 1199, in read
    first_packet = self.connection._read_packet()
                   ^^^^^^^^^^^^^^^^^^^^^^^^^^^^^^
  File "/home/qwamjoow/virtualenv/massenger.reservira.ir/3.11/lib/python3.11/site-packages/pymysql/connections.py", line 775, in _read_packet
    packet.raise_for_error()
  File "/home/qwamjoow/virtualenv/massenger.reservira.ir/3.11/lib/python3.11/site-packages/pymysql/protocol.py", line 219, in raise_for_error
    err.raise_mysql_exception(self._data)
  File "/home/qwamjoow/virtualenv/massenger.reservira.ir/3.11/lib/python3.11/site-packages/pymysql/err.py", line 150, in raise_mysql_exception
    raise errorclass(errno, errval)
sqlalchemy.exc.IntegrityError: (raised as a result of Query-invoked autoflush; consider using a session.no_autoflush block if this flush is occurring prematurely)
(pymysql.err.IntegrityError) (1062, "Duplicate entry 'b81c581d-9ecf-4a6c-be59-7ae2e255f3d3-3c87f76e-4ba0-470b-8849-317' for key 'message_statuses.uq_message_status'")
[SQL: INSERT INTO message_statuses (id, message_id, user_id, status, delivered_at, read_at, created_at) VALUES (%(id)s, %(message_id)s, %(user_id)s, %(status)s, %(delivered_at)s, %(read_at)s, %(created_at)s)]
[parameters: {'id': 'c2d3d52f-f9c3-4f5a-bbc8-d837e49ce077', 'message_id': 'b81c581d-9ecf-4a6c-be59-7ae2e255f3d3', 'user_id': '3c87f76e-4ba0-470b-8849-31739d6280ab', 'status': 'delivered', 'delivered_at': datetime.datetime(2026, 9, 14, 9, 16, 15, 392003), 'read_at': None, 'created_at': datetime.datetime(2026, 9, 14, 9, 16, 15, 399699)}]
(Background on this error at: https://sqlalche.me/e/20/gkpj)
[2026-09-14 12:46:15,954] ERROR in app: Exception on /api/v1/messages/5a55ce54-bbe9-421d-adab-9528d0ae3ff1 [GET]
Traceback (most recent call last):
  File "/home/qwamjoow/virtualenv/massenger.reservira.ir/3.11/lib64/python3.11/site-packages/sqlalchemy/engine/base.py", line 1967, in _exec_single_context
    self.dialect.do_execute(
  File "/home/qwamjoow/virtualenv/massenger.reservira.ir/3.11/lib64/python3.11/site-packages/sqlalchemy/engine/default.py", line 941, in do_execute
    cursor.execute(statement, parameters)
  File "/home/qwamjoow/virtualenv/massenger.reservira.ir/3.11/lib/python3.11/site-packages/pymysql/cursors.py", line 153, in execute
    result = self._query(query)
             ^^^^^^^^^^^^^^^^^^
  File "/home/qwamjoow/virtualenv/massenger.reservira.ir/3.11/lib/python3.11/site-packages/pymysql/cursors.py", line 322, in _query
    conn.query(q)
  File "/home/qwamjoow/virtualenv/massenger.reservira.ir/3.11/lib/python3.11/site-packages/pymysql/connections.py", line 563, in query
    self._affected_rows = self._read_query_result(unbuffered=unbuffered)
                          ^^^^^^^^^^^^^^^^^^^^^^^^^^^^^^^^^^^^^^^^^^^^^^
  File "/home/qwamjoow/virtualenv/massenger.reservira.ir/3.11/lib/python3.11/site-packages/pymysql/connections.py", line 825, in _read_query_result
    result.read()
  File "/home/qwamjoow/virtualenv/massenger.reservira.ir/3.11/lib/python3.11/site-packages/pymysql/connections.py", line 1199, in read
    first_packet = self.connection._read_packet()
                   ^^^^^^^^^^^^^^^^^^^^^^^^^^^^^^
  File "/home/qwamjoow/virtualenv/massenger.reservira.ir/3.11/lib/python3.11/site-packages/pymysql/connections.py", line 775, in _read_packet
    packet.raise_for_error()
  File "/home/qwamjoow/virtualenv/massenger.reservira.ir/3.11/lib/python3.11/site-packages/pymysql/protocol.py", line 219, in raise_for_error
    err.raise_mysql_exception(self._data)
  File "/home/qwamjoow/virtualenv/massenger.reservira.ir/3.11/lib/python3.11/site-packages/pymysql/err.py", line 150, in raise_mysql_exception
    raise errorclass(errno, errval)
pymysql.err.IntegrityError: (1062, "Duplicate entry 'b81c581d-9ecf-4a6c-be59-7ae2e255f3d3-3c87f76e-4ba0-470b-8849-317' for key 'message_statuses.uq_message_status'")

The above exception was the direct cause of the following exception:

Traceback (most recent call last):
  File "/home/qwamjoow/virtualenv/massenger.reservira.ir/3.11/lib/python3.11/site-packages/flask/app.py", line 1473, in wsgi_app
    response = self.full_dispatch_request()
               ^^^^^^^^^^^^^^^^^^^^^^^^^^^^
  File "/home/qwamjoow/virtualenv/massenger.reservira.ir/3.11/lib/python3.11/site-packages/flask/app.py", line 882, in full_dispatch_request
    rv = self.handle_user_exception(e)
         ^^^^^^^^^^^^^^^^^^^^^^^^^^^^^
  File "/home/qwamjoow/virtualenv/massenger.reservira.ir/3.11/lib/python3.11/site-packages/flask_cors/extension.py", line 178, in wrapped_function
    return cors_after_request(app.make_response(f(*args, **kwargs)))
                                                ^^^^^^^^^^^^^^^^^^
  File "/home/qwamjoow/virtualenv/massenger.reservira.ir/3.11/lib/python3.11/site-packages/flask/app.py", line 880, in full_dispatch_request
    rv = self.dispatch_request()
         ^^^^^^^^^^^^^^^^^^^^^^^
  File "/home/qwamjoow/virtualenv/massenger.reservira.ir/3.11/lib/python3.11/site-packages/flask/app.py", line 865, in dispatch_request
    return self.ensure_sync(self.view_functions[rule.endpoint])(**view_args)  # type: ignore[no-any-return]
           ^^^^^^^^^^^^^^^^^^^^^^^^^^^^^^^^^^^^^^^^^^^^^^^^^^^^^^^^^^^^^^^^^
  File "/home/qwamjoow/virtualenv/massenger.reservira.ir/3.11/lib/python3.11/site-packages/flask_jwt_extended/view_decorators.py", line 170, in decorator
    return current_app.ensure_sync(fn)(*args, **kwargs)
           ^^^^^^^^^^^^^^^^^^^^^^^^^^^^^^^^^^^^^^^^^^^^
  File "/home/qwamjoow/massenger.reservira.ir/app/api/messages.py", line 81, in get_messages
    dispatch_scheduled_messages(chat_id)
  File "/home/qwamjoow/massenger.reservira.ir/app/api/messages.py", line 53, in dispatch_scheduled_messages
    chat = db.session.get(Chat, msg.chat_id)
           ^^^^^^^^^^^^^^^^^^^^^^^^^^^^^^^^^
  File "/home/qwamjoow/virtualenv/massenger.reservira.ir/3.11/lib64/python3.11/site-packages/sqlalchemy/orm/scoping.py", line 1060, in get
    return self._proxied.get(
           ^^^^^^^^^^^^^^^^^^
  File "/home/qwamjoow/virtualenv/massenger.reservira.ir/3.11/lib64/python3.11/site-packages/sqlalchemy/orm/session.py", line 3693, in get
    return self._get_impl(
           ^^^^^^^^^^^^^^^
  File "/home/qwamjoow/virtualenv/massenger.reservira.ir/3.11/lib64/python3.11/site-packages/sqlalchemy/orm/session.py", line 3873, in _get_impl
    return db_load_fn(
           ^^^^^^^^^^^
  File "/home/qwamjoow/virtualenv/massenger.reservira.ir/3.11/lib64/python3.11/site-packages/sqlalchemy/orm/loading.py", line 694, in load_on_pk_identity
    session.execute(
  File "/home/qwamjoow/virtualenv/massenger.reservira.ir/3.11/lib64/python3.11/site-packages/sqlalchemy/orm/session.py", line 2362, in execute
    return self._execute_internal(
           ^^^^^^^^^^^^^^^^^^^^^^^
  File "/home/qwamjoow/virtualenv/massenger.reservira.ir/3.11/lib64/python3.11/site-packages/sqlalchemy/orm/session.py", line 2226, in _execute_internal
    ) = compile_state_cls.orm_pre_session_exec(
        ^^^^^^^^^^^^^^^^^^^^^^^^^^^^^^^^^^^^^^^
  File "/home/qwamjoow/virtualenv/massenger.reservira.ir/3.11/lib64/python3.11/site-packages/sqlalchemy/orm/context.py", line 561, in orm_pre_session_exec
    session._autoflush()
  File "/home/qwamjoow/virtualenv/massenger.reservira.ir/3.11/lib64/python3.11/site-packages/sqlalchemy/orm/session.py", line 3061, in _autoflush
    raise e.with_traceback(sys.exc_info()[2])
  File "/home/qwamjoow/virtualenv/massenger.reservira.ir/3.11/lib64/python3.11/site-packages/sqlalchemy/orm/session.py", line 3050, in _autoflush
    self.flush()
  File "/home/qwamjoow/virtualenv/massenger.reservira.ir/3.11/lib64/python3.11/site-packages/sqlalchemy/orm/session.py", line 4352, in flush
    self._flush(objects)
  File "/home/qwamjoow/virtualenv/massenger.reservira.ir/3.11/lib64/python3.11/site-packages/sqlalchemy/orm/session.py", line 4487, in _flush
    with util.safe_reraise():
  File "/home/qwamjoow/virtualenv/massenger.reservira.ir/3.11/lib64/python3.11/site-packages/sqlalchemy/util/langhelpers.py", line 146, in __exit__
    raise exc_value.with_traceback(exc_tb)
  File "/home/qwamjoow/virtualenv/massenger.reservira.ir/3.11/lib64/python3.11/site-packages/sqlalchemy/orm/session.py", line 4448, in _flush
    flush_context.execute()
  File "/home/qwamjoow/virtualenv/massenger.reservira.ir/3.11/lib64/python3.11/site-packages/sqlalchemy/orm/unitofwork.py", line 466, in execute
    rec.execute(self)
  File "/home/qwamjoow/virtualenv/massenger.reservira.ir/3.11/lib64/python3.11/site-packages/sqlalchemy/orm/unitofwork.py", line 642, in execute
    util.preloaded.orm_persistence.save_obj(
  File "/home/qwamjoow/virtualenv/massenger.reservira.ir/3.11/lib64/python3.11/site-packages/sqlalchemy/orm/persistence.py", line 93, in save_obj
    _emit_insert_statements(
  File "/home/qwamjoow/virtualenv/massenger.reservira.ir/3.11/lib64/python3.11/site-packages/sqlalchemy/orm/persistence.py", line 1233, in _emit_insert_statements
    result = connection.execute(
             ^^^^^^^^^^^^^^^^^^^
  File "/home/qwamjoow/virtualenv/massenger.reservira.ir/3.11/lib64/python3.11/site-packages/sqlalchemy/engine/base.py", line 1418, in execute
    return meth(
           ^^^^^
  File "/home/qwamjoow/virtualenv/massenger.reservira.ir/3.11/lib64/python3.11/site-packages/sqlalchemy/sql/elements.py", line 515, in _execute_on_connection
    return connection._execute_clauseelement(
           ^^^^^^^^^^^^^^^^^^^^^^^^^^^^^^^^^^
  File "/home/qwamjoow/virtualenv/massenger.reservira.ir/3.11/lib64/python3.11/site-packages/sqlalchemy/engine/base.py", line 1640, in _execute_clauseelement
    ret = self._execute_context(
          ^^^^^^^^^^^^^^^^^^^^^^
  File "/home/qwamjoow/virtualenv/massenger.reservira.ir/3.11/lib64/python3.11/site-packages/sqlalchemy/engine/base.py", line 1846, in _execute_context
    return self._exec_single_context(
           ^^^^^^^^^^^^^^^^^^^^^^^^^^
  File "/home/qwamjoow/virtualenv/massenger.reservira.ir/3.11/lib64/python3.11/site-packages/sqlalchemy/engine/base.py", line 1986, in _exec_single_context
    self._handle_dbapi_exception(
  File "/home/qwamjoow/virtualenv/massenger.reservira.ir/3.11/lib64/python3.11/site-packages/sqlalchemy/engine/base.py", line 2355, in _handle_dbapi_exception
    raise sqlalchemy_exception.with_traceback(exc_info[2]) from e
  File "/home/qwamjoow/virtualenv/massenger.reservira.ir/3.11/lib64/python3.11/site-packages/sqlalchemy/engine/base.py", line 1967, in _exec_single_context
    self.dialect.do_execute(
  File "/home/qwamjoow/virtualenv/massenger.reservira.ir/3.11/lib64/python3.11/site-packages/sqlalchemy/engine/default.py", line 941, in do_execute
    cursor.execute(statement, parameters)
  File "/home/qwamjoow/virtualenv/massenger.reservira.ir/3.11/lib/python3.11/site-packages/pymysql/cursors.py", line 153, in execute
    result = self._query(query)
             ^^^^^^^^^^^^^^^^^^
  File "/home/qwamjoow/virtualenv/massenger.reservira.ir/3.11/lib/python3.11/site-packages/pymysql/cursors.py", line 322, in _query
    conn.query(q)
  File "/home/qwamjoow/virtualenv/massenger.reservira.ir/3.11/lib/python3.11/site-packages/pymysql/connections.py", line 563, in query
    self._affected_rows = self._read_query_result(unbuffered=unbuffered)
                          ^^^^^^^^^^^^^^^^^^^^^^^^^^^^^^^^^^^^^^^^^^^^^^
  File "/home/qwamjoow/virtualenv/massenger.reservira.ir/3.11/lib/python3.11/site-packages/pymysql/connections.py", line 825, in _read_query_result
    result.read()
  File "/home/qwamjoow/virtualenv/massenger.reservira.ir/3.11/lib/python3.11/site-packages/pymysql/connections.py", line 1199, in read
    first_packet = self.connection._read_packet()
                   ^^^^^^^^^^^^^^^^^^^^^^^^^^^^^^
  File "/home/qwamjoow/virtualenv/massenger.reservira.ir/3.11/lib/python3.11/site-packages/pymysql/connections.py", line 775, in _read_packet
    packet.raise_for_error()
  File "/home/qwamjoow/virtualenv/massenger.reservira.ir/3.11/lib/python3.11/site-packages/pymysql/protocol.py", line 219, in raise_for_error
    err.raise_mysql_exception(self._data)
  File "/home/qwamjoow/virtualenv/massenger.reservira.ir/3.11/lib/python3.11/site-packages/pymysql/err.py", line 150, in raise_mysql_exception
    raise errorclass(errno, errval)
sqlalchemy.exc.IntegrityError: (raised as a result of Query-invoked autoflush; consider using a session.no_autoflush block if this flush is occurring prematurely)
(pymysql.err.IntegrityError) (1062, "Duplicate entry 'b81c581d-9ecf-4a6c-be59-7ae2e255f3d3-3c87f76e-4ba0-470b-8849-317' for key 'message_statuses.uq_message_status'")
[SQL: INSERT INTO message_statuses (id, message_id, user_id, status, delivered_at, read_at, created_at) VALUES (%(id)s, %(message_id)s, %(user_id)s, %(status)s, %(delivered_at)s, %(read_at)s, %(created_at)s)]
[parameters: {'id': 'e9054755-9eee-4e10-a81d-87b6fd142a6c', 'message_id': 'b81c581d-9ecf-4a6c-be59-7ae2e255f3d3', 'user_id': '3c87f76e-4ba0-470b-8849-31739d6280ab', 'status': 'delivered', 'delivered_at': datetime.datetime(2026, 9, 14, 9, 16, 15, 924290), 'read_at': None, 'created_at': datetime.datetime(2026, 9, 14, 9, 16, 15, 930989)}]
(Background on this error at: https://sqlalche.me/e/20/gkpj)
[2026-09-14 12:46:17,666] ERROR in app: Exception on /api/v1/messages/5a55ce54-bbe9-421d-adab-9528d0ae3ff1 [GET]
Traceback (most recent call last):
  File "/home/qwamjoow/virtualenv/massenger.reservira.ir/3.11/lib64/python3.11/site-packages/sqlalchemy/engine/base.py", line 1967, in _exec_single_context
    self.dialect.do_execute(
  File "/home/qwamjoow/virtualenv/massenger.reservira.ir/3.11/lib64/python3.11/site-packages/sqlalchemy/engine/default.py", line 941, in do_execute
    cursor.execute(statement, parameters)
  File "/home/qwamjoow/virtualenv/massenger.reservira.ir/3.11/lib/python3.11/site-packages/pymysql/cursors.py", line 153, in execute
    result = self._query(query)
             ^^^^^^^^^^^^^^^^^^
  File "/home/qwamjoow/virtualenv/massenger.reservira.ir/3.11/lib/python3.11/site-packages/pymysql/cursors.py", line 322, in _query
    conn.query(q)
  File "/home/qwamjoow/virtualenv/massenger.reservira.ir/3.11/lib/python3.11/site-packages/pymysql/connections.py", line 563, in query
    self._affected_rows = self._read_query_result(unbuffered=unbuffered)
                          ^^^^^^^^^^^^^^^^^^^^^^^^^^^^^^^^^^^^^^^^^^^^^^
  File "/home/qwamjoow/virtualenv/massenger.reservira.ir/3.11/lib/python3.11/site-packages/pymysql/connections.py", line 825, in _read_query_result
    result.read()
  File "/home/qwamjoow/virtualenv/massenger.reservira.ir/3.11/lib/python3.11/site-packages/pymysql/connections.py", line 1199, in read
    first_packet = self.connection._read_packet()
                   ^^^^^^^^^^^^^^^^^^^^^^^^^^^^^^
  File "/home/qwamjoow/virtualenv/massenger.reservira.ir/3.11/lib/python3.11/site-packages/pymysql/connections.py", line 775, in _read_packet
    packet.raise_for_error()
  File "/home/qwamjoow/virtualenv/massenger.reservira.ir/3.11/lib/python3.11/site-packages/pymysql/protocol.py", line 219, in raise_for_error
    err.raise_mysql_exception(self._data)
  File "/home/qwamjoow/virtualenv/massenger.reservira.ir/3.11/lib/python3.11/site-packages/pymysql/err.py", line 150, in raise_mysql_exception
    raise errorclass(errno, errval)
pymysql.err.IntegrityError: (1062, "Duplicate entry 'b81c581d-9ecf-4a6c-be59-7ae2e255f3d3-3c87f76e-4ba0-470b-8849-317' for key 'message_statuses.uq_message_status'")

The above exception was the direct cause of the following exception:

Traceback (most recent call last):
  File "/home/qwamjoow/virtualenv/massenger.reservira.ir/3.11/lib/python3.11/site-packages/flask/app.py", line 1473, in wsgi_app
    response = self.full_dispatch_request()
               ^^^^^^^^^^^^^^^^^^^^^^^^^^^^
  File "/home/qwamjoow/virtualenv/massenger.reservira.ir/3.11/lib/python3.11/site-packages/flask/app.py", line 882, in full_dispatch_request
    rv = self.handle_user_exception(e)
         ^^^^^^^^^^^^^^^^^^^^^^^^^^^^^
  File "/home/qwamjoow/virtualenv/massenger.reservira.ir/3.11/lib/python3.11/site-packages/flask_cors/extension.py", line 178, in wrapped_function
    return cors_after_request(app.make_response(f(*args, **kwargs)))
                                                ^^^^^^^^^^^^^^^^^^
  File "/home/qwamjoow/virtualenv/massenger.reservira.ir/3.11/lib/python3.11/site-packages/flask/app.py", line 880, in full_dispatch_request
    rv = self.dispatch_request()
         ^^^^^^^^^^^^^^^^^^^^^^^
  File "/home/qwamjoow/virtualenv/massenger.reservira.ir/3.11/lib/python3.11/site-packages/flask/app.py", line 865, in dispatch_request
    return self.ensure_sync(self.view_functions[rule.endpoint])(**view_args)  # type: ignore[no-any-return]
           ^^^^^^^^^^^^^^^^^^^^^^^^^^^^^^^^^^^^^^^^^^^^^^^^^^^^^^^^^^^^^^^^^
  File "/home/qwamjoow/virtualenv/massenger.reservira.ir/3.11/lib/python3.11/site-packages/flask_jwt_extended/view_decorators.py", line 170, in decorator
    return current_app.ensure_sync(fn)(*args, **kwargs)
           ^^^^^^^^^^^^^^^^^^^^^^^^^^^^^^^^^^^^^^^^^^^^
  File "/home/qwamjoow/massenger.reservira.ir/app/api/messages.py", line 81, in get_messages
    dispatch_scheduled_messages(chat_id)
  File "/home/qwamjoow/massenger.reservira.ir/app/api/messages.py", line 53, in dispatch_scheduled_messages
    chat = db.session.get(Chat, msg.chat_id)
           ^^^^^^^^^^^^^^^^^^^^^^^^^^^^^^^^^
  File "/home/qwamjoow/virtualenv/massenger.reservira.ir/3.11/lib64/python3.11/site-packages/sqlalchemy/orm/scoping.py", line 1060, in get
    return self._proxied.get(
           ^^^^^^^^^^^^^^^^^^
  File "/home/qwamjoow/virtualenv/massenger.reservira.ir/3.11/lib64/python3.11/site-packages/sqlalchemy/orm/session.py", line 3693, in get
    return self._get_impl(
           ^^^^^^^^^^^^^^^
  File "/home/qwamjoow/virtualenv/massenger.reservira.ir/3.11/lib64/python3.11/site-packages/sqlalchemy/orm/session.py", line 3873, in _get_impl
    return db_load_fn(
           ^^^^^^^^^^^
  File "/home/qwamjoow/virtualenv/massenger.reservira.ir/3.11/lib64/python3.11/site-packages/sqlalchemy/orm/loading.py", line 694, in load_on_pk_identity
    session.execute(
  File "/home/qwamjoow/virtualenv/massenger.reservira.ir/3.11/lib64/python3.11/site-packages/sqlalchemy/orm/session.py", line 2362, in execute
    return self._execute_internal(
           ^^^^^^^^^^^^^^^^^^^^^^^
  File "/home/qwamjoow/virtualenv/massenger.reservira.ir/3.11/lib64/python3.11/site-packages/sqlalchemy/orm/session.py", line 2226, in _execute_internal
    ) = compile_state_cls.orm_pre_session_exec(
        ^^^^^^^^^^^^^^^^^^^^^^^^^^^^^^^^^^^^^^^
  File "/home/qwamjoow/virtualenv/massenger.reservira.ir/3.11/lib64/python3.11/site-packages/sqlalchemy/orm/context.py", line 561, in orm_pre_session_exec
    session._autoflush()
  File "/home/qwamjoow/virtualenv/massenger.reservira.ir/3.11/lib64/python3.11/site-packages/sqlalchemy/orm/session.py", line 3061, in _autoflush
    raise e.with_traceback(sys.exc_info()[2])
  File "/home/qwamjoow/virtualenv/massenger.reservira.ir/3.11/lib64/python3.11/site-packages/sqlalchemy/orm/session.py", line 3050, in _autoflush
    self.flush()
  File "/home/qwamjoow/virtualenv/massenger.reservira.ir/3.11/lib64/python3.11/site-packages/sqlalchemy/orm/session.py", line 4352, in flush
    self._flush(objects)
  File "/home/qwamjoow/virtualenv/massenger.reservira.ir/3.11/lib64/python3.11/site-packages/sqlalchemy/orm/session.py", line 4487, in _flush
    with util.safe_reraise():
  File "/home/qwamjoow/virtualenv/massenger.reservira.ir/3.11/lib64/python3.11/site-packages/sqlalchemy/util/langhelpers.py", line 146, in __exit__
    raise exc_value.with_traceback(exc_tb)
  File "/home/qwamjoow/virtualenv/massenger.reservira.ir/3.11/lib64/python3.11/site-packages/sqlalchemy/orm/session.py", line 4448, in _flush
    flush_context.execute()
  File "/home/qwamjoow/virtualenv/massenger.reservira.ir/3.11/lib64/python3.11/site-packages/sqlalchemy/orm/unitofwork.py", line 466, in execute
    rec.execute(self)
  File "/home/qwamjoow/virtualenv/massenger.reservira.ir/3.11/lib64/python3.11/site-packages/sqlalchemy/orm/unitofwork.py", line 642, in execute
    util.preloaded.orm_persistence.save_obj(
  File "/home/qwamjoow/virtualenv/massenger.reservira.ir/3.11/lib64/python3.11/site-packages/sqlalchemy/orm/persistence.py", line 93, in save_obj
    _emit_insert_statements(
  File "/home/qwamjoow/virtualenv/massenger.reservira.ir/3.11/lib64/python3.11/site-packages/sqlalchemy/orm/persistence.py", line 1233, in _emit_insert_statements
    result = connection.execute(
             ^^^^^^^^^^^^^^^^^^^
  File "/home/qwamjoow/virtualenv/massenger.reservira.ir/3.11/lib64/python3.11/site-packages/sqlalchemy/engine/base.py", line 1418, in execute
    return meth(
           ^^^^^
  File "/home/qwamjoow/virtualenv/massenger.reservira.ir/3.11/lib64/python3.11/site-packages/sqlalchemy/sql/elements.py", line 515, in _execute_on_connection
    return connection._execute_clauseelement(
           ^^^^^^^^^^^^^^^^^^^^^^^^^^^^^^^^^^
  File "/home/qwamjoow/virtualenv/massenger.reservira.ir/3.11/lib64/python3.11/site-packages/sqlalchemy/engine/base.py", line 1640, in _execute_clauseelement
    ret = self._execute_context(
          ^^^^^^^^^^^^^^^^^^^^^^
  File "/home/qwamjoow/virtualenv/massenger.reservira.ir/3.11/lib64/python3.11/site-packages/sqlalchemy/engine/base.py", line 1846, in _execute_context
    return self._exec_single_context(
           ^^^^^^^^^^^^^^^^^^^^^^^^^^
  File "/home/qwamjoow/virtualenv/massenger.reservira.ir/3.11/lib64/python3.11/site-packages/sqlalchemy/engine/base.py", line 1986, in _exec_single_context
    self._handle_dbapi_exception(
  File "/home/qwamjoow/virtualenv/massenger.reservira.ir/3.11/lib64/python3.11/site-packages/sqlalchemy/engine/base.py", line 2355, in _handle_dbapi_exception
    raise sqlalchemy_exception.with_traceback(exc_info[2]) from e
  File "/home/qwamjoow/virtualenv/massenger.reservira.ir/3.11/lib64/python3.11/site-packages/sqlalchemy/engine/base.py", line 1967, in _exec_single_context
    self.dialect.do_execute(
  File "/home/qwamjoow/virtualenv/massenger.reservira.ir/3.11/lib64/python3.11/site-packages/sqlalchemy/engine/default.py", line 941, in do_execute
    cursor.execute(statement, parameters)
  File "/home/qwamjoow/virtualenv/massenger.reservira.ir/3.11/lib/python3.11/site-packages/pymysql/cursors.py", line 153, in execute
    result = self._query(query)
             ^^^^^^^^^^^^^^^^^^
  File "/home/qwamjoow/virtualenv/massenger.reservira.ir/3.11/lib/python3.11/site-packages/pymysql/cursors.py", line 322, in _query
    conn.query(q)
  File "/home/qwamjoow/virtualenv/massenger.reservira.ir/3.11/lib/python3.11/site-packages/pymysql/connections.py", line 563, in query
    self._affected_rows = self._read_query_result(unbuffered=unbuffered)
                          ^^^^^^^^^^^^^^^^^^^^^^^^^^^^^^^^^^^^^^^^^^^^^^
  File "/home/qwamjoow/virtualenv/massenger.reservira.ir/3.11/lib/python3.11/site-packages/pymysql/connections.py", line 825, in _read_query_result
    result.read()
  File "/home/qwamjoow/virtualenv/massenger.reservira.ir/3.11/lib/python3.11/site-packages/pymysql/connections.py", line 1199, in read
    first_packet = self.connection._read_packet()
                   ^^^^^^^^^^^^^^^^^^^^^^^^^^^^^^
  File "/home/qwamjoow/virtualenv/massenger.reservira.ir/3.11/lib/python3.11/site-packages/pymysql/connections.py", line 775, in _read_packet
    packet.raise_for_error()
  File "/home/qwamjoow/virtualenv/massenger.reservira.ir/3.11/lib/python3.11/site-packages/pymysql/protocol.py", line 219, in raise_for_error
    err.raise_mysql_exception(self._data)
  File "/home/qwamjoow/virtualenv/massenger.reservira.ir/3.11/lib/python3.11/site-packages/pymysql/err.py", line 150, in raise_mysql_exception
    raise errorclass(errno, errval)
sqlalchemy.exc.IntegrityError: (raised as a result of Query-invoked autoflush; consider using a session.no_autoflush block if this flush is occurring prematurely)
(pymysql.err.IntegrityError) (1062, "Duplicate entry 'b81c581d-9ecf-4a6c-be59-7ae2e255f3d3-3c87f76e-4ba0-470b-8849-317' for key 'message_statuses.uq_message_status'")
[SQL: INSERT INTO message_statuses (id, message_id, user_id, status, delivered_at, read_at, created_at) VALUES (%(id)s, %(message_id)s, %(user_id)s, %(status)s, %(delivered_at)s, %(read_at)s, %(created_at)s)]
[parameters: {'id': '5a5eb888-fcd8-4e36-a3f4-1dfcc2059e91', 'message_id': 'b81c581d-9ecf-4a6c-be59-7ae2e255f3d3', 'user_id': '3c87f76e-4ba0-470b-8849-31739d6280ab', 'status': 'delivered', 'delivered_at': datetime.datetime(2026, 9, 14, 9, 16, 17, 628752), 'read_at': None, 'created_at': datetime.datetime(2026, 9, 14, 9, 16, 17, 641877)}]
(Background on this error at: https://sqlalche.me/e/20/gkpj)
[2026-09-14 12:46:19,041] ERROR in app: Exception on /api/v1/messages/5a55ce54-bbe9-421d-adab-9528d0ae3ff1 [GET]
Traceback (most recent call last):
  File "/home/qwamjoow/virtualenv/massenger.reservira.ir/3.11/lib64/python3.11/site-packages/sqlalchemy/engine/base.py", line 1967, in _exec_single_context
    self.dialect.do_execute(
  File "/home/qwamjoow/virtualenv/massenger.reservira.ir/3.11/lib64/python3.11/site-packages/sqlalchemy/engine/default.py", line 941, in do_execute
    cursor.execute(statement, parameters)
  File "/home/qwamjoow/virtualenv/massenger.reservira.ir/3.11/lib/python3.11/site-packages/pymysql/cursors.py", line 153, in execute
    result = self._query(query)
             ^^^^^^^^^^^^^^^^^^
  File "/home/qwamjoow/virtualenv/massenger.reservira.ir/3.11/lib/python3.11/site-packages/pymysql/cursors.py", line 322, in _query
    conn.query(q)
  File "/home/qwamjoow/virtualenv/massenger.reservira.ir/3.11/lib/python3.11/site-packages/pymysql/connections.py", line 563, in query
    self._affected_rows = self._read_query_result(unbuffered=unbuffered)
                          ^^^^^^^^^^^^^^^^^^^^^^^^^^^^^^^^^^^^^^^^^^^^^^
  File "/home/qwamjoow/virtualenv/massenger.reservira.ir/3.11/lib/python3.11/site-packages/pymysql/connections.py", line 825, in _read_query_result
    result.read()
  File "/home/qwamjoow/virtualenv/massenger.reservira.ir/3.11/lib/python3.11/site-packages/pymysql/connections.py", line 1199, in read
    first_packet = self.connection._read_packet()
                   ^^^^^^^^^^^^^^^^^^^^^^^^^^^^^^
  File "/home/qwamjoow/virtualenv/massenger.reservira.ir/3.11/lib/python3.11/site-packages/pymysql/connections.py", line 775, in _read_packet
    packet.raise_for_error()
  File "/home/qwamjoow/virtualenv/massenger.reservira.ir/3.11/lib/python3.11/site-packages/pymysql/protocol.py", line 219, in raise_for_error
    err.raise_mysql_exception(self._data)
  File "/home/qwamjoow/virtualenv/massenger.reservira.ir/3.11/lib/python3.11/site-packages/pymysql/err.py", line 150, in raise_mysql_exception
    raise errorclass(errno, errval)
pymysql.err.IntegrityError: (1062, "Duplicate entry 'b81c581d-9ecf-4a6c-be59-7ae2e255f3d3-3c87f76e-4ba0-470b-8849-317' for key 'message_statuses.uq_message_status'")

The above exception was the direct cause of the following exception:

Traceback (most recent call last):
  File "/home/qwamjoow/virtualenv/massenger.reservira.ir/3.11/lib/python3.11/site-packages/flask/app.py", line 1473, in wsgi_app
    response = self.full_dispatch_request()
               ^^^^^^^^^^^^^^^^^^^^^^^^^^^^
  File "/home/qwamjoow/virtualenv/massenger.reservira.ir/3.11/lib/python3.11/site-packages/flask/app.py", line 882, in full_dispatch_request
    rv = self.handle_user_exception(e)
         ^^^^^^^^^^^^^^^^^^^^^^^^^^^^^
  File "/home/qwamjoow/virtualenv/massenger.reservira.ir/3.11/lib/python3.11/site-packages/flask_cors/extension.py", line 178, in wrapped_function
    return cors_after_request(app.make_response(f(*args, **kwargs)))
                                                ^^^^^^^^^^^^^^^^^^
  File "/home/qwamjoow/virtualenv/massenger.reservira.ir/3.11/lib/python3.11/site-packages/flask/app.py", line 880, in full_dispatch_request
    rv = self.dispatch_request()
         ^^^^^^^^^^^^^^^^^^^^^^^
  File "/home/qwamjoow/virtualenv/massenger.reservira.ir/3.11/lib/python3.11/site-packages/flask/app.py", line 865, in dispatch_request
    return self.ensure_sync(self.view_functions[rule.endpoint])(**view_args)  # type: ignore[no-any-return]
           ^^^^^^^^^^^^^^^^^^^^^^^^^^^^^^^^^^^^^^^^^^^^^^^^^^^^^^^^^^^^^^^^^
  File "/home/qwamjoow/virtualenv/massenger.reservira.ir/3.11/lib/python3.11/site-packages/flask_jwt_extended/view_decorators.py", line 170, in decorator
    return current_app.ensure_sync(fn)(*args, **kwargs)
           ^^^^^^^^^^^^^^^^^^^^^^^^^^^^^^^^^^^^^^^^^^^^
  File "/home/qwamjoow/massenger.reservira.ir/app/api/messages.py", line 81, in get_messages
    dispatch_scheduled_messages(chat_id)
  File "/home/qwamjoow/massenger.reservira.ir/app/api/messages.py", line 53, in dispatch_scheduled_messages
    chat = db.session.get(Chat, msg.chat_id)
           ^^^^^^^^^^^^^^^^^^^^^^^^^^^^^^^^^
  File "/home/qwamjoow/virtualenv/massenger.reservira.ir/3.11/lib64/python3.11/site-packages/sqlalchemy/orm/scoping.py", line 1060, in get
    return self._proxied.get(
           ^^^^^^^^^^^^^^^^^^
  File "/home/qwamjoow/virtualenv/massenger.reservira.ir/3.11/lib64/python3.11/site-packages/sqlalchemy/orm/session.py", line 3693, in get
    return self._get_impl(
           ^^^^^^^^^^^^^^^
  File "/home/qwamjoow/virtualenv/massenger.reservira.ir/3.11/lib64/python3.11/site-packages/sqlalchemy/orm/session.py", line 3873, in _get_impl
    return db_load_fn(
           ^^^^^^^^^^^
  File "/home/qwamjoow/virtualenv/massenger.reservira.ir/3.11/lib64/python3.11/site-packages/sqlalchemy/orm/loading.py", line 694, in load_on_pk_identity
    session.execute(
  File "/home/qwamjoow/virtualenv/massenger.reservira.ir/3.11/lib64/python3.11/site-packages/sqlalchemy/orm/session.py", line 2362, in execute
    return self._execute_internal(
           ^^^^^^^^^^^^^^^^^^^^^^^
  File "/home/qwamjoow/virtualenv/massenger.reservira.ir/3.11/lib64/python3.11/site-packages/sqlalchemy/orm/session.py", line 2226, in _execute_internal
    ) = compile_state_cls.orm_pre_session_exec(
        ^^^^^^^^^^^^^^^^^^^^^^^^^^^^^^^^^^^^^^^
  File "/home/qwamjoow/virtualenv/massenger.reservira.ir/3.11/lib64/python3.11/site-packages/sqlalchemy/orm/context.py", line 561, in orm_pre_session_exec
    session._autoflush()
  File "/home/qwamjoow/virtualenv/massenger.reservira.ir/3.11/lib64/python3.11/site-packages/sqlalchemy/orm/session.py", line 3061, in _autoflush
    raise e.with_traceback(sys.exc_info()[2])
  File "/home/qwamjoow/virtualenv/massenger.reservira.ir/3.11/lib64/python3.11/site-packages/sqlalchemy/orm/session.py", line 3050, in _autoflush
    self.flush()
  File "/home/qwamjoow/virtualenv/massenger.reservira.ir/3.11/lib64/python3.11/site-packages/sqlalchemy/orm/session.py", line 4352, in flush
    self._flush(objects)
  File "/home/qwamjoow/virtualenv/massenger.reservira.ir/3.11/lib64/python3.11/site-packages/sqlalchemy/orm/session.py", line 4487, in _flush
    with util.safe_reraise():
  File "/home/qwamjoow/virtualenv/massenger.reservira.ir/3.11/lib64/python3.11/site-packages/sqlalchemy/util/langhelpers.py", line 146, in __exit__
    raise exc_value.with_traceback(exc_tb)
  File "/home/qwamjoow/virtualenv/massenger.reservira.ir/3.11/lib64/python3.11/site-packages/sqlalchemy/orm/session.py", line 4448, in _flush
    flush_context.execute()
  File "/home/qwamjoow/virtualenv/massenger.reservira.ir/3.11/lib64/python3.11/site-packages/sqlalchemy/orm/unitofwork.py", line 466, in execute
    rec.execute(self)
  File "/home/qwamjoow/virtualenv/massenger.reservira.ir/3.11/lib64/python3.11/site-packages/sqlalchemy/orm/unitofwork.py", line 642, in execute
    util.preloaded.orm_persistence.save_obj(
  File "/home/qwamjoow/virtualenv/massenger.reservira.ir/3.11/lib64/python3.11/site-packages/sqlalchemy/orm/persistence.py", line 93, in save_obj
    _emit_insert_statements(
  File "/home/qwamjoow/virtualenv/massenger.reservira.ir/3.11/lib64/python3.11/site-packages/sqlalchemy/orm/persistence.py", line 1233, in _emit_insert_statements
    result = connection.execute(
             ^^^^^^^^^^^^^^^^^^^
  File "/home/qwamjoow/virtualenv/massenger.reservira.ir/3.11/lib64/python3.11/site-packages/sqlalchemy/engine/base.py", line 1418, in execute
    return meth(
           ^^^^^
  File "/home/qwamjoow/virtualenv/massenger.reservira.ir/3.11/lib64/python3.11/site-packages/sqlalchemy/sql/elements.py", line 515, in _execute_on_connection
    return connection._execute_clauseelement(
           ^^^^^^^^^^^^^^^^^^^^^^^^^^^^^^^^^^
  File "/home/qwamjoow/virtualenv/massenger.reservira.ir/3.11/lib64/python3.11/site-packages/sqlalchemy/engine/base.py", line 1640, in _execute_clauseelement
    ret = self._execute_context(
          ^^^^^^^^^^^^^^^^^^^^^^
  File "/home/qwamjoow/virtualenv/massenger.reservira.ir/3.11/lib64/python3.11/site-packages/sqlalchemy/engine/base.py", line 1846, in _execute_context
    return self._exec_single_context(
           ^^^^^^^^^^^^^^^^^^^^^^^^^^
  File "/home/qwamjoow/virtualenv/massenger.reservira.ir/3.11/lib64/python3.11/site-packages/sqlalchemy/engine/base.py", line 1986, in _exec_single_context
    self._handle_dbapi_exception(
  File "/home/qwamjoow/virtualenv/massenger.reservira.ir/3.11/lib64/python3.11/site-packages/sqlalchemy/engine/base.py", line 2355, in _handle_dbapi_exception
    raise sqlalchemy_exception.with_traceback(exc_info[2]) from e
  File "/home/qwamjoow/virtualenv/massenger.reservira.ir/3.11/lib64/python3.11/site-packages/sqlalchemy/engine/base.py", line 1967, in _exec_single_context
    self.dialect.do_execute(
  File "/home/qwamjoow/virtualenv/massenger.reservira.ir/3.11/lib64/python3.11/site-packages/sqlalchemy/engine/default.py", line 941, in do_execute
    cursor.execute(statement, parameters)
  File "/home/qwamjoow/virtualenv/massenger.reservira.ir/3.11/lib/python3.11/site-packages/pymysql/cursors.py", line 153, in execute
    result = self._query(query)
             ^^^^^^^^^^^^^^^^^^
  File "/home/qwamjoow/virtualenv/massenger.reservira.ir/3.11/lib/python3.11/site-packages/pymysql/cursors.py", line 322, in _query
    conn.query(q)
  File "/home/qwamjoow/virtualenv/massenger.reservira.ir/3.11/lib/python3.11/site-packages/pymysql/connections.py", line 563, in query
    self._affected_rows = self._read_query_result(unbuffered=unbuffered)
                          ^^^^^^^^^^^^^^^^^^^^^^^^^^^^^^^^^^^^^^^^^^^^^^
  File "/home/qwamjoow/virtualenv/massenger.reservira.ir/3.11/lib/python3.11/site-packages/pymysql/connections.py", line 825, in _read_query_result
    result.read()
  File "/home/qwamjoow/virtualenv/massenger.reservira.ir/3.11/lib/python3.11/site-packages/pymysql/connections.py", line 1199, in read
    first_packet = self.connection._read_packet()
                   ^^^^^^^^^^^^^^^^^^^^^^^^^^^^^^
  File "/home/qwamjoow/virtualenv/massenger.reservira.ir/3.11/lib/python3.11/site-packages/pymysql/connections.py", line 775, in _read_packet
    packet.raise_for_error()
  File "/home/qwamjoow/virtualenv/massenger.reservira.ir/3.11/lib/python3.11/site-packages/pymysql/protocol.py", line 219, in raise_for_error
    err.raise_mysql_exception(self._data)
  File "/home/qwamjoow/virtualenv/massenger.reservira.ir/3.11/lib/python3.11/site-packages/pymysql/err.py", line 150, in raise_mysql_exception
    raise errorclass(errno, errval)
sqlalchemy.exc.IntegrityError: (raised as a result of Query-invoked autoflush; consider using a session.no_autoflush block if this flush is occurring prematurely)
(pymysql.err.IntegrityError) (1062, "Duplicate entry 'b81c581d-9ecf-4a6c-be59-7ae2e255f3d3-3c87f76e-4ba0-470b-8849-317' for key 'message_statuses.uq_message_status'")
[SQL: INSERT INTO message_statuses (id, message_id, user_id, status, delivered_at, read_at, created_at) VALUES (%(id)s, %(message_id)s, %(user_id)s, %(status)s, %(delivered_at)s, %(read_at)s, %(created_at)s)]
[parameters: {'id': '95d34ccc-9674-4f48-bbb4-4e0a4efa9559', 'message_id': 'b81c581d-9ecf-4a6c-be59-7ae2e255f3d3', 'user_id': '3c87f76e-4ba0-470b-8849-31739d6280ab', 'status': 'delivered', 'delivered_at': datetime.datetime(2026, 9, 14, 9, 16, 19, 23502), 'read_at': None, 'created_at': datetime.datetime(2026, 9, 14, 9, 16, 19, 28837)}]
(Background on this error at: https://sqlalche.me/e/20/gkpj)
[2026-09-14 12:46:20,535] ERROR in app: Exception on /api/v1/messages/5a55ce54-bbe9-421d-adab-9528d0ae3ff1 [GET]
Traceback (most recent call last):
  File "/home/qwamjoow/virtualenv/massenger.reservira.ir/3.11/lib64/python3.11/site-packages/sqlalchemy/engine/base.py", line 1967, in _exec_single_context
    self.dialect.do_execute(
  File "/home/qwamjoow/virtualenv/massenger.reservira.ir/3.11/lib64/python3.11/site-packages/sqlalchemy/engine/default.py", line 941, in do_execute
    cursor.execute(statement, parameters)
  File "/home/qwamjoow/virtualenv/massenger.reservira.ir/3.11/lib/python3.11/site-packages/pymysql/cursors.py", line 153, in execute
    result = self._query(query)
             ^^^^^^^^^^^^^^^^^^
  File "/home/qwamjoow/virtualenv/massenger.reservira.ir/3.11/lib/python3.11/site-packages/pymysql/cursors.py", line 322, in _query
    conn.query(q)
  File "/home/qwamjoow/virtualenv/massenger.reservira.ir/3.11/lib/python3.11/site-packages/pymysql/connections.py", line 563, in query
    self._affected_rows = self._read_query_result(unbuffered=unbuffered)
                          ^^^^^^^^^^^^^^^^^^^^^^^^^^^^^^^^^^^^^^^^^^^^^^
  File "/home/qwamjoow/virtualenv/massenger.reservira.ir/3.11/lib/python3.11/site-packages/pymysql/connections.py", line 825, in _read_query_result
    result.read()
  File "/home/qwamjoow/virtualenv/massenger.reservira.ir/3.11/lib/python3.11/site-packages/pymysql/connections.py", line 1199, in read
    first_packet = self.connection._read_packet()
                   ^^^^^^^^^^^^^^^^^^^^^^^^^^^^^^
  File "/home/qwamjoow/virtualenv/massenger.reservira.ir/3.11/lib/python3.11/site-packages/pymysql/connections.py", line 775, in _read_packet
    packet.raise_for_error()
  File "/home/qwamjoow/virtualenv/massenger.reservira.ir/3.11/lib/python3.11/site-packages/pymysql/protocol.py", line 219, in raise_for_error
    err.raise_mysql_exception(self._data)
  File "/home/qwamjoow/virtualenv/massenger.reservira.ir/3.11/lib/python3.11/site-packages/pymysql/err.py", line 150, in raise_mysql_exception
    raise errorclass(errno, errval)
pymysql.err.IntegrityError: (1062, "Duplicate entry 'b81c581d-9ecf-4a6c-be59-7ae2e255f3d3-3c87f76e-4ba0-470b-8849-317' for key 'message_statuses.uq_message_status'")

The above exception was the direct cause of the following exception:

Traceback (most recent call last):
  File "/home/qwamjoow/virtualenv/massenger.reservira.ir/3.11/lib/python3.11/site-packages/flask/app.py", line 1473, in wsgi_app
    response = self.full_dispatch_request()
               ^^^^^^^^^^^^^^^^^^^^^^^^^^^^
  File "/home/qwamjoow/virtualenv/massenger.reservira.ir/3.11/lib/python3.11/site-packages/flask/app.py", line 882, in full_dispatch_request
    rv = self.handle_user_exception(e)
         ^^^^^^^^^^^^^^^^^^^^^^^^^^^^^
  File "/home/qwamjoow/virtualenv/massenger.reservira.ir/3.11/lib/python3.11/site-packages/flask_cors/extension.py", line 178, in wrapped_function
    return cors_after_request(app.make_response(f(*args, **kwargs)))
                                                ^^^^^^^^^^^^^^^^^^
  File "/home/qwamjoow/virtualenv/massenger.reservira.ir/3.11/lib/python3.11/site-packages/flask/app.py", line 880, in full_dispatch_request
    rv = self.dispatch_request()
         ^^^^^^^^^^^^^^^^^^^^^^^
  File "/home/qwamjoow/virtualenv/massenger.reservira.ir/3.11/lib/python3.11/site-packages/flask/app.py", line 865, in dispatch_request
    return self.ensure_sync(self.view_functions[rule.endpoint])(**view_args)  # type: ignore[no-any-return]
           ^^^^^^^^^^^^^^^^^^^^^^^^^^^^^^^^^^^^^^^^^^^^^^^^^^^^^^^^^^^^^^^^^
  File "/home/qwamjoow/virtualenv/massenger.reservira.ir/3.11/lib/python3.11/site-packages/flask_jwt_extended/view_decorators.py", line 170, in decorator
    return current_app.ensure_sync(fn)(*args, **kwargs)
           ^^^^^^^^^^^^^^^^^^^^^^^^^^^^^^^^^^^^^^^^^^^^
  File "/home/qwamjoow/massenger.reservira.ir/app/api/messages.py", line 81, in get_messages
    dispatch_scheduled_messages(chat_id)
  File "/home/qwamjoow/massenger.reservira.ir/app/api/messages.py", line 53, in dispatch_scheduled_messages
    chat = db.session.get(Chat, msg.chat_id)
           ^^^^^^^^^^^^^^^^^^^^^^^^^^^^^^^^^
  File "/home/qwamjoow/virtualenv/massenger.reservira.ir/3.11/lib64/python3.11/site-packages/sqlalchemy/orm/scoping.py", line 1060, in get
    return self._proxied.get(
           ^^^^^^^^^^^^^^^^^^
  File "/home/qwamjoow/virtualenv/massenger.reservira.ir/3.11/lib64/python3.11/site-packages/sqlalchemy/orm/session.py", line 3693, in get
    return self._get_impl(
           ^^^^^^^^^^^^^^^
  File "/home/qwamjoow/virtualenv/massenger.reservira.ir/3.11/lib64/python3.11/site-packages/sqlalchemy/orm/session.py", line 3873, in _get_impl
    return db_load_fn(
           ^^^^^^^^^^^
  File "/home/qwamjoow/virtualenv/massenger.reservira.ir/3.11/lib64/python3.11/site-packages/sqlalchemy/orm/loading.py", line 694, in load_on_pk_identity
    session.execute(
  File "/home/qwamjoow/virtualenv/massenger.reservira.ir/3.11/lib64/python3.11/site-packages/sqlalchemy/orm/session.py", line 2362, in execute
    return self._execute_internal(
           ^^^^^^^^^^^^^^^^^^^^^^^
  File "/home/qwamjoow/virtualenv/massenger.reservira.ir/3.11/lib64/python3.11/site-packages/sqlalchemy/orm/session.py", line 2226, in _execute_internal
    ) = compile_state_cls.orm_pre_session_exec(
        ^^^^^^^^^^^^^^^^^^^^^^^^^^^^^^^^^^^^^^^
  File "/home/qwamjoow/virtualenv/massenger.reservira.ir/3.11/lib64/python3.11/site-packages/sqlalchemy/orm/context.py", line 561, in orm_pre_session_exec
    session._autoflush()
  File "/home/qwamjoow/virtualenv/massenger.reservira.ir/3.11/lib64/python3.11/site-packages/sqlalchemy/orm/session.py", line 3061, in _autoflush
    raise e.with_traceback(sys.exc_info()[2])
  File "/home/qwamjoow/virtualenv/massenger.reservira.ir/3.11/lib64/python3.11/site-packages/sqlalchemy/orm/session.py", line 3050, in _autoflush
    self.flush()
  File "/home/qwamjoow/virtualenv/massenger.reservira.ir/3.11/lib64/python3.11/site-packages/sqlalchemy/orm/session.py", line 4352, in flush
    self._flush(objects)
  File "/home/qwamjoow/virtualenv/massenger.reservira.ir/3.11/lib64/python3.11/site-packages/sqlalchemy/orm/session.py", line 4487, in _flush
    with util.safe_reraise():
  File "/home/qwamjoow/virtualenv/massenger.reservira.ir/3.11/lib64/python3.11/site-packages/sqlalchemy/util/langhelpers.py", line 146, in __exit__
    raise exc_value.with_traceback(exc_tb)
  File "/home/qwamjoow/virtualenv/massenger.reservira.ir/3.11/lib64/python3.11/site-packages/sqlalchemy/orm/session.py", line 4448, in _flush
    flush_context.execute()
  File "/home/qwamjoow/virtualenv/massenger.reservira.ir/3.11/lib64/python3.11/site-packages/sqlalchemy/orm/unitofwork.py", line 466, in execute
    rec.execute(self)
  File "/home/qwamjoow/virtualenv/massenger.reservira.ir/3.11/lib64/python3.11/site-packages/sqlalchemy/orm/unitofwork.py", line 642, in execute
    util.preloaded.orm_persistence.save_obj(
  File "/home/qwamjoow/virtualenv/massenger.reservira.ir/3.11/lib64/python3.11/site-packages/sqlalchemy/orm/persistence.py", line 93, in save_obj
    _emit_insert_statements(
  File "/home/qwamjoow/virtualenv/massenger.reservira.ir/3.11/lib64/python3.11/site-packages/sqlalchemy/orm/persistence.py", line 1233, in _emit_insert_statements
    result = connection.execute(
             ^^^^^^^^^^^^^^^^^^^
  File "/home/qwamjoow/virtualenv/massenger.reservira.ir/3.11/lib64/python3.11/site-packages/sqlalchemy/engine/base.py", line 1418, in execute
    return meth(
           ^^^^^
  File "/home/qwamjoow/virtualenv/massenger.reservira.ir/3.11/lib64/python3.11/site-packages/sqlalchemy/sql/elements.py", line 515, in _execute_on_connection
    return connection._execute_clauseelement(
           ^^^^^^^^^^^^^^^^^^^^^^^^^^^^^^^^^^
  File "/home/qwamjoow/virtualenv/massenger.reservira.ir/3.11/lib64/python3.11/site-packages/sqlalchemy/engine/base.py", line 1640, in _execute_clauseelement
    ret = self._execute_context(
          ^^^^^^^^^^^^^^^^^^^^^^
  File "/home/qwamjoow/virtualenv/massenger.reservira.ir/3.11/lib64/python3.11/site-packages/sqlalchemy/engine/base.py", line 1846, in _execute_context
    return self._exec_single_context(
           ^^^^^^^^^^^^^^^^^^^^^^^^^^
  File "/home/qwamjoow/virtualenv/massenger.reservira.ir/3.11/lib64/python3.11/site-packages/sqlalchemy/engine/base.py", line 1986, in _exec_single_context
    self._handle_dbapi_exception(
  File "/home/qwamjoow/virtualenv/massenger.reservira.ir/3.11/lib64/python3.11/site-packages/sqlalchemy/engine/base.py", line 2355, in _handle_dbapi_exception
    raise sqlalchemy_exception.with_traceback(exc_info[2]) from e
  File "/home/qwamjoow/virtualenv/massenger.reservira.ir/3.11/lib64/python3.11/site-packages/sqlalchemy/engine/base.py", line 1967, in _exec_single_context
    self.dialect.do_execute(
  File "/home/qwamjoow/virtualenv/massenger.reservira.ir/3.11/lib64/python3.11/site-packages/sqlalchemy/engine/default.py", line 941, in do_execute
    cursor.execute(statement, parameters)
  File "/home/qwamjoow/virtualenv/massenger.reservira.ir/3.11/lib/python3.11/site-packages/pymysql/cursors.py", line 153, in execute
    result = self._query(query)
             ^^^^^^^^^^^^^^^^^^
  File "/home/qwamjoow/virtualenv/massenger.reservira.ir/3.11/lib/python3.11/site-packages/pymysql/cursors.py", line 322, in _query
    conn.query(q)
  File "/home/qwamjoow/virtualenv/massenger.reservira.ir/3.11/lib/python3.11/site-packages/pymysql/connections.py", line 563, in query
    self._affected_rows = self._read_query_result(unbuffered=unbuffered)
                          ^^^^^^^^^^^^^^^^^^^^^^^^^^^^^^^^^^^^^^^^^^^^^^
  File "/home/qwamjoow/virtualenv/massenger.reservira.ir/3.11/lib/python3.11/site-packages/pymysql/connections.py", line 825, in _read_query_result
    result.read()
  File "/home/qwamjoow/virtualenv/massenger.reservira.ir/3.11/lib/python3.11/site-packages/pymysql/connections.py", line 1199, in read
    first_packet = self.connection._read_packet()
                   ^^^^^^^^^^^^^^^^^^^^^^^^^^^^^^
  File "/home/qwamjoow/virtualenv/massenger.reservira.ir/3.11/lib/python3.11/site-packages/pymysql/connections.py", line 775, in _read_packet
    packet.raise_for_error()
  File "/home/qwamjoow/virtualenv/massenger.reservira.ir/3.11/lib/python3.11/site-packages/pymysql/protocol.py", line 219, in raise_for_error
    err.raise_mysql_exception(self._data)
  File "/home/qwamjoow/virtualenv/massenger.reservira.ir/3.11/lib/python3.11/site-packages/pymysql/err.py", line 150, in raise_mysql_exception
    raise errorclass(errno, errval)
sqlalchemy.exc.IntegrityError: (raised as a result of Query-invoked autoflush; consider using a session.no_autoflush block if this flush is occurring prematurely)
(pymysql.err.IntegrityError) (1062, "Duplicate entry 'b81c581d-9ecf-4a6c-be59-7ae2e255f3d3-3c87f76e-4ba0-470b-8849-317' for key 'message_statuses.uq_message_status'")
[SQL: INSERT INTO message_statuses (id, message_id, user_id, status, delivered_at, read_at, created_at) VALUES (%(id)s, %(message_id)s, %(user_id)s, %(status)s, %(delivered_at)s, %(read_at)s, %(created_at)s)]
[parameters: {'id': 'ca5ad236-717a-4a48-aca7-f5bab563c934', 'message_id': 'b81c581d-9ecf-4a6c-be59-7ae2e255f3d3', 'user_id': '3c87f76e-4ba0-470b-8849-31739d6280ab', 'status': 'delivered', 'delivered_at': datetime.datetime(2026, 9, 14, 9, 16, 20, 510068), 'read_at': None, 'created_at': datetime.datetime(2026, 9, 14, 9, 16, 20, 515568)}]
(Background on this error at: https://sqlalche.me/e/20/gkpj)
[2026-09-14 12:46:21,944] ERROR in app: Exception on /api/v1/messages/5a55ce54-bbe9-421d-adab-9528d0ae3ff1 [GET]
Traceback (most recent call last):
  File "/home/qwamjoow/virtualenv/massenger.reservira.ir/3.11/lib64/python3.11/site-packages/sqlalchemy/engine/base.py", line 1967, in _exec_single_context
    self.dialect.do_execute(
  File "/home/qwamjoow/virtualenv/massenger.reservira.ir/3.11/lib64/python3.11/site-packages/sqlalchemy/engine/default.py", line 941, in do_execute
    cursor.execute(statement, parameters)
  File "/home/qwamjoow/virtualenv/massenger.reservira.ir/3.11/lib/python3.11/site-packages/pymysql/cursors.py", line 153, in execute
    result = self._query(query)
             ^^^^^^^^^^^^^^^^^^
  File "/home/qwamjoow/virtualenv/massenger.reservira.ir/3.11/lib/python3.11/site-packages/pymysql/cursors.py", line 322, in _query
    conn.query(q)
  File "/home/qwamjoow/virtualenv/massenger.reservira.ir/3.11/lib/python3.11/site-packages/pymysql/connections.py", line 563, in query
    self._affected_rows = self._read_query_result(unbuffered=unbuffered)
                          ^^^^^^^^^^^^^^^^^^^^^^^^^^^^^^^^^^^^^^^^^^^^^^
  File "/home/qwamjoow/virtualenv/massenger.reservira.ir/3.11/lib/python3.11/site-packages/pymysql/connections.py", line 825, in _read_query_result
    result.read()
  File "/home/qwamjoow/virtualenv/massenger.reservira.ir/3.11/lib/python3.11/site-packages/pymysql/connections.py", line 1199, in read
    first_packet = self.connection._read_packet()
                   ^^^^^^^^^^^^^^^^^^^^^^^^^^^^^^
  File "/home/qwamjoow/virtualenv/massenger.reservira.ir/3.11/lib/python3.11/site-packages/pymysql/connections.py", line 775, in _read_packet
    packet.raise_for_error()
  File "/home/qwamjoow/virtualenv/massenger.reservira.ir/3.11/lib/python3.11/site-packages/pymysql/protocol.py", line 219, in raise_for_error
    err.raise_mysql_exception(self._data)
  File "/home/qwamjoow/virtualenv/massenger.reservira.ir/3.11/lib/python3.11/site-packages/pymysql/err.py", line 150, in raise_mysql_exception
    raise errorclass(errno, errval)
pymysql.err.IntegrityError: (1062, "Duplicate entry 'b81c581d-9ecf-4a6c-be59-7ae2e255f3d3-3c87f76e-4ba0-470b-8849-317' for key 'message_statuses.uq_message_status'")

The above exception was the direct cause of the following exception:

Traceback (most recent call last):
  File "/home/qwamjoow/virtualenv/massenger.reservira.ir/3.11/lib/python3.11/site-packages/flask/app.py", line 1473, in wsgi_app
    response = self.full_dispatch_request()
               ^^^^^^^^^^^^^^^^^^^^^^^^^^^^
  File "/home/qwamjoow/virtualenv/massenger.reservira.ir/3.11/lib/python3.11/site-packages/flask/app.py", line 882, in full_dispatch_request
    rv = self.handle_user_exception(e)
         ^^^^^^^^^^^^^^^^^^^^^^^^^^^^^
  File "/home/qwamjoow/virtualenv/massenger.reservira.ir/3.11/lib/python3.11/site-packages/flask_cors/extension.py", line 178, in wrapped_function
    return cors_after_request(app.make_response(f(*args, **kwargs)))
                                                ^^^^^^^^^^^^^^^^^^
  File "/home/qwamjoow/virtualenv/massenger.reservira.ir/3.11/lib/python3.11/site-packages/flask/app.py", line 880, in full_dispatch_request
    rv = self.dispatch_request()
         ^^^^^^^^^^^^^^^^^^^^^^^
  File "/home/qwamjoow/virtualenv/massenger.reservira.ir/3.11/lib/python3.11/site-packages/flask/app.py", line 865, in dispatch_request
    return self.ensure_sync(self.view_functions[rule.endpoint])(**view_args)  # type: ignore[no-any-return]
           ^^^^^^^^^^^^^^^^^^^^^^^^^^^^^^^^^^^^^^^^^^^^^^^^^^^^^^^^^^^^^^^^^
  File "/home/qwamjoow/virtualenv/massenger.reservira.ir/3.11/lib/python3.11/site-packages/flask_jwt_extended/view_decorators.py", line 170, in decorator
    return current_app.ensure_sync(fn)(*args, **kwargs)
           ^^^^^^^^^^^^^^^^^^^^^^^^^^^^^^^^^^^^^^^^^^^^
  File "/home/qwamjoow/massenger.reservira.ir/app/api/messages.py", line 81, in get_messages
    dispatch_scheduled_messages(chat_id)
  File "/home/qwamjoow/massenger.reservira.ir/app/api/messages.py", line 53, in dispatch_scheduled_messages
    chat = db.session.get(Chat, msg.chat_id)
           ^^^^^^^^^^^^^^^^^^^^^^^^^^^^^^^^^
  File "/home/qwamjoow/virtualenv/massenger.reservira.ir/3.11/lib64/python3.11/site-packages/sqlalchemy/orm/scoping.py", line 1060, in get
    return self._proxied.get(
           ^^^^^^^^^^^^^^^^^^
  File "/home/qwamjoow/virtualenv/massenger.reservira.ir/3.11/lib64/python3.11/site-packages/sqlalchemy/orm/session.py", line 3693, in get
    return self._get_impl(
           ^^^^^^^^^^^^^^^
  File "/home/qwamjoow/virtualenv/massenger.reservira.ir/3.11/lib64/python3.11/site-packages/sqlalchemy/orm/session.py", line 3873, in _get_impl
    return db_load_fn(
           ^^^^^^^^^^^
  File "/home/qwamjoow/virtualenv/massenger.reservira.ir/3.11/lib64/python3.11/site-packages/sqlalchemy/orm/loading.py", line 694, in load_on_pk_identity
    session.execute(
  File "/home/qwamjoow/virtualenv/massenger.reservira.ir/3.11/lib64/python3.11/site-packages/sqlalchemy/orm/session.py", line 2362, in execute
    return self._execute_internal(
           ^^^^^^^^^^^^^^^^^^^^^^^
  File "/home/qwamjoow/virtualenv/massenger.reservira.ir/3.11/lib64/python3.11/site-packages/sqlalchemy/orm/session.py", line 2226, in _execute_internal
    ) = compile_state_cls.orm_pre_session_exec(
        ^^^^^^^^^^^^^^^^^^^^^^^^^^^^^^^^^^^^^^^
  File "/home/qwamjoow/virtualenv/massenger.reservira.ir/3.11/lib64/python3.11/site-packages/sqlalchemy/orm/context.py", line 561, in orm_pre_session_exec
    session._autoflush()
  File "/home/qwamjoow/virtualenv/massenger.reservira.ir/3.11/lib64/python3.11/site-packages/sqlalchemy/orm/session.py", line 3061, in _autoflush
    raise e.with_traceback(sys.exc_info()[2])
  File "/home/qwamjoow/virtualenv/massenger.reservira.ir/3.11/lib64/python3.11/site-packages/sqlalchemy/orm/session.py", line 3050, in _autoflush
    self.flush()
  File "/home/qwamjoow/virtualenv/massenger.reservira.ir/3.11/lib64/python3.11/site-packages/sqlalchemy/orm/session.py", line 4352, in flush
    self._flush(objects)
  File "/home/qwamjoow/virtualenv/massenger.reservira.ir/3.11/lib64/python3.11/site-packages/sqlalchemy/orm/session.py", line 4487, in _flush
    with util.safe_reraise():
  File "/home/qwamjoow/virtualenv/massenger.reservira.ir/3.11/lib64/python3.11/site-packages/sqlalchemy/util/langhelpers.py", line 146, in __exit__
    raise exc_value.with_traceback(exc_tb)
  File "/home/qwamjoow/virtualenv/massenger.reservira.ir/3.11/lib64/python3.11/site-packages/sqlalchemy/orm/session.py", line 4448, in _flush
    flush_context.execute()
  File "/home/qwamjoow/virtualenv/massenger.reservira.ir/3.11/lib64/python3.11/site-packages/sqlalchemy/orm/unitofwork.py", line 466, in execute
    rec.execute(self)
  File "/home/qwamjoow/virtualenv/massenger.reservira.ir/3.11/lib64/python3.11/site-packages/sqlalchemy/orm/unitofwork.py", line 642, in execute
    util.preloaded.orm_persistence.save_obj(
  File "/home/qwamjoow/virtualenv/massenger.reservira.ir/3.11/lib64/python3.11/site-packages/sqlalchemy/orm/persistence.py", line 93, in save_obj
    _emit_insert_statements(
  File "/home/qwamjoow/virtualenv/massenger.reservira.ir/3.11/lib64/python3.11/site-packages/sqlalchemy/orm/persistence.py", line 1233, in _emit_insert_statements
    result = connection.execute(
             ^^^^^^^^^^^^^^^^^^^
  File "/home/qwamjoow/virtualenv/massenger.reservira.ir/3.11/lib64/python3.11/site-packages/sqlalchemy/engine/base.py", line 1418, in execute
    return meth(
           ^^^^^
  File "/home/qwamjoow/virtualenv/massenger.reservira.ir/3.11/lib64/python3.11/site-packages/sqlalchemy/sql/elements.py", line 515, in _execute_on_connection
    return connection._execute_clauseelement(
           ^^^^^^^^^^^^^^^^^^^^^^^^^^^^^^^^^^
  File "/home/qwamjoow/virtualenv/massenger.reservira.ir/3.11/lib64/python3.11/site-packages/sqlalchemy/engine/base.py", line 1640, in _execute_clauseelement
    ret = self._execute_context(
          ^^^^^^^^^^^^^^^^^^^^^^
  File "/home/qwamjoow/virtualenv/massenger.reservira.ir/3.11/lib64/python3.11/site-packages/sqlalchemy/engine/base.py", line 1846, in _execute_context
    return self._exec_single_context(
           ^^^^^^^^^^^^^^^^^^^^^^^^^^
  File "/home/qwamjoow/virtualenv/massenger.reservira.ir/3.11/lib64/python3.11/site-packages/sqlalchemy/engine/base.py", line 1986, in _exec_single_context
    self._handle_dbapi_exception(
  File "/home/qwamjoow/virtualenv/massenger.reservira.ir/3.11/lib64/python3.11/site-packages/sqlalchemy/engine/base.py", line 2355, in _handle_dbapi_exception
    raise sqlalchemy_exception.with_traceback(exc_info[2]) from e
  File "/home/qwamjoow/virtualenv/massenger.reservira.ir/3.11/lib64/python3.11/site-packages/sqlalchemy/engine/base.py", line 1967, in _exec_single_context
    self.dialect.do_execute(
  File "/home/qwamjoow/virtualenv/massenger.reservira.ir/3.11/lib64/python3.11/site-packages/sqlalchemy/engine/default.py", line 941, in do_execute
    cursor.execute(statement, parameters)
  File "/home/qwamjoow/virtualenv/massenger.reservira.ir/3.11/lib/python3.11/site-packages/pymysql/cursors.py", line 153, in execute
    result = self._query(query)
             ^^^^^^^^^^^^^^^^^^
  File "/home/qwamjoow/virtualenv/massenger.reservira.ir/3.11/lib/python3.11/site-packages/pymysql/cursors.py", line 322, in _query
    conn.query(q)
  File "/home/qwamjoow/virtualenv/massenger.reservira.ir/3.11/lib/python3.11/site-packages/pymysql/connections.py", line 563, in query
    self._affected_rows = self._read_query_result(unbuffered=unbuffered)
                          ^^^^^^^^^^^^^^^^^^^^^^^^^^^^^^^^^^^^^^^^^^^^^^
  File "/home/qwamjoow/virtualenv/massenger.reservira.ir/3.11/lib/python3.11/site-packages/pymysql/connections.py", line 825, in _read_query_result
    result.read()
  File "/home/qwamjoow/virtualenv/massenger.reservira.ir/3.11/lib/python3.11/site-packages/pymysql/connections.py", line 1199, in read
    first_packet = self.connection._read_packet()
                   ^^^^^^^^^^^^^^^^^^^^^^^^^^^^^^
  File "/home/qwamjoow/virtualenv/massenger.reservira.ir/3.11/lib/python3.11/site-packages/pymysql/connections.py", line 775, in _read_packet
    packet.raise_for_error()
  File "/home/qwamjoow/virtualenv/massenger.reservira.ir/3.11/lib/python3.11/site-packages/pymysql/protocol.py", line 219, in raise_for_error
    err.raise_mysql_exception(self._data)
  File "/home/qwamjoow/virtualenv/massenger.reservira.ir/3.11/lib/python3.11/site-packages/pymysql/err.py", line 150, in raise_mysql_exception
    raise errorclass(errno, errval)
sqlalchemy.exc.IntegrityError: (raised as a result of Query-invoked autoflush; consider using a session.no_autoflush block if this flush is occurring prematurely)
(pymysql.err.IntegrityError) (1062, "Duplicate entry 'b81c581d-9ecf-4a6c-be59-7ae2e255f3d3-3c87f76e-4ba0-470b-8849-317' for key 'message_statuses.uq_message_status'")
[SQL: INSERT INTO message_statuses (id, message_id, user_id, status, delivered_at, read_at, created_at) VALUES (%(id)s, %(message_id)s, %(user_id)s, %(status)s, %(delivered_at)s, %(read_at)s, %(created_at)s)]
[parameters: {'id': '67d19cb0-4e65-430b-abf5-5e1bc6436dad', 'message_id': 'b81c581d-9ecf-4a6c-be59-7ae2e255f3d3', 'user_id': '3c87f76e-4ba0-470b-8849-31739d6280ab', 'status': 'delivered', 'delivered_at': datetime.datetime(2026, 9, 14, 9, 16, 21, 922981), 'read_at': None, 'created_at': datetime.datetime(2026, 9, 14, 9, 16, 21, 928202)}]
(Background on this error at: https://sqlalche.me/e/20/gkpj)
[2026-09-14 12:46:23,495] ERROR in app: Exception on /api/v1/messages/5a55ce54-bbe9-421d-adab-9528d0ae3ff1 [GET]
Traceback (most recent call last):
  File "/home/qwamjoow/virtualenv/massenger.reservira.ir/3.11/lib64/python3.11/site-packages/sqlalchemy/engine/base.py", line 1967, in _exec_single_context
    self.dialect.do_execute(
  File "/home/qwamjoow/virtualenv/massenger.reservira.ir/3.11/lib64/python3.11/site-packages/sqlalchemy/engine/default.py", line 941, in do_execute
    cursor.execute(statement, parameters)
  File "/home/qwamjoow/virtualenv/massenger.reservira.ir/3.11/lib/python3.11/site-packages/pymysql/cursors.py", line 153, in execute
    result = self._query(query)
             ^^^^^^^^^^^^^^^^^^
  File "/home/qwamjoow/virtualenv/massenger.reservira.ir/3.11/lib/python3.11/site-packages/pymysql/cursors.py", line 322, in _query
    conn.query(q)
  File "/home/qwamjoow/virtualenv/massenger.reservira.ir/3.11/lib/python3.11/site-packages/pymysql/connections.py", line 563, in query
    self._affected_rows = self._read_query_result(unbuffered=unbuffered)
                          ^^^^^^^^^^^^^^^^^^^^^^^^^^^^^^^^^^^^^^^^^^^^^^
  File "/home/qwamjoow/virtualenv/massenger.reservira.ir/3.11/lib/python3.11/site-packages/pymysql/connections.py", line 825, in _read_query_result
    result.read()
  File "/home/qwamjoow/virtualenv/massenger.reservira.ir/3.11/lib/python3.11/site-packages/pymysql/connections.py", line 1199, in read
    first_packet = self.connection._read_packet()
                   ^^^^^^^^^^^^^^^^^^^^^^^^^^^^^^
  File "/home/qwamjoow/virtualenv/massenger.reservira.ir/3.11/lib/python3.11/site-packages/pymysql/connections.py", line 775, in _read_packet
    packet.raise_for_error()
  File "/home/qwamjoow/virtualenv/massenger.reservira.ir/3.11/lib/python3.11/site-packages/pymysql/protocol.py", line 219, in raise_for_error
    err.raise_mysql_exception(self._data)
  File "/home/qwamjoow/virtualenv/massenger.reservira.ir/3.11/lib/python3.11/site-packages/pymysql/err.py", line 150, in raise_mysql_exception
    raise errorclass(errno, errval)
pymysql.err.IntegrityError: (1062, "Duplicate entry 'b81c581d-9ecf-4a6c-be59-7ae2e255f3d3-3c87f76e-4ba0-470b-8849-317' for key 'message_statuses.uq_message_status'")

The above exception was the direct cause of the following exception:

Traceback (most recent call last):
  File "/home/qwamjoow/virtualenv/massenger.reservira.ir/3.11/lib/python3.11/site-packages/flask/app.py", line 1473, in wsgi_app
    response = self.full_dispatch_request()
               ^^^^^^^^^^^^^^^^^^^^^^^^^^^^
  File "/home/qwamjoow/virtualenv/massenger.reservira.ir/3.11/lib/python3.11/site-packages/flask/app.py", line 882, in full_dispatch_request
    rv = self.handle_user_exception(e)
         ^^^^^^^^^^^^^^^^^^^^^^^^^^^^^
  File "/home/qwamjoow/virtualenv/massenger.reservira.ir/3.11/lib/python3.11/site-packages/flask_cors/extension.py", line 178, in wrapped_function
    return cors_after_request(app.make_response(f(*args, **kwargs)))
                                                ^^^^^^^^^^^^^^^^^^
  File "/home/qwamjoow/virtualenv/massenger.reservira.ir/3.11/lib/python3.11/site-packages/flask/app.py", line 880, in full_dispatch_request
    rv = self.dispatch_request()
         ^^^^^^^^^^^^^^^^^^^^^^^
  File "/home/qwamjoow/virtualenv/massenger.reservira.ir/3.11/lib/python3.11/site-packages/flask/app.py", line 865, in dispatch_request
    return self.ensure_sync(self.view_functions[rule.endpoint])(**view_args)  # type: ignore[no-any-return]
           ^^^^^^^^^^^^^^^^^^^^^^^^^^^^^^^^^^^^^^^^^^^^^^^^^^^^^^^^^^^^^^^^^
  File "/home/qwamjoow/virtualenv/massenger.reservira.ir/3.11/lib/python3.11/site-packages/flask_jwt_extended/view_decorators.py", line 170, in decorator
    return current_app.ensure_sync(fn)(*args, **kwargs)
           ^^^^^^^^^^^^^^^^^^^^^^^^^^^^^^^^^^^^^^^^^^^^
  File "/home/qwamjoow/massenger.reservira.ir/app/api/messages.py", line 81, in get_messages
    dispatch_scheduled_messages(chat_id)
  File "/home/qwamjoow/massenger.reservira.ir/app/api/messages.py", line 53, in dispatch_scheduled_messages
    chat = db.session.get(Chat, msg.chat_id)
           ^^^^^^^^^^^^^^^^^^^^^^^^^^^^^^^^^
  File "/home/qwamjoow/virtualenv/massenger.reservira.ir/3.11/lib64/python3.11/site-packages/sqlalchemy/orm/scoping.py", line 1060, in get
    return self._proxied.get(
           ^^^^^^^^^^^^^^^^^^
  File "/home/qwamjoow/virtualenv/massenger.reservira.ir/3.11/lib64/python3.11/site-packages/sqlalchemy/orm/session.py", line 3693, in get
    return self._get_impl(
           ^^^^^^^^^^^^^^^
  File "/home/qwamjoow/virtualenv/massenger.reservira.ir/3.11/lib64/python3.11/site-packages/sqlalchemy/orm/session.py", line 3873, in _get_impl
    return db_load_fn(
           ^^^^^^^^^^^
  File "/home/qwamjoow/virtualenv/massenger.reservira.ir/3.11/lib64/python3.11/site-packages/sqlalchemy/orm/loading.py", line 694, in load_on_pk_identity
    session.execute(
  File "/home/qwamjoow/virtualenv/massenger.reservira.ir/3.11/lib64/python3.11/site-packages/sqlalchemy/orm/session.py", line 2362, in execute
    return self._execute_internal(
           ^^^^^^^^^^^^^^^^^^^^^^^
  File "/home/qwamjoow/virtualenv/massenger.reservira.ir/3.11/lib64/python3.11/site-packages/sqlalchemy/orm/session.py", line 2226, in _execute_internal
    ) = compile_state_cls.orm_pre_session_exec(
        ^^^^^^^^^^^^^^^^^^^^^^^^^^^^^^^^^^^^^^^
  File "/home/qwamjoow/virtualenv/massenger.reservira.ir/3.11/lib64/python3.11/site-packages/sqlalchemy/orm/context.py", line 561, in orm_pre_session_exec
    session._autoflush()
  File "/home/qwamjoow/virtualenv/massenger.reservira.ir/3.11/lib64/python3.11/site-packages/sqlalchemy/orm/session.py", line 3061, in _autoflush
    raise e.with_traceback(sys.exc_info()[2])
  File "/home/qwamjoow/virtualenv/massenger.reservira.ir/3.11/lib64/python3.11/site-packages/sqlalchemy/orm/session.py", line 3050, in _autoflush
    self.flush()
  File "/home/qwamjoow/virtualenv/massenger.reservira.ir/3.11/lib64/python3.11/site-packages/sqlalchemy/orm/session.py", line 4352, in flush
    self._flush(objects)
  File "/home/qwamjoow/virtualenv/massenger.reservira.ir/3.11/lib64/python3.11/site-packages/sqlalchemy/orm/session.py", line 4487, in _flush
    with util.safe_reraise():
  File "/home/qwamjoow/virtualenv/massenger.reservira.ir/3.11/lib64/python3.11/site-packages/sqlalchemy/util/langhelpers.py", line 146, in __exit__
    raise exc_value.with_traceback(exc_tb)
  File "/home/qwamjoow/virtualenv/massenger.reservira.ir/3.11/lib64/python3.11/site-packages/sqlalchemy/orm/session.py", line 4448, in _flush
    flush_context.execute()
  File "/home/qwamjoow/virtualenv/massenger.reservira.ir/3.11/lib64/python3.11/site-packages/sqlalchemy/orm/unitofwork.py", line 466, in execute
    rec.execute(self)
  File "/home/qwamjoow/virtualenv/massenger.reservira.ir/3.11/lib64/python3.11/site-packages/sqlalchemy/orm/unitofwork.py", line 642, in execute
    util.preloaded.orm_persistence.save_obj(
  File "/home/qwamjoow/virtualenv/massenger.reservira.ir/3.11/lib64/python3.11/site-packages/sqlalchemy/orm/persistence.py", line 93, in save_obj
    _emit_insert_statements(
  File "/home/qwamjoow/virtualenv/massenger.reservira.ir/3.11/lib64/python3.11/site-packages/sqlalchemy/orm/persistence.py", line 1233, in _emit_insert_statements
    result = connection.execute(
             ^^^^^^^^^^^^^^^^^^^
  File "/home/qwamjoow/virtualenv/massenger.reservira.ir/3.11/lib64/python3.11/site-packages/sqlalchemy/engine/base.py", line 1418, in execute
    return meth(
           ^^^^^
  File "/home/qwamjoow/virtualenv/massenger.reservira.ir/3.11/lib64/python3.11/site-packages/sqlalchemy/sql/elements.py", line 515, in _execute_on_connection
    return connection._execute_clauseelement(
           ^^^^^^^^^^^^^^^^^^^^^^^^^^^^^^^^^^
  File "/home/qwamjoow/virtualenv/massenger.reservira.ir/3.11/lib64/python3.11/site-packages/sqlalchemy/engine/base.py", line 1640, in _execute_clauseelement
    ret = self._execute_context(
          ^^^^^^^^^^^^^^^^^^^^^^
  File "/home/qwamjoow/virtualenv/massenger.reservira.ir/3.11/lib64/python3.11/site-packages/sqlalchemy/engine/base.py", line 1846, in _execute_context
    return self._exec_single_context(
           ^^^^^^^^^^^^^^^^^^^^^^^^^^
  File "/home/qwamjoow/virtualenv/massenger.reservira.ir/3.11/lib64/python3.11/site-packages/sqlalchemy/engine/base.py", line 1986, in _exec_single_context
    self._handle_dbapi_exception(
  File "/home/qwamjoow/virtualenv/massenger.reservira.ir/3.11/lib64/python3.11/site-packages/sqlalchemy/engine/base.py", line 2355, in _handle_dbapi_exception
    raise sqlalchemy_exception.with_traceback(exc_info[2]) from e
  File "/home/qwamjoow/virtualenv/massenger.reservira.ir/3.11/lib64/python3.11/site-packages/sqlalchemy/engine/base.py", line 1967, in _exec_single_context
    self.dialect.do_execute(
  File "/home/qwamjoow/virtualenv/massenger.reservira.ir/3.11/lib64/python3.11/site-packages/sqlalchemy/engine/default.py", line 941, in do_execute
    cursor.execute(statement, parameters)
  File "/home/qwamjoow/virtualenv/massenger.reservira.ir/3.11/lib/python3.11/site-packages/pymysql/cursors.py", line 153, in execute
    result = self._query(query)
             ^^^^^^^^^^^^^^^^^^
  File "/home/qwamjoow/virtualenv/massenger.reservira.ir/3.11/lib/python3.11/site-packages/pymysql/cursors.py", line 322, in _query
    conn.query(q)
  File "/home/qwamjoow/virtualenv/massenger.reservira.ir/3.11/lib/python3.11/site-packages/pymysql/connections.py", line 563, in query
    self._affected_rows = self._read_query_result(unbuffered=unbuffered)
                          ^^^^^^^^^^^^^^^^^^^^^^^^^^^^^^^^^^^^^^^^^^^^^^
  File "/home/qwamjoow/virtualenv/massenger.reservira.ir/3.11/lib/python3.11/site-packages/pymysql/connections.py", line 825, in _read_query_result
    result.read()
  File "/home/qwamjoow/virtualenv/massenger.reservira.ir/3.11/lib/python3.11/site-packages/pymysql/connections.py", line 1199, in read
    first_packet = self.connection._read_packet()
                   ^^^^^^^^^^^^^^^^^^^^^^^^^^^^^^
  File "/home/qwamjoow/virtualenv/massenger.reservira.ir/3.11/lib/python3.11/site-packages/pymysql/connections.py", line 775, in _read_packet
    packet.raise_for_error()
  File "/home/qwamjoow/virtualenv/massenger.reservira.ir/3.11/lib/python3.11/site-packages/pymysql/protocol.py", line 219, in raise_for_error
    err.raise_mysql_exception(self._data)
  File "/home/qwamjoow/virtualenv/massenger.reservira.ir/3.11/lib/python3.11/site-packages/pymysql/err.py", line 150, in raise_mysql_exception
    raise errorclass(errno, errval)
sqlalchemy.exc.IntegrityError: (raised as a result of Query-invoked autoflush; consider using a session.no_autoflush block if this flush is occurring prematurely)
(pymysql.err.IntegrityError) (1062, "Duplicate entry 'b81c581d-9ecf-4a6c-be59-7ae2e255f3d3-3c87f76e-4ba0-470b-8849-317' for key 'message_statuses.uq_message_status'")
[SQL: INSERT INTO message_statuses (id, message_id, user_id, status, delivered_at, read_at, created_at) VALUES (%(id)s, %(message_id)s, %(user_id)s, %(status)s, %(delivered_at)s, %(read_at)s, %(created_at)s)]
[parameters: {'id': 'dda7560c-529f-4382-94be-0559b6e3318b', 'message_id': 'b81c581d-9ecf-4a6c-be59-7ae2e255f3d3', 'user_id': '3c87f76e-4ba0-470b-8849-31739d6280ab', 'status': 'delivered', 'delivered_at': datetime.datetime(2026, 9, 14, 9, 16, 23, 458371), 'read_at': None, 'created_at': datetime.datetime(2026, 9, 14, 9, 16, 23, 473616)}]
(Background on this error at: https://sqlalche.me/e/20/gkpj)
[2026-09-14 12:46:25,060] ERROR in app: Exception on /api/v1/messages/5a55ce54-bbe9-421d-adab-9528d0ae3ff1 [GET]
Traceback (most recent call last):
  File "/home/qwamjoow/virtualenv/massenger.reservira.ir/3.11/lib64/python3.11/site-packages/sqlalchemy/engine/base.py", line 1967, in _exec_single_context
    self.dialect.do_execute(
  File "/home/qwamjoow/virtualenv/massenger.reservira.ir/3.11/lib64/python3.11/site-packages/sqlalchemy/engine/default.py", line 941, in do_execute
    cursor.execute(statement, parameters)
  File "/home/qwamjoow/virtualenv/massenger.reservira.ir/3.11/lib/python3.11/site-packages/pymysql/cursors.py", line 153, in execute
    result = self._query(query)
             ^^^^^^^^^^^^^^^^^^
  File "/home/qwamjoow/virtualenv/massenger.reservira.ir/3.11/lib/python3.11/site-packages/pymysql/cursors.py", line 322, in _query
    conn.query(q)
  File "/home/qwamjoow/virtualenv/massenger.reservira.ir/3.11/lib/python3.11/site-packages/pymysql/connections.py", line 563, in query
    self._affected_rows = self._read_query_result(unbuffered=unbuffered)
                          ^^^^^^^^^^^^^^^^^^^^^^^^^^^^^^^^^^^^^^^^^^^^^^
  File "/home/qwamjoow/virtualenv/massenger.reservira.ir/3.11/lib/python3.11/site-packages/pymysql/connections.py", line 825, in _read_query_result
    result.read()
  File "/home/qwamjoow/virtualenv/massenger.reservira.ir/3.11/lib/python3.11/site-packages/pymysql/connections.py", line 1199, in read
    first_packet = self.connection._read_packet()
                   ^^^^^^^^^^^^^^^^^^^^^^^^^^^^^^
  File "/home/qwamjoow/virtualenv/massenger.reservira.ir/3.11/lib/python3.11/site-packages/pymysql/connections.py", line 775, in _read_packet
    packet.raise_for_error()
  File "/home/qwamjoow/virtualenv/massenger.reservira.ir/3.11/lib/python3.11/site-packages/pymysql/protocol.py", line 219, in raise_for_error
    err.raise_mysql_exception(self._data)
  File "/home/qwamjoow/virtualenv/massenger.reservira.ir/3.11/lib/python3.11/site-packages/pymysql/err.py", line 150, in raise_mysql_exception
    raise errorclass(errno, errval)
pymysql.err.IntegrityError: (1062, "Duplicate entry 'b81c581d-9ecf-4a6c-be59-7ae2e255f3d3-3c87f76e-4ba0-470b-8849-317' for key 'message_statuses.uq_message_status'")

The above exception was the direct cause of the following exception:

Traceback (most recent call last):
  File "/home/qwamjoow/virtualenv/massenger.reservira.ir/3.11/lib/python3.11/site-packages/flask/app.py", line 1473, in wsgi_app
    response = self.full_dispatch_request()
               ^^^^^^^^^^^^^^^^^^^^^^^^^^^^
  File "/home/qwamjoow/virtualenv/massenger.reservira.ir/3.11/lib/python3.11/site-packages/flask/app.py", line 882, in full_dispatch_request
    rv = self.handle_user_exception(e)
         ^^^^^^^^^^^^^^^^^^^^^^^^^^^^^
  File "/home/qwamjoow/virtualenv/massenger.reservira.ir/3.11/lib/python3.11/site-packages/flask_cors/extension.py", line 178, in wrapped_function
    return cors_after_request(app.make_response(f(*args, **kwargs)))
                                                ^^^^^^^^^^^^^^^^^^
  File "/home/qwamjoow/virtualenv/massenger.reservira.ir/3.11/lib/python3.11/site-packages/flask/app.py", line 880, in full_dispatch_request
    rv = self.dispatch_request()
         ^^^^^^^^^^^^^^^^^^^^^^^
  File "/home/qwamjoow/virtualenv/massenger.reservira.ir/3.11/lib/python3.11/site-packages/flask/app.py", line 865, in dispatch_request
    return self.ensure_sync(self.view_functions[rule.endpoint])(**view_args)  # type: ignore[no-any-return]
           ^^^^^^^^^^^^^^^^^^^^^^^^^^^^^^^^^^^^^^^^^^^^^^^^^^^^^^^^^^^^^^^^^
  File "/home/qwamjoow/virtualenv/massenger.reservira.ir/3.11/lib/python3.11/site-packages/flask_jwt_extended/view_decorators.py", line 170, in decorator
    return current_app.ensure_sync(fn)(*args, **kwargs)
           ^^^^^^^^^^^^^^^^^^^^^^^^^^^^^^^^^^^^^^^^^^^^
  File "/home/qwamjoow/massenger.reservira.ir/app/api/messages.py", line 81, in get_messages
    dispatch_scheduled_messages(chat_id)
  File "/home/qwamjoow/massenger.reservira.ir/app/api/messages.py", line 53, in dispatch_scheduled_messages
    chat = db.session.get(Chat, msg.chat_id)
           ^^^^^^^^^^^^^^^^^^^^^^^^^^^^^^^^^
  File "/home/qwamjoow/virtualenv/massenger.reservira.ir/3.11/lib64/python3.11/site-packages/sqlalchemy/orm/scoping.py", line 1060, in get
    return self._proxied.get(
           ^^^^^^^^^^^^^^^^^^
  File "/home/qwamjoow/virtualenv/massenger.reservira.ir/3.11/lib64/python3.11/site-packages/sqlalchemy/orm/session.py", line 3693, in get
    return self._get_impl(
           ^^^^^^^^^^^^^^^
  File "/home/qwamjoow/virtualenv/massenger.reservira.ir/3.11/lib64/python3.11/site-packages/sqlalchemy/orm/session.py", line 3873, in _get_impl
    return db_load_fn(
           ^^^^^^^^^^^
  File "/home/qwamjoow/virtualenv/massenger.reservira.ir/3.11/lib64/python3.11/site-packages/sqlalchemy/orm/loading.py", line 694, in load_on_pk_identity
    session.execute(
  File "/home/qwamjoow/virtualenv/massenger.reservira.ir/3.11/lib64/python3.11/site-packages/sqlalchemy/orm/session.py", line 2362, in execute
    return self._execute_internal(
           ^^^^^^^^^^^^^^^^^^^^^^^
  File "/home/qwamjoow/virtualenv/massenger.reservira.ir/3.11/lib64/python3.11/site-packages/sqlalchemy/orm/session.py", line 2226, in _execute_internal
    ) = compile_state_cls.orm_pre_session_exec(
        ^^^^^^^^^^^^^^^^^^^^^^^^^^^^^^^^^^^^^^^
  File "/home/qwamjoow/virtualenv/massenger.reservira.ir/3.11/lib64/python3.11/site-packages/sqlalchemy/orm/context.py", line 561, in orm_pre_session_exec
    session._autoflush()
  File "/home/qwamjoow/virtualenv/massenger.reservira.ir/3.11/lib64/python3.11/site-packages/sqlalchemy/orm/session.py", line 3061, in _autoflush
    raise e.with_traceback(sys.exc_info()[2])
  File "/home/qwamjoow/virtualenv/massenger.reservira.ir/3.11/lib64/python3.11/site-packages/sqlalchemy/orm/session.py", line 3050, in _autoflush
    self.flush()
  File "/home/qwamjoow/virtualenv/massenger.reservira.ir/3.11/lib64/python3.11/site-packages/sqlalchemy/orm/session.py", line 4352, in flush
    self._flush(objects)
  File "/home/qwamjoow/virtualenv/massenger.reservira.ir/3.11/lib64/python3.11/site-packages/sqlalchemy/orm/session.py", line 4487, in _flush
    with util.safe_reraise():
  File "/home/qwamjoow/virtualenv/massenger.reservira.ir/3.11/lib64/python3.11/site-packages/sqlalchemy/util/langhelpers.py", line 146, in __exit__
    raise exc_value.with_traceback(exc_tb)
  File "/home/qwamjoow/virtualenv/massenger.reservira.ir/3.11/lib64/python3.11/site-packages/sqlalchemy/orm/session.py", line 4448, in _flush
    flush_context.execute()
  File "/home/qwamjoow/virtualenv/massenger.reservira.ir/3.11/lib64/python3.11/site-packages/sqlalchemy/orm/unitofwork.py", line 466, in execute
    rec.execute(self)
  File "/home/qwamjoow/virtualenv/massenger.reservira.ir/3.11/lib64/python3.11/site-packages/sqlalchemy/orm/unitofwork.py", line 642, in execute
    util.preloaded.orm_persistence.save_obj(
  File "/home/qwamjoow/virtualenv/massenger.reservira.ir/3.11/lib64/python3.11/site-packages/sqlalchemy/orm/persistence.py", line 93, in save_obj
    _emit_insert_statements(
  File "/home/qwamjoow/virtualenv/massenger.reservira.ir/3.11/lib64/python3.11/site-packages/sqlalchemy/orm/persistence.py", line 1233, in _emit_insert_statements
    result = connection.execute(
             ^^^^^^^^^^^^^^^^^^^
  File "/home/qwamjoow/virtualenv/massenger.reservira.ir/3.11/lib64/python3.11/site-packages/sqlalchemy/engine/base.py", line 1418, in execute
    return meth(
           ^^^^^
  File "/home/qwamjoow/virtualenv/massenger.reservira.ir/3.11/lib64/python3.11/site-packages/sqlalchemy/sql/elements.py", line 515, in _execute_on_connection
    return connection._execute_clauseelement(
           ^^^^^^^^^^^^^^^^^^^^^^^^^^^^^^^^^^
  File "/home/qwamjoow/virtualenv/massenger.reservira.ir/3.11/lib64/python3.11/site-packages/sqlalchemy/engine/base.py", line 1640, in _execute_clauseelement
    ret = self._execute_context(
          ^^^^^^^^^^^^^^^^^^^^^^
  File "/home/qwamjoow/virtualenv/massenger.reservira.ir/3.11/lib64/python3.11/site-packages/sqlalchemy/engine/base.py", line 1846, in _execute_context
    return self._exec_single_context(
           ^^^^^^^^^^^^^^^^^^^^^^^^^^
  File "/home/qwamjoow/virtualenv/massenger.reservira.ir/3.11/lib64/python3.11/site-packages/sqlalchemy/engine/base.py", line 1986, in _exec_single_context
    self._handle_dbapi_exception(
  File "/home/qwamjoow/virtualenv/massenger.reservira.ir/3.11/lib64/python3.11/site-packages/sqlalchemy/engine/base.py", line 2355, in _handle_dbapi_exception
    raise sqlalchemy_exception.with_traceback(exc_info[2]) from e
  File "/home/qwamjoow/virtualenv/massenger.reservira.ir/3.11/lib64/python3.11/site-packages/sqlalchemy/engine/base.py", line 1967, in _exec_single_context
    self.dialect.do_execute(
  File "/home/qwamjoow/virtualenv/massenger.reservira.ir/3.11/lib64/python3.11/site-packages/sqlalchemy/engine/default.py", line 941, in do_execute
    cursor.execute(statement, parameters)
  File "/home/qwamjoow/virtualenv/massenger.reservira.ir/3.11/lib/python3.11/site-packages/pymysql/cursors.py", line 153, in execute
    result = self._query(query)
             ^^^^^^^^^^^^^^^^^^
  File "/home/qwamjoow/virtualenv/massenger.reservira.ir/3.11/lib/python3.11/site-packages/pymysql/cursors.py", line 322, in _query
    conn.query(q)
  File "/home/qwamjoow/virtualenv/massenger.reservira.ir/3.11/lib/python3.11/site-packages/pymysql/connections.py", line 563, in query
    self._affected_rows = self._read_query_result(unbuffered=unbuffered)
                          ^^^^^^^^^^^^^^^^^^^^^^^^^^^^^^^^^^^^^^^^^^^^^^
  File "/home/qwamjoow/virtualenv/massenger.reservira.ir/3.11/lib/python3.11/site-packages/pymysql/connections.py", line 825, in _read_query_result
    result.read()
  File "/home/qwamjoow/virtualenv/massenger.reservira.ir/3.11/lib/python3.11/site-packages/pymysql/connections.py", line 1199, in read
    first_packet = self.connection._read_packet()
                   ^^^^^^^^^^^^^^^^^^^^^^^^^^^^^^
  File "/home/qwamjoow/virtualenv/massenger.reservira.ir/3.11/lib/python3.11/site-packages/pymysql/connections.py", line 775, in _read_packet
    packet.raise_for_error()
  File "/home/qwamjoow/virtualenv/massenger.reservira.ir/3.11/lib/python3.11/site-packages/pymysql/protocol.py", line 219, in raise_for_error
    err.raise_mysql_exception(self._data)
  File "/home/qwamjoow/virtualenv/massenger.reservira.ir/3.11/lib/python3.11/site-packages/pymysql/err.py", line 150, in raise_mysql_exception
    raise errorclass(errno, errval)
sqlalchemy.exc.IntegrityError: (raised as a result of Query-invoked autoflush; consider using a session.no_autoflush block if this flush is occurring prematurely)
(pymysql.err.IntegrityError) (1062, "Duplicate entry 'b81c581d-9ecf-4a6c-be59-7ae2e255f3d3-3c87f76e-4ba0-470b-8849-317' for key 'message_statuses.uq_message_status'")
[SQL: INSERT INTO message_statuses (id, message_id, user_id, status, delivered_at, read_at, created_at) VALUES (%(id)s, %(message_id)s, %(user_id)s, %(status)s, %(delivered_at)s, %(read_at)s, %(created_at)s)]
[parameters: {'id': 'd80fa475-ef84-4da4-85f8-c818ee7020a6', 'message_id': 'b81c581d-9ecf-4a6c-be59-7ae2e255f3d3', 'user_id': '3c87f76e-4ba0-470b-8849-31739d6280ab', 'status': 'delivered', 'delivered_at': datetime.datetime(2026, 9, 14, 9, 16, 25, 27092), 'read_at': None, 'created_at': datetime.datetime(2026, 9, 14, 9, 16, 25, 39527)}]
(Background on this error at: https://sqlalche.me/e/20/gkpj)
[2026-09-14 12:46:26,968] ERROR in app: Exception on /api/v1/messages/5a55ce54-bbe9-421d-adab-9528d0ae3ff1 [GET]
Traceback (most recent call last):
  File "/home/qwamjoow/virtualenv/massenger.reservira.ir/3.11/lib64/python3.11/site-packages/sqlalchemy/engine/base.py", line 1967, in _exec_single_context
    self.dialect.do_execute(
  File "/home/qwamjoow/virtualenv/massenger.reservira.ir/3.11/lib64/python3.11/site-packages/sqlalchemy/engine/default.py", line 941, in do_execute
    cursor.execute(statement, parameters)
  File "/home/qwamjoow/virtualenv/massenger.reservira.ir/3.11/lib/python3.11/site-packages/pymysql/cursors.py", line 153, in execute
    result = self._query(query)
             ^^^^^^^^^^^^^^^^^^
  File "/home/qwamjoow/virtualenv/massenger.reservira.ir/3.11/lib/python3.11/site-packages/pymysql/cursors.py", line 322, in _query
    conn.query(q)
  File "/home/qwamjoow/virtualenv/massenger.reservira.ir/3.11/lib/python3.11/site-packages/pymysql/connections.py", line 563, in query
    self._affected_rows = self._read_query_result(unbuffered=unbuffered)
                          ^^^^^^^^^^^^^^^^^^^^^^^^^^^^^^^^^^^^^^^^^^^^^^
  File "/home/qwamjoow/virtualenv/massenger.reservira.ir/3.11/lib/python3.11/site-packages/pymysql/connections.py", line 825, in _read_query_result
    result.read()
  File "/home/qwamjoow/virtualenv/massenger.reservira.ir/3.11/lib/python3.11/site-packages/pymysql/connections.py", line 1199, in read
    first_packet = self.connection._read_packet()
                   ^^^^^^^^^^^^^^^^^^^^^^^^^^^^^^
  File "/home/qwamjoow/virtualenv/massenger.reservira.ir/3.11/lib/python3.11/site-packages/pymysql/connections.py", line 775, in _read_packet
    packet.raise_for_error()
  File "/home/qwamjoow/virtualenv/massenger.reservira.ir/3.11/lib/python3.11/site-packages/pymysql/protocol.py", line 219, in raise_for_error
    err.raise_mysql_exception(self._data)
  File "/home/qwamjoow/virtualenv/massenger.reservira.ir/3.11/lib/python3.11/site-packages/pymysql/err.py", line 150, in raise_mysql_exception
    raise errorclass(errno, errval)
pymysql.err.IntegrityError: (1062, "Duplicate entry 'b81c581d-9ecf-4a6c-be59-7ae2e255f3d3-3c87f76e-4ba0-470b-8849-317' for key 'message_statuses.uq_message_status'")

The above exception was the direct cause of the following exception:

Traceback (most recent call last):
  File "/home/qwamjoow/virtualenv/massenger.reservira.ir/3.11/lib/python3.11/site-packages/flask/app.py", line 1473, in wsgi_app
    response = self.full_dispatch_request()
               ^^^^^^^^^^^^^^^^^^^^^^^^^^^^
  File "/home/qwamjoow/virtualenv/massenger.reservira.ir/3.11/lib/python3.11/site-packages/flask/app.py", line 882, in full_dispatch_request
    rv = self.handle_user_exception(e)
         ^^^^^^^^^^^^^^^^^^^^^^^^^^^^^
  File "/home/qwamjoow/virtualenv/massenger.reservira.ir/3.11/lib/python3.11/site-packages/flask_cors/extension.py", line 178, in wrapped_function
    return cors_after_request(app.make_response(f(*args, **kwargs)))
                                                ^^^^^^^^^^^^^^^^^^
  File "/home/qwamjoow/virtualenv/massenger.reservira.ir/3.11/lib/python3.11/site-packages/flask/app.py", line 880, in full_dispatch_request
    rv = self.dispatch_request()
         ^^^^^^^^^^^^^^^^^^^^^^^
  File "/home/qwamjoow/virtualenv/massenger.reservira.ir/3.11/lib/python3.11/site-packages/flask/app.py", line 865, in dispatch_request
    return self.ensure_sync(self.view_functions[rule.endpoint])(**view_args)  # type: ignore[no-any-return]
           ^^^^^^^^^^^^^^^^^^^^^^^^^^^^^^^^^^^^^^^^^^^^^^^^^^^^^^^^^^^^^^^^^
  File "/home/qwamjoow/virtualenv/massenger.reservira.ir/3.11/lib/python3.11/site-packages/flask_jwt_extended/view_decorators.py", line 170, in decorator
    return current_app.ensure_sync(fn)(*args, **kwargs)
           ^^^^^^^^^^^^^^^^^^^^^^^^^^^^^^^^^^^^^^^^^^^^
  File "/home/qwamjoow/massenger.reservira.ir/app/api/messages.py", line 81, in get_messages
    dispatch_scheduled_messages(chat_id)
  File "/home/qwamjoow/massenger.reservira.ir/app/api/messages.py", line 53, in dispatch_scheduled_messages
    chat = db.session.get(Chat, msg.chat_id)
           ^^^^^^^^^^^^^^^^^^^^^^^^^^^^^^^^^
  File "/home/qwamjoow/virtualenv/massenger.reservira.ir/3.11/lib64/python3.11/site-packages/sqlalchemy/orm/scoping.py", line 1060, in get
    return self._proxied.get(
           ^^^^^^^^^^^^^^^^^^
  File "/home/qwamjoow/virtualenv/massenger.reservira.ir/3.11/lib64/python3.11/site-packages/sqlalchemy/orm/session.py", line 3693, in get
    return self._get_impl(
           ^^^^^^^^^^^^^^^
  File "/home/qwamjoow/virtualenv/massenger.reservira.ir/3.11/lib64/python3.11/site-packages/sqlalchemy/orm/session.py", line 3873, in _get_impl
    return db_load_fn(
           ^^^^^^^^^^^
  File "/home/qwamjoow/virtualenv/massenger.reservira.ir/3.11/lib64/python3.11/site-packages/sqlalchemy/orm/loading.py", line 694, in load_on_pk_identity
    session.execute(
  File "/home/qwamjoow/virtualenv/massenger.reservira.ir/3.11/lib64/python3.11/site-packages/sqlalchemy/orm/session.py", line 2362, in execute
    return self._execute_internal(
           ^^^^^^^^^^^^^^^^^^^^^^^
  File "/home/qwamjoow/virtualenv/massenger.reservira.ir/3.11/lib64/python3.11/site-packages/sqlalchemy/orm/session.py", line 2226, in _execute_internal
    ) = compile_state_cls.orm_pre_session_exec(
        ^^^^^^^^^^^^^^^^^^^^^^^^^^^^^^^^^^^^^^^
  File "/home/qwamjoow/virtualenv/massenger.reservira.ir/3.11/lib64/python3.11/site-packages/sqlalchemy/orm/context.py", line 561, in orm_pre_session_exec
    session._autoflush()
  File "/home/qwamjoow/virtualenv/massenger.reservira.ir/3.11/lib64/python3.11/site-packages/sqlalchemy/orm/session.py", line 3061, in _autoflush
    raise e.with_traceback(sys.exc_info()[2])
  File "/home/qwamjoow/virtualenv/massenger.reservira.ir/3.11/lib64/python3.11/site-packages/sqlalchemy/orm/session.py", line 3050, in _autoflush
    self.flush()
  File "/home/qwamjoow/virtualenv/massenger.reservira.ir/3.11/lib64/python3.11/site-packages/sqlalchemy/orm/session.py", line 4352, in flush
    self._flush(objects)
  File "/home/qwamjoow/virtualenv/massenger.reservira.ir/3.11/lib64/python3.11/site-packages/sqlalchemy/orm/session.py", line 4487, in _flush
    with util.safe_reraise():
  File "/home/qwamjoow/virtualenv/massenger.reservira.ir/3.11/lib64/python3.11/site-packages/sqlalchemy/util/langhelpers.py", line 146, in __exit__
    raise exc_value.with_traceback(exc_tb)
  File "/home/qwamjoow/virtualenv/massenger.reservira.ir/3.11/lib64/python3.11/site-packages/sqlalchemy/orm/session.py", line 4448, in _flush
    flush_context.execute()
  File "/home/qwamjoow/virtualenv/massenger.reservira.ir/3.11/lib64/python3.11/site-packages/sqlalchemy/orm/unitofwork.py", line 466, in execute
    rec.execute(self)
  File "/home/qwamjoow/virtualenv/massenger.reservira.ir/3.11/lib64/python3.11/site-packages/sqlalchemy/orm/unitofwork.py", line 642, in execute
    util.preloaded.orm_persistence.save_obj(
  File "/home/qwamjoow/virtualenv/massenger.reservira.ir/3.11/lib64/python3.11/site-packages/sqlalchemy/orm/persistence.py", line 93, in save_obj
    _emit_insert_statements(
  File "/home/qwamjoow/virtualenv/massenger.reservira.ir/3.11/lib64/python3.11/site-packages/sqlalchemy/orm/persistence.py", line 1233, in _emit_insert_statements
    result = connection.execute(
             ^^^^^^^^^^^^^^^^^^^
  File "/home/qwamjoow/virtualenv/massenger.reservira.ir/3.11/lib64/python3.11/site-packages/sqlalchemy/engine/base.py", line 1418, in execute
    return meth(
           ^^^^^
  File "/home/qwamjoow/virtualenv/massenger.reservira.ir/3.11/lib64/python3.11/site-packages/sqlalchemy/sql/elements.py", line 515, in _execute_on_connection
    return connection._execute_clauseelement(
           ^^^^^^^^^^^^^^^^^^^^^^^^^^^^^^^^^^
  File "/home/qwamjoow/virtualenv/massenger.reservira.ir/3.11/lib64/python3.11/site-packages/sqlalchemy/engine/base.py", line 1640, in _execute_clauseelement
    ret = self._execute_context(
          ^^^^^^^^^^^^^^^^^^^^^^
  File "/home/qwamjoow/virtualenv/massenger.reservira.ir/3.11/lib64/python3.11/site-packages/sqlalchemy/engine/base.py", line 1846, in _execute_context
    return self._exec_single_context(
           ^^^^^^^^^^^^^^^^^^^^^^^^^^
  File "/home/qwamjoow/virtualenv/massenger.reservira.ir/3.11/lib64/python3.11/site-packages/sqlalchemy/engine/base.py", line 1986, in _exec_single_context
    self._handle_dbapi_exception(
  File "/home/qwamjoow/virtualenv/massenger.reservira.ir/3.11/lib64/python3.11/site-packages/sqlalchemy/engine/base.py", line 2355, in _handle_dbapi_exception
    raise sqlalchemy_exception.with_traceback(exc_info[2]) from e
  File "/home/qwamjoow/virtualenv/massenger.reservira.ir/3.11/lib64/python3.11/site-packages/sqlalchemy/engine/base.py", line 1967, in _exec_single_context
    self.dialect.do_execute(
  File "/home/qwamjoow/virtualenv/massenger.reservira.ir/3.11/lib64/python3.11/site-packages/sqlalchemy/engine/default.py", line 941, in do_execute
    cursor.execute(statement, parameters)
  File "/home/qwamjoow/virtualenv/massenger.reservira.ir/3.11/lib/python3.11/site-packages/pymysql/cursors.py", line 153, in execute
    result = self._query(query)
             ^^^^^^^^^^^^^^^^^^
  File "/home/qwamjoow/virtualenv/massenger.reservira.ir/3.11/lib/python3.11/site-packages/pymysql/cursors.py", line 322, in _query
    conn.query(q)
  File "/home/qwamjoow/virtualenv/massenger.reservira.ir/3.11/lib/python3.11/site-packages/pymysql/connections.py", line 563, in query
    self._affected_rows = self._read_query_result(unbuffered=unbuffered)
                          ^^^^^^^^^^^^^^^^^^^^^^^^^^^^^^^^^^^^^^^^^^^^^^
  File "/home/qwamjoow/virtualenv/massenger.reservira.ir/3.11/lib/python3.11/site-packages/pymysql/connections.py", line 825, in _read_query_result
    result.read()
  File "/home/qwamjoow/virtualenv/massenger.reservira.ir/3.11/lib/python3.11/site-packages/pymysql/connections.py", line 1199, in read
    first_packet = self.connection._read_packet()
                   ^^^^^^^^^^^^^^^^^^^^^^^^^^^^^^
  File "/home/qwamjoow/virtualenv/massenger.reservira.ir/3.11/lib/python3.11/site-packages/pymysql/connections.py", line 775, in _read_packet
    packet.raise_for_error()
  File "/home/qwamjoow/virtualenv/massenger.reservira.ir/3.11/lib/python3.11/site-packages/pymysql/protocol.py", line 219, in raise_for_error
    err.raise_mysql_exception(self._data)
  File "/home/qwamjoow/virtualenv/massenger.reservira.ir/3.11/lib/python3.11/site-packages/pymysql/err.py", line 150, in raise_mysql_exception
    raise errorclass(errno, errval)
sqlalchemy.exc.IntegrityError: (raised as a result of Query-invoked autoflush; consider using a session.no_autoflush block if this flush is occurring prematurely)
(pymysql.err.IntegrityError) (1062, "Duplicate entry 'b81c581d-9ecf-4a6c-be59-7ae2e255f3d3-3c87f76e-4ba0-470b-8849-317' for key 'message_statuses.uq_message_status'")
[SQL: INSERT INTO message_statuses (id, message_id, user_id, status, delivered_at, read_at, created_at) VALUES (%(id)s, %(message_id)s, %(user_id)s, %(status)s, %(delivered_at)s, %(read_at)s, %(created_at)s)]
[parameters: {'id': 'b70d64e6-69b8-4d39-9b1d-dd2ff6d35931', 'message_id': 'b81c581d-9ecf-4a6c-be59-7ae2e255f3d3', 'user_id': '3c87f76e-4ba0-470b-8849-31739d6280ab', 'status': 'delivered', 'delivered_at': datetime.datetime(2026, 9, 14, 9, 16, 26, 916734), 'read_at': None, 'created_at': datetime.datetime(2026, 9, 14, 9, 16, 26, 936947)}]
(Background on this error at: https://sqlalche.me/e/20/gkpj)
[2026-09-14 12:46:27,969] ERROR in app: Exception on /api/v1/messages/5a55ce54-bbe9-421d-adab-9528d0ae3ff1 [GET]
Traceback (most recent call last):
  File "/home/qwamjoow/virtualenv/massenger.reservira.ir/3.11/lib64/python3.11/site-packages/sqlalchemy/engine/base.py", line 1967, in _exec_single_context
    self.dialect.do_execute(
  File "/home/qwamjoow/virtualenv/massenger.reservira.ir/3.11/lib64/python3.11/site-packages/sqlalchemy/engine/default.py", line 941, in do_execute
    cursor.execute(statement, parameters)
  File "/home/qwamjoow/virtualenv/massenger.reservira.ir/3.11/lib/python3.11/site-packages/pymysql/cursors.py", line 153, in execute
    result = self._query(query)
             ^^^^^^^^^^^^^^^^^^
  File "/home/qwamjoow/virtualenv/massenger.reservira.ir/3.11/lib/python3.11/site-packages/pymysql/cursors.py", line 322, in _query
    conn.query(q)
  File "/home/qwamjoow/virtualenv/massenger.reservira.ir/3.11/lib/python3.11/site-packages/pymysql/connections.py", line 563, in query
    self._affected_rows = self._read_query_result(unbuffered=unbuffered)
                          ^^^^^^^^^^^^^^^^^^^^^^^^^^^^^^^^^^^^^^^^^^^^^^
  File "/home/qwamjoow/virtualenv/massenger.reservira.ir/3.11/lib/python3.11/site-packages/pymysql/connections.py", line 825, in _read_query_result
    result.read()
  File "/home/qwamjoow/virtualenv/massenger.reservira.ir/3.11/lib/python3.11/site-packages/pymysql/connections.py", line 1199, in read
    first_packet = self.connection._read_packet()
                   ^^^^^^^^^^^^^^^^^^^^^^^^^^^^^^
  File "/home/qwamjoow/virtualenv/massenger.reservira.ir/3.11/lib/python3.11/site-packages/pymysql/connections.py", line 775, in _read_packet
    packet.raise_for_error()
  File "/home/qwamjoow/virtualenv/massenger.reservira.ir/3.11/lib/python3.11/site-packages/pymysql/protocol.py", line 219, in raise_for_error
    err.raise_mysql_exception(self._data)
  File "/home/qwamjoow/virtualenv/massenger.reservira.ir/3.11/lib/python3.11/site-packages/pymysql/err.py", line 150, in raise_mysql_exception
    raise errorclass(errno, errval)
pymysql.err.IntegrityError: (1062, "Duplicate entry 'b81c581d-9ecf-4a6c-be59-7ae2e255f3d3-3c87f76e-4ba0-470b-8849-317' for key 'message_statuses.uq_message_status'")

The above exception was the direct cause of the following exception:

Traceback (most recent call last):
  File "/home/qwamjoow/virtualenv/massenger.reservira.ir/3.11/lib/python3.11/site-packages/flask/app.py", line 1473, in wsgi_app
    response = self.full_dispatch_request()
               ^^^^^^^^^^^^^^^^^^^^^^^^^^^^
  File "/home/qwamjoow/virtualenv/massenger.reservira.ir/3.11/lib/python3.11/site-packages/flask/app.py", line 882, in full_dispatch_request
    rv = self.handle_user_exception(e)
         ^^^^^^^^^^^^^^^^^^^^^^^^^^^^^
  File "/home/qwamjoow/virtualenv/massenger.reservira.ir/3.11/lib/python3.11/site-packages/flask_cors/extension.py", line 178, in wrapped_function
    return cors_after_request(app.make_response(f(*args, **kwargs)))
                                                ^^^^^^^^^^^^^^^^^^
  File "/home/qwamjoow/virtualenv/massenger.reservira.ir/3.11/lib/python3.11/site-packages/flask/app.py", line 880, in full_dispatch_request
    rv = self.dispatch_request()
         ^^^^^^^^^^^^^^^^^^^^^^^
  File "/home/qwamjoow/virtualenv/massenger.reservira.ir/3.11/lib/python3.11/site-packages/flask/app.py", line 865, in dispatch_request
    return self.ensure_sync(self.view_functions[rule.endpoint])(**view_args)  # type: ignore[no-any-return]
           ^^^^^^^^^^^^^^^^^^^^^^^^^^^^^^^^^^^^^^^^^^^^^^^^^^^^^^^^^^^^^^^^^
  File "/home/qwamjoow/virtualenv/massenger.reservira.ir/3.11/lib/python3.11/site-packages/flask_jwt_extended/view_decorators.py", line 170, in decorator
    return current_app.ensure_sync(fn)(*args, **kwargs)
           ^^^^^^^^^^^^^^^^^^^^^^^^^^^^^^^^^^^^^^^^^^^^
  File "/home/qwamjoow/massenger.reservira.ir/app/api/messages.py", line 81, in get_messages
    dispatch_scheduled_messages(chat_id)
  File "/home/qwamjoow/massenger.reservira.ir/app/api/messages.py", line 53, in dispatch_scheduled_messages
    chat = db.session.get(Chat, msg.chat_id)
           ^^^^^^^^^^^^^^^^^^^^^^^^^^^^^^^^^
  File "/home/qwamjoow/virtualenv/massenger.reservira.ir/3.11/lib64/python3.11/site-packages/sqlalchemy/orm/scoping.py", line 1060, in get
    return self._proxied.get(
           ^^^^^^^^^^^^^^^^^^
  File "/home/qwamjoow/virtualenv/massenger.reservira.ir/3.11/lib64/python3.11/site-packages/sqlalchemy/orm/session.py", line 3693, in get
    return self._get_impl(
           ^^^^^^^^^^^^^^^
  File "/home/qwamjoow/virtualenv/massenger.reservira.ir/3.11/lib64/python3.11/site-packages/sqlalchemy/orm/session.py", line 3873, in _get_impl
    return db_load_fn(
           ^^^^^^^^^^^
  File "/home/qwamjoow/virtualenv/massenger.reservira.ir/3.11/lib64/python3.11/site-packages/sqlalchemy/orm/loading.py", line 694, in load_on_pk_identity
    session.execute(
  File "/home/qwamjoow/virtualenv/massenger.reservira.ir/3.11/lib64/python3.11/site-packages/sqlalchemy/orm/session.py", line 2362, in execute
    return self._execute_internal(
           ^^^^^^^^^^^^^^^^^^^^^^^
  File "/home/qwamjoow/virtualenv/massenger.reservira.ir/3.11/lib64/python3.11/site-packages/sqlalchemy/orm/session.py", line 2226, in _execute_internal
    ) = compile_state_cls.orm_pre_session_exec(
        ^^^^^^^^^^^^^^^^^^^^^^^^^^^^^^^^^^^^^^^
  File "/home/qwamjoow/virtualenv/massenger.reservira.ir/3.11/lib64/python3.11/site-packages/sqlalchemy/orm/context.py", line 561, in orm_pre_session_exec
    session._autoflush()
  File "/home/qwamjoow/virtualenv/massenger.reservira.ir/3.11/lib64/python3.11/site-packages/sqlalchemy/orm/session.py", line 3061, in _autoflush
    raise e.with_traceback(sys.exc_info()[2])
  File "/home/qwamjoow/virtualenv/massenger.reservira.ir/3.11/lib64/python3.11/site-packages/sqlalchemy/orm/session.py", line 3050, in _autoflush
    self.flush()
  File "/home/qwamjoow/virtualenv/massenger.reservira.ir/3.11/lib64/python3.11/site-packages/sqlalchemy/orm/session.py", line 4352, in flush
    self._flush(objects)
  File "/home/qwamjoow/virtualenv/massenger.reservira.ir/3.11/lib64/python3.11/site-packages/sqlalchemy/orm/session.py", line 4487, in _flush
    with util.safe_reraise():
  File "/home/qwamjoow/virtualenv/massenger.reservira.ir/3.11/lib64/python3.11/site-packages/sqlalchemy/util/langhelpers.py", line 146, in __exit__
    raise exc_value.with_traceback(exc_tb)
  File "/home/qwamjoow/virtualenv/massenger.reservira.ir/3.11/lib64/python3.11/site-packages/sqlalchemy/orm/session.py", line 4448, in _flush
    flush_context.execute()
  File "/home/qwamjoow/virtualenv/massenger.reservira.ir/3.11/lib64/python3.11/site-packages/sqlalchemy/orm/unitofwork.py", line 466, in execute
    rec.execute(self)
  File "/home/qwamjoow/virtualenv/massenger.reservira.ir/3.11/lib64/python3.11/site-packages/sqlalchemy/orm/unitofwork.py", line 642, in execute
    util.preloaded.orm_persistence.save_obj(
  File "/home/qwamjoow/virtualenv/massenger.reservira.ir/3.11/lib64/python3.11/site-packages/sqlalchemy/orm/persistence.py", line 93, in save_obj
    _emit_insert_statements(
  File "/home/qwamjoow/virtualenv/massenger.reservira.ir/3.11/lib64/python3.11/site-packages/sqlalchemy/orm/persistence.py", line 1233, in _emit_insert_statements
    result = connection.execute(
             ^^^^^^^^^^^^^^^^^^^
  File "/home/qwamjoow/virtualenv/massenger.reservira.ir/3.11/lib64/python3.11/site-packages/sqlalchemy/engine/base.py", line 1418, in execute
    return meth(
           ^^^^^
  File "/home/qwamjoow/virtualenv/massenger.reservira.ir/3.11/lib64/python3.11/site-packages/sqlalchemy/sql/elements.py", line 515, in _execute_on_connection
    return connection._execute_clauseelement(
           ^^^^^^^^^^^^^^^^^^^^^^^^^^^^^^^^^^
  File "/home/qwamjoow/virtualenv/massenger.reservira.ir/3.11/lib64/python3.11/site-packages/sqlalchemy/engine/base.py", line 1640, in _execute_clauseelement
    ret = self._execute_context(
          ^^^^^^^^^^^^^^^^^^^^^^
  File "/home/qwamjoow/virtualenv/massenger.reservira.ir/3.11/lib64/python3.11/site-packages/sqlalchemy/engine/base.py", line 1846, in _execute_context
    return self._exec_single_context(
           ^^^^^^^^^^^^^^^^^^^^^^^^^^
  File "/home/qwamjoow/virtualenv/massenger.reservira.ir/3.11/lib64/python3.11/site-packages/sqlalchemy/engine/base.py", line 1986, in _exec_single_context
    self._handle_dbapi_exception(
  File "/home/qwamjoow/virtualenv/massenger.reservira.ir/3.11/lib64/python3.11/site-packages/sqlalchemy/engine/base.py", line 2355, in _handle_dbapi_exception
    raise sqlalchemy_exception.with_traceback(exc_info[2]) from e
  File "/home/qwamjoow/virtualenv/massenger.reservira.ir/3.11/lib64/python3.11/site-packages/sqlalchemy/engine/base.py", line 1967, in _exec_single_context
    self.dialect.do_execute(
  File "/home/qwamjoow/virtualenv/massenger.reservira.ir/3.11/lib64/python3.11/site-packages/sqlalchemy/engine/default.py", line 941, in do_execute
    cursor.execute(statement, parameters)
  File "/home/qwamjoow/virtualenv/massenger.reservira.ir/3.11/lib/python3.11/site-packages/pymysql/cursors.py", line 153, in execute
    result = self._query(query)
             ^^^^^^^^^^^^^^^^^^
  File "/home/qwamjoow/virtualenv/massenger.reservira.ir/3.11/lib/python3.11/site-packages/pymysql/cursors.py", line 322, in _query
    conn.query(q)
  File "/home/qwamjoow/virtualenv/massenger.reservira.ir/3.11/lib/python3.11/site-packages/pymysql/connections.py", line 563, in query
    self._affected_rows = self._read_query_result(unbuffered=unbuffered)
                          ^^^^^^^^^^^^^^^^^^^^^^^^^^^^^^^^^^^^^^^^^^^^^^
  File "/home/qwamjoow/virtualenv/massenger.reservira.ir/3.11/lib/python3.11/site-packages/pymysql/connections.py", line 825, in _read_query_result
    result.read()
  File "/home/qwamjoow/virtualenv/massenger.reservira.ir/3.11/lib/python3.11/site-packages/pymysql/connections.py", line 1199, in read
    first_packet = self.connection._read_packet()
                   ^^^^^^^^^^^^^^^^^^^^^^^^^^^^^^
  File "/home/qwamjoow/virtualenv/massenger.reservira.ir/3.11/lib/python3.11/site-packages/pymysql/connections.py", line 775, in _read_packet
    packet.raise_for_error()
  File "/home/qwamjoow/virtualenv/massenger.reservira.ir/3.11/lib/python3.11/site-packages/pymysql/protocol.py", line 219, in raise_for_error
    err.raise_mysql_exception(self._data)
  File "/home/qwamjoow/virtualenv/massenger.reservira.ir/3.11/lib/python3.11/site-packages/pymysql/err.py", line 150, in raise_mysql_exception
    raise errorclass(errno, errval)
sqlalchemy.exc.IntegrityError: (raised as a result of Query-invoked autoflush; consider using a session.no_autoflush block if this flush is occurring prematurely)
(pymysql.err.IntegrityError) (1062, "Duplicate entry 'b81c581d-9ecf-4a6c-be59-7ae2e255f3d3-3c87f76e-4ba0-470b-8849-317' for key 'message_statuses.uq_message_status'")
[SQL: INSERT INTO message_statuses (id, message_id, user_id, status, delivered_at, read_at, created_at) VALUES (%(id)s, %(message_id)s, %(user_id)s, %(status)s, %(delivered_at)s, %(read_at)s, %(created_at)s)]
[parameters: {'id': '18385efd-7790-49a7-b0dc-b66813bba41a', 'message_id': 'b81c581d-9ecf-4a6c-be59-7ae2e255f3d3', 'user_id': '3c87f76e-4ba0-470b-8849-31739d6280ab', 'status': 'delivered', 'delivered_at': datetime.datetime(2026, 9, 14, 9, 16, 27, 938309), 'read_at': None, 'created_at': datetime.datetime(2026, 9, 14, 9, 16, 27, 943361)}]
(Background on this error at: https://sqlalche.me/e/20/gkpj)
[2026-09-14 12:46:29,638] ERROR in app: Exception on /api/v1/messages/5a55ce54-bbe9-421d-adab-9528d0ae3ff1 [GET]
Traceback (most recent call last):
  File "/home/qwamjoow/virtualenv/massenger.reservira.ir/3.11/lib64/python3.11/site-packages/sqlalchemy/engine/base.py", line 1967, in _exec_single_context
    self.dialect.do_execute(
  File "/home/qwamjoow/virtualenv/massenger.reservira.ir/3.11/lib64/python3.11/site-packages/sqlalchemy/engine/default.py", line 941, in do_execute
    cursor.execute(statement, parameters)
  File "/home/qwamjoow/virtualenv/massenger.reservira.ir/3.11/lib/python3.11/site-packages/pymysql/cursors.py", line 153, in execute
    result = self._query(query)
             ^^^^^^^^^^^^^^^^^^
  File "/home/qwamjoow/virtualenv/massenger.reservira.ir/3.11/lib/python3.11/site-packages/pymysql/cursors.py", line 322, in _query
    conn.query(q)
  File "/home/qwamjoow/virtualenv/massenger.reservira.ir/3.11/lib/python3.11/site-packages/pymysql/connections.py", line 563, in query
    self._affected_rows = self._read_query_result(unbuffered=unbuffered)
                          ^^^^^^^^^^^^^^^^^^^^^^^^^^^^^^^^^^^^^^^^^^^^^^
  File "/home/qwamjoow/virtualenv/massenger.reservira.ir/3.11/lib/python3.11/site-packages/pymysql/connections.py", line 825, in _read_query_result
    result.read()
  File "/home/qwamjoow/virtualenv/massenger.reservira.ir/3.11/lib/python3.11/site-packages/pymysql/connections.py", line 1199, in read
    first_packet = self.connection._read_packet()
                   ^^^^^^^^^^^^^^^^^^^^^^^^^^^^^^
  File "/home/qwamjoow/virtualenv/massenger.reservira.ir/3.11/lib/python3.11/site-packages/pymysql/connections.py", line 775, in _read_packet
    packet.raise_for_error()
  File "/home/qwamjoow/virtualenv/massenger.reservira.ir/3.11/lib/python3.11/site-packages/pymysql/protocol.py", line 219, in raise_for_error
    err.raise_mysql_exception(self._data)
  File "/home/qwamjoow/virtualenv/massenger.reservira.ir/3.11/lib/python3.11/site-packages/pymysql/err.py", line 150, in raise_mysql_exception
    raise errorclass(errno, errval)
pymysql.err.IntegrityError: (1062, "Duplicate entry 'b81c581d-9ecf-4a6c-be59-7ae2e255f3d3-3c87f76e-4ba0-470b-8849-317' for key 'message_statuses.uq_message_status'")

The above exception was the direct cause of the following exception:

Traceback (most recent call last):
  File "/home/qwamjoow/virtualenv/massenger.reservira.ir/3.11/lib/python3.11/site-packages/flask/app.py", line 1473, in wsgi_app
    response = self.full_dispatch_request()
               ^^^^^^^^^^^^^^^^^^^^^^^^^^^^
  File "/home/qwamjoow/virtualenv/massenger.reservira.ir/3.11/lib/python3.11/site-packages/flask/app.py", line 882, in full_dispatch_request
    rv = self.handle_user_exception(e)
         ^^^^^^^^^^^^^^^^^^^^^^^^^^^^^
  File "/home/qwamjoow/virtualenv/massenger.reservira.ir/3.11/lib/python3.11/site-packages/flask_cors/extension.py", line 178, in wrapped_function
    return cors_after_request(app.make_response(f(*args, **kwargs)))
                                                ^^^^^^^^^^^^^^^^^^
  File "/home/qwamjoow/virtualenv/massenger.reservira.ir/3.11/lib/python3.11/site-packages/flask/app.py", line 880, in full_dispatch_request
    rv = self.dispatch_request()
         ^^^^^^^^^^^^^^^^^^^^^^^
  File "/home/qwamjoow/virtualenv/massenger.reservira.ir/3.11/lib/python3.11/site-packages/flask/app.py", line 865, in dispatch_request
    return self.ensure_sync(self.view_functions[rule.endpoint])(**view_args)  # type: ignore[no-any-return]
           ^^^^^^^^^^^^^^^^^^^^^^^^^^^^^^^^^^^^^^^^^^^^^^^^^^^^^^^^^^^^^^^^^
  File "/home/qwamjoow/virtualenv/massenger.reservira.ir/3.11/lib/python3.11/site-packages/flask_jwt_extended/view_decorators.py", line 170, in decorator
    return current_app.ensure_sync(fn)(*args, **kwargs)
           ^^^^^^^^^^^^^^^^^^^^^^^^^^^^^^^^^^^^^^^^^^^^
  File "/home/qwamjoow/massenger.reservira.ir/app/api/messages.py", line 81, in get_messages
    dispatch_scheduled_messages(chat_id)
  File "/home/qwamjoow/massenger.reservira.ir/app/api/messages.py", line 53, in dispatch_scheduled_messages
    chat = db.session.get(Chat, msg.chat_id)
           ^^^^^^^^^^^^^^^^^^^^^^^^^^^^^^^^^
  File "/home/qwamjoow/virtualenv/massenger.reservira.ir/3.11/lib64/python3.11/site-packages/sqlalchemy/orm/scoping.py", line 1060, in get
    return self._proxied.get(
           ^^^^^^^^^^^^^^^^^^
  File "/home/qwamjoow/virtualenv/massenger.reservira.ir/3.11/lib64/python3.11/site-packages/sqlalchemy/orm/session.py", line 3693, in get
    return self._get_impl(
           ^^^^^^^^^^^^^^^
  File "/home/qwamjoow/virtualenv/massenger.reservira.ir/3.11/lib64/python3.11/site-packages/sqlalchemy/orm/session.py", line 3873, in _get_impl
    return db_load_fn(
           ^^^^^^^^^^^
  File "/home/qwamjoow/virtualenv/massenger.reservira.ir/3.11/lib64/python3.11/site-packages/sqlalchemy/orm/loading.py", line 694, in load_on_pk_identity
    session.execute(
  File "/home/qwamjoow/virtualenv/massenger.reservira.ir/3.11/lib64/python3.11/site-packages/sqlalchemy/orm/session.py", line 2362, in execute
    return self._execute_internal(
           ^^^^^^^^^^^^^^^^^^^^^^^
  File "/home/qwamjoow/virtualenv/massenger.reservira.ir/3.11/lib64/python3.11/site-packages/sqlalchemy/orm/session.py", line 2226, in _execute_internal
    ) = compile_state_cls.orm_pre_session_exec(
        ^^^^^^^^^^^^^^^^^^^^^^^^^^^^^^^^^^^^^^^
  File "/home/qwamjoow/virtualenv/massenger.reservira.ir/3.11/lib64/python3.11/site-packages/sqlalchemy/orm/context.py", line 561, in orm_pre_session_exec
    session._autoflush()
  File "/home/qwamjoow/virtualenv/massenger.reservira.ir/3.11/lib64/python3.11/site-packages/sqlalchemy/orm/session.py", line 3061, in _autoflush
    raise e.with_traceback(sys.exc_info()[2])
  File "/home/qwamjoow/virtualenv/massenger.reservira.ir/3.11/lib64/python3.11/site-packages/sqlalchemy/orm/session.py", line 3050, in _autoflush
    self.flush()
  File "/home/qwamjoow/virtualenv/massenger.reservira.ir/3.11/lib64/python3.11/site-packages/sqlalchemy/orm/session.py", line 4352, in flush
    self._flush(objects)
  File "/home/qwamjoow/virtualenv/massenger.reservira.ir/3.11/lib64/python3.11/site-packages/sqlalchemy/orm/session.py", line 4487, in _flush
    with util.safe_reraise():
  File "/home/qwamjoow/virtualenv/massenger.reservira.ir/3.11/lib64/python3.11/site-packages/sqlalchemy/util/langhelpers.py", line 146, in __exit__
    raise exc_value.with_traceback(exc_tb)
  File "/home/qwamjoow/virtualenv/massenger.reservira.ir/3.11/lib64/python3.11/site-packages/sqlalchemy/orm/session.py", line 4448, in _flush
    flush_context.execute()
  File "/home/qwamjoow/virtualenv/massenger.reservira.ir/3.11/lib64/python3.11/site-packages/sqlalchemy/orm/unitofwork.py", line 466, in execute
    rec.execute(self)
  File "/home/qwamjoow/virtualenv/massenger.reservira.ir/3.11/lib64/python3.11/site-packages/sqlalchemy/orm/unitofwork.py", line 642, in execute
    util.preloaded.orm_persistence.save_obj(
  File "/home/qwamjoow/virtualenv/massenger.reservira.ir/3.11/lib64/python3.11/site-packages/sqlalchemy/orm/persistence.py", line 93, in save_obj
    _emit_insert_statements(
  File "/home/qwamjoow/virtualenv/massenger.reservira.ir/3.11/lib64/python3.11/site-packages/sqlalchemy/orm/persistence.py", line 1233, in _emit_insert_statements
    result = connection.execute(
             ^^^^^^^^^^^^^^^^^^^
  File "/home/qwamjoow/virtualenv/massenger.reservira.ir/3.11/lib64/python3.11/site-packages/sqlalchemy/engine/base.py", line 1418, in execute
    return meth(
           ^^^^^
  File "/home/qwamjoow/virtualenv/massenger.reservira.ir/3.11/lib64/python3.11/site-packages/sqlalchemy/sql/elements.py", line 515, in _execute_on_connection
    return connection._execute_clauseelement(
           ^^^^^^^^^^^^^^^^^^^^^^^^^^^^^^^^^^
  File "/home/qwamjoow/virtualenv/massenger.reservira.ir/3.11/lib64/python3.11/site-packages/sqlalchemy/engine/base.py", line 1640, in _execute_clauseelement
    ret = self._execute_context(
          ^^^^^^^^^^^^^^^^^^^^^^
  File "/home/qwamjoow/virtualenv/massenger.reservira.ir/3.11/lib64/python3.11/site-packages/sqlalchemy/engine/base.py", line 1846, in _execute_context
    return self._exec_single_context(
           ^^^^^^^^^^^^^^^^^^^^^^^^^^
  File "/home/qwamjoow/virtualenv/massenger.reservira.ir/3.11/lib64/python3.11/site-packages/sqlalchemy/engine/base.py", line 1986, in _exec_single_context
    self._handle_dbapi_exception(
  File "/home/qwamjoow/virtualenv/massenger.reservira.ir/3.11/lib64/python3.11/site-packages/sqlalchemy/engine/base.py", line 2355, in _handle_dbapi_exception
    raise sqlalchemy_exception.with_traceback(exc_info[2]) from e
  File "/home/qwamjoow/virtualenv/massenger.reservira.ir/3.11/lib64/python3.11/site-packages/sqlalchemy/engine/base.py", line 1967, in _exec_single_context
    self.dialect.do_execute(
  File "/home/qwamjoow/virtualenv/massenger.reservira.ir/3.11/lib64/python3.11/site-packages/sqlalchemy/engine/default.py", line 941, in do_execute
    cursor.execute(statement, parameters)
  File "/home/qwamjoow/virtualenv/massenger.reservira.ir/3.11/lib/python3.11/site-packages/pymysql/cursors.py", line 153, in execute
    result = self._query(query)
             ^^^^^^^^^^^^^^^^^^
  File "/home/qwamjoow/virtualenv/massenger.reservira.ir/3.11/lib/python3.11/site-packages/pymysql/cursors.py", line 322, in _query
    conn.query(q)
  File "/home/qwamjoow/virtualenv/massenger.reservira.ir/3.11/lib/python3.11/site-packages/pymysql/connections.py", line 563, in query
    self._affected_rows = self._read_query_result(unbuffered=unbuffered)
                          ^^^^^^^^^^^^^^^^^^^^^^^^^^^^^^^^^^^^^^^^^^^^^^
  File "/home/qwamjoow/virtualenv/massenger.reservira.ir/3.11/lib/python3.11/site-packages/pymysql/connections.py", line 825, in _read_query_result
    result.read()
  File "/home/qwamjoow/virtualenv/massenger.reservira.ir/3.11/lib/python3.11/site-packages/pymysql/connections.py", line 1199, in read
    first_packet = self.connection._read_packet()
                   ^^^^^^^^^^^^^^^^^^^^^^^^^^^^^^
  File "/home/qwamjoow/virtualenv/massenger.reservira.ir/3.11/lib/python3.11/site-packages/pymysql/connections.py", line 775, in _read_packet
    packet.raise_for_error()
  File "/home/qwamjoow/virtualenv/massenger.reservira.ir/3.11/lib/python3.11/site-packages/pymysql/protocol.py", line 219, in raise_for_error
    err.raise_mysql_exception(self._data)
  File "/home/qwamjoow/virtualenv/massenger.reservira.ir/3.11/lib/python3.11/site-packages/pymysql/err.py", line 150, in raise_mysql_exception
    raise errorclass(errno, errval)
sqlalchemy.exc.IntegrityError: (raised as a result of Query-invoked autoflush; consider using a session.no_autoflush block if this flush is occurring prematurely)
(pymysql.err.IntegrityError) (1062, "Duplicate entry 'b81c581d-9ecf-4a6c-be59-7ae2e255f3d3-3c87f76e-4ba0-470b-8849-317' for key 'message_statuses.uq_message_status'")
[SQL: INSERT INTO message_statuses (id, message_id, user_id, status, delivered_at, read_at, created_at) VALUES (%(id)s, %(message_id)s, %(user_id)s, %(status)s, %(delivered_at)s, %(read_at)s, %(created_at)s)]
[parameters: {'id': '4ba2602d-99ee-4fe8-a8f3-ec444566358e', 'message_id': 'b81c581d-9ecf-4a6c-be59-7ae2e255f3d3', 'user_id': '3c87f76e-4ba0-470b-8849-31739d6280ab', 'status': 'delivered', 'delivered_at': datetime.datetime(2026, 9, 14, 9, 16, 29, 601365), 'read_at': None, 'created_at': datetime.datetime(2026, 9, 14, 9, 16, 29, 610314)}]
(Background on this error at: https://sqlalche.me/e/20/gkpj)
[2026-09-14 12:46:31,203] ERROR in app: Exception on /api/v1/messages/5a55ce54-bbe9-421d-adab-9528d0ae3ff1 [GET]
Traceback (most recent call last):
  File "/home/qwamjoow/virtualenv/massenger.reservira.ir/3.11/lib64/python3.11/site-packages/sqlalchemy/engine/base.py", line 1967, in _exec_single_context
    self.dialect.do_execute(
  File "/home/qwamjoow/virtualenv/massenger.reservira.ir/3.11/lib64/python3.11/site-packages/sqlalchemy/engine/default.py", line 941, in do_execute
    cursor.execute(statement, parameters)
  File "/home/qwamjoow/virtualenv/massenger.reservira.ir/3.11/lib/python3.11/site-packages/pymysql/cursors.py", line 153, in execute
    result = self._query(query)
             ^^^^^^^^^^^^^^^^^^
  File "/home/qwamjoow/virtualenv/massenger.reservira.ir/3.11/lib/python3.11/site-packages/pymysql/cursors.py", line 322, in _query
    conn.query(q)
  File "/home/qwamjoow/virtualenv/massenger.reservira.ir/3.11/lib/python3.11/site-packages/pymysql/connections.py", line 563, in query
    self._affected_rows = self._read_query_result(unbuffered=unbuffered)
                          ^^^^^^^^^^^^^^^^^^^^^^^^^^^^^^^^^^^^^^^^^^^^^^
  File "/home/qwamjoow/virtualenv/massenger.reservira.ir/3.11/lib/python3.11/site-packages/pymysql/connections.py", line 825, in _read_query_result
    result.read()
  File "/home/qwamjoow/virtualenv/massenger.reservira.ir/3.11/lib/python3.11/site-packages/pymysql/connections.py", line 1199, in read
    first_packet = self.connection._read_packet()
                   ^^^^^^^^^^^^^^^^^^^^^^^^^^^^^^
  File "/home/qwamjoow/virtualenv/massenger.reservira.ir/3.11/lib/python3.11/site-packages/pymysql/connections.py", line 775, in _read_packet
    packet.raise_for_error()
  File "/home/qwamjoow/virtualenv/massenger.reservira.ir/3.11/lib/python3.11/site-packages/pymysql/protocol.py", line 219, in raise_for_error
    err.raise_mysql_exception(self._data)
  File "/home/qwamjoow/virtualenv/massenger.reservira.ir/3.11/lib/python3.11/site-packages/pymysql/err.py", line 150, in raise_mysql_exception
    raise errorclass(errno, errval)
pymysql.err.IntegrityError: (1062, "Duplicate entry 'b81c581d-9ecf-4a6c-be59-7ae2e255f3d3-3c87f76e-4ba0-470b-8849-317' for key 'message_statuses.uq_message_status'")

The above exception was the direct cause of the following exception:

Traceback (most recent call last):
  File "/home/qwamjoow/virtualenv/massenger.reservira.ir/3.11/lib/python3.11/site-packages/flask/app.py", line 1473, in wsgi_app
    response = self.full_dispatch_request()
               ^^^^^^^^^^^^^^^^^^^^^^^^^^^^
  File "/home/qwamjoow/virtualenv/massenger.reservira.ir/3.11/lib/python3.11/site-packages/flask/app.py", line 882, in full_dispatch_request
    rv = self.handle_user_exception(e)
         ^^^^^^^^^^^^^^^^^^^^^^^^^^^^^
  File "/home/qwamjoow/virtualenv/massenger.reservira.ir/3.11/lib/python3.11/site-packages/flask_cors/extension.py", line 178, in wrapped_function
    return cors_after_request(app.make_response(f(*args, **kwargs)))
                                                ^^^^^^^^^^^^^^^^^^
  File "/home/qwamjoow/virtualenv/massenger.reservira.ir/3.11/lib/python3.11/site-packages/flask/app.py", line 880, in full_dispatch_request
    rv = self.dispatch_request()
         ^^^^^^^^^^^^^^^^^^^^^^^
  File "/home/qwamjoow/virtualenv/massenger.reservira.ir/3.11/lib/python3.11/site-packages/flask/app.py", line 865, in dispatch_request
    return self.ensure_sync(self.view_functions[rule.endpoint])(**view_args)  # type: ignore[no-any-return]
           ^^^^^^^^^^^^^^^^^^^^^^^^^^^^^^^^^^^^^^^^^^^^^^^^^^^^^^^^^^^^^^^^^
  File "/home/qwamjoow/virtualenv/massenger.reservira.ir/3.11/lib/python3.11/site-packages/flask_jwt_extended/view_decorators.py", line 170, in decorator
    return current_app.ensure_sync(fn)(*args, **kwargs)
           ^^^^^^^^^^^^^^^^^^^^^^^^^^^^^^^^^^^^^^^^^^^^
  File "/home/qwamjoow/massenger.reservira.ir/app/api/messages.py", line 81, in get_messages
    dispatch_scheduled_messages(chat_id)
  File "/home/qwamjoow/massenger.reservira.ir/app/api/messages.py", line 53, in dispatch_scheduled_messages
    chat = db.session.get(Chat, msg.chat_id)
           ^^^^^^^^^^^^^^^^^^^^^^^^^^^^^^^^^
  File "/home/qwamjoow/virtualenv/massenger.reservira.ir/3.11/lib64/python3.11/site-packages/sqlalchemy/orm/scoping.py", line 1060, in get
    return self._proxied.get(
           ^^^^^^^^^^^^^^^^^^
  File "/home/qwamjoow/virtualenv/massenger.reservira.ir/3.11/lib64/python3.11/site-packages/sqlalchemy/orm/session.py", line 3693, in get
    return self._get_impl(
           ^^^^^^^^^^^^^^^
  File "/home/qwamjoow/virtualenv/massenger.reservira.ir/3.11/lib64/python3.11/site-packages/sqlalchemy/orm/session.py", line 3873, in _get_impl
    return db_load_fn(
           ^^^^^^^^^^^
  File "/home/qwamjoow/virtualenv/massenger.reservira.ir/3.11/lib64/python3.11/site-packages/sqlalchemy/orm/loading.py", line 694, in load_on_pk_identity
    session.execute(
  File "/home/qwamjoow/virtualenv/massenger.reservira.ir/3.11/lib64/python3.11/site-packages/sqlalchemy/orm/session.py", line 2362, in execute
    return self._execute_internal(
           ^^^^^^^^^^^^^^^^^^^^^^^
  File "/home/qwamjoow/virtualenv/massenger.reservira.ir/3.11/lib64/python3.11/site-packages/sqlalchemy/orm/session.py", line 2226, in _execute_internal
    ) = compile_state_cls.orm_pre_session_exec(
        ^^^^^^^^^^^^^^^^^^^^^^^^^^^^^^^^^^^^^^^
  File "/home/qwamjoow/virtualenv/massenger.reservira.ir/3.11/lib64/python3.11/site-packages/sqlalchemy/orm/context.py", line 561, in orm_pre_session_exec
    session._autoflush()
  File "/home/qwamjoow/virtualenv/massenger.reservira.ir/3.11/lib64/python3.11/site-packages/sqlalchemy/orm/session.py", line 3061, in _autoflush
    raise e.with_traceback(sys.exc_info()[2])
  File "/home/qwamjoow/virtualenv/massenger.reservira.ir/3.11/lib64/python3.11/site-packages/sqlalchemy/orm/session.py", line 3050, in _autoflush
    self.flush()
  File "/home/qwamjoow/virtualenv/massenger.reservira.ir/3.11/lib64/python3.11/site-packages/sqlalchemy/orm/session.py", line 4352, in flush
    self._flush(objects)
  File "/home/qwamjoow/virtualenv/massenger.reservira.ir/3.11/lib64/python3.11/site-packages/sqlalchemy/orm/session.py", line 4487, in _flush
    with util.safe_reraise():
  File "/home/qwamjoow/virtualenv/massenger.reservira.ir/3.11/lib64/python3.11/site-packages/sqlalchemy/util/langhelpers.py", line 146, in __exit__
    raise exc_value.with_traceback(exc_tb)
  File "/home/qwamjoow/virtualenv/massenger.reservira.ir/3.11/lib64/python3.11/site-packages/sqlalchemy/orm/session.py", line 4448, in _flush
    flush_context.execute()
  File "/home/qwamjoow/virtualenv/massenger.reservira.ir/3.11/lib64/python3.11/site-packages/sqlalchemy/orm/unitofwork.py", line 466, in execute
    rec.execute(self)
  File "/home/qwamjoow/virtualenv/massenger.reservira.ir/3.11/lib64/python3.11/site-packages/sqlalchemy/orm/unitofwork.py", line 642, in execute
    util.preloaded.orm_persistence.save_obj(
  File "/home/qwamjoow/virtualenv/massenger.reservira.ir/3.11/lib64/python3.11/site-packages/sqlalchemy/orm/persistence.py", line 93, in save_obj
    _emit_insert_statements(
  File "/home/qwamjoow/virtualenv/massenger.reservira.ir/3.11/lib64/python3.11/site-packages/sqlalchemy/orm/persistence.py", line 1233, in _emit_insert_statements
    result = connection.execute(
             ^^^^^^^^^^^^^^^^^^^
  File "/home/qwamjoow/virtualenv/massenger.reservira.ir/3.11/lib64/python3.11/site-packages/sqlalchemy/engine/base.py", line 1418, in execute
    return meth(
           ^^^^^
  File "/home/qwamjoow/virtualenv/massenger.reservira.ir/3.11/lib64/python3.11/site-packages/sqlalchemy/sql/elements.py", line 515, in _execute_on_connection
    return connection._execute_clauseelement(
           ^^^^^^^^^^^^^^^^^^^^^^^^^^^^^^^^^^
  File "/home/qwamjoow/virtualenv/massenger.reservira.ir/3.11/lib64/python3.11/site-packages/sqlalchemy/engine/base.py", line 1640, in _execute_clauseelement
    ret = self._execute_context(
          ^^^^^^^^^^^^^^^^^^^^^^
  File "/home/qwamjoow/virtualenv/massenger.reservira.ir/3.11/lib64/python3.11/site-packages/sqlalchemy/engine/base.py", line 1846, in _execute_context
    return self._exec_single_context(
           ^^^^^^^^^^^^^^^^^^^^^^^^^^
  File "/home/qwamjoow/virtualenv/massenger.reservira.ir/3.11/lib64/python3.11/site-packages/sqlalchemy/engine/base.py", line 1986, in _exec_single_context
    self._handle_dbapi_exception(
  File "/home/qwamjoow/virtualenv/massenger.reservira.ir/3.11/lib64/python3.11/site-packages/sqlalchemy/engine/base.py", line 2355, in _handle_dbapi_exception
    raise sqlalchemy_exception.with_traceback(exc_info[2]) from e
  File "/home/qwamjoow/virtualenv/massenger.reservira.ir/3.11/lib64/python3.11/site-packages/sqlalchemy/engine/base.py", line 1967, in _exec_single_context
    self.dialect.do_execute(
  File "/home/qwamjoow/virtualenv/massenger.reservira.ir/3.11/lib64/python3.11/site-packages/sqlalchemy/engine/default.py", line 941, in do_execute
    cursor.execute(statement, parameters)
  File "/home/qwamjoow/virtualenv/massenger.reservira.ir/3.11/lib/python3.11/site-packages/pymysql/cursors.py", line 153, in execute
    result = self._query(query)
             ^^^^^^^^^^^^^^^^^^
  File "/home/qwamjoow/virtualenv/massenger.reservira.ir/3.11/lib/python3.11/site-packages/pymysql/cursors.py", line 322, in _query
    conn.query(q)
  File "/home/qwamjoow/virtualenv/massenger.reservira.ir/3.11/lib/python3.11/site-packages/pymysql/connections.py", line 563, in query
    self._affected_rows = self._read_query_result(unbuffered=unbuffered)
                          ^^^^^^^^^^^^^^^^^^^^^^^^^^^^^^^^^^^^^^^^^^^^^^
  File "/home/qwamjoow/virtualenv/massenger.reservira.ir/3.11/lib/python3.11/site-packages/pymysql/connections.py", line 825, in _read_query_result
    result.read()
  File "/home/qwamjoow/virtualenv/massenger.reservira.ir/3.11/lib/python3.11/site-packages/pymysql/connections.py", line 1199, in read
    first_packet = self.connection._read_packet()
                   ^^^^^^^^^^^^^^^^^^^^^^^^^^^^^^
  File "/home/qwamjoow/virtualenv/massenger.reservira.ir/3.11/lib/python3.11/site-packages/pymysql/connections.py", line 775, in _read_packet
    packet.raise_for_error()
  File "/home/qwamjoow/virtualenv/massenger.reservira.ir/3.11/lib/python3.11/site-packages/pymysql/protocol.py", line 219, in raise_for_error
    err.raise_mysql_exception(self._data)
  File "/home/qwamjoow/virtualenv/massenger.reservira.ir/3.11/lib/python3.11/site-packages/pymysql/err.py", line 150, in raise_mysql_exception
    raise errorclass(errno, errval)
sqlalchemy.exc.IntegrityError: (raised as a result of Query-invoked autoflush; consider using a session.no_autoflush block if this flush is occurring prematurely)
(pymysql.err.IntegrityError) (1062, "Duplicate entry 'b81c581d-9ecf-4a6c-be59-7ae2e255f3d3-3c87f76e-4ba0-470b-8849-317' for key 'message_statuses.uq_message_status'")
[SQL: INSERT INTO message_statuses (id, message_id, user_id, status, delivered_at, read_at, created_at) VALUES (%(id)s, %(message_id)s, %(user_id)s, %(status)s, %(delivered_at)s, %(read_at)s, %(created_at)s)]
[parameters: {'id': 'e09d1501-1a84-4f10-b67a-aba2cb416466', 'message_id': 'b81c581d-9ecf-4a6c-be59-7ae2e255f3d3', 'user_id': '3c87f76e-4ba0-470b-8849-31739d6280ab', 'status': 'delivered', 'delivered_at': datetime.datetime(2026, 9, 14, 9, 16, 31, 178810), 'read_at': None, 'created_at': datetime.datetime(2026, 9, 14, 9, 16, 31, 184250)}]
(Background on this error at: https://sqlalche.me/e/20/gkpj)
